=== Secure Multi-Threaded UDP Packet Processor ===
[Server] Shared memory initialized
[Server] UDP socket bound to port 8080
[Worker 1] Started
[Worker 2] Started
[Worker 3] Started
[Worker 4] Started
[Listener] Started on port 8080
[2026-02-08T20:02:17.536Z] [Worker] Invalid magic word: 0xdeadbee0
[2026-02-08T20:02:17.539Z] [Worker] Packet size mismatch. Expected: 112, received: 62
[2026-02-08T20:02:17.545Z] [Worker] Checksum mismatch. Expected: 25142, calculated: 25141
[2026-02-08T20:02:17.551Z] [Worker] Packet size mismatch. Expected: 4097, received: 4096
[2026-02-08T20:02:17.583Z] [Worker] Invalid magic word: 0xdeadbee0
[2026-02-08T20:02:17.594Z] [Worker] Packet size mismatch. Expected: 112, received: 62
[2026-02-08T20:02:17.596Z] [Worker] Packet size mismatch. Expected: 112, received: 62
[2026-02-08T20:02:17.611Z] [Worker] Packet size mismatch. Expected: 4097, received: 4096
[2026-02-08T20:02:17.622Z] [Worker] Packet size mismatch. Expected: 112, received: 62
[2026-02-08T20:02:17.632Z] [Worker] Checksum mismatch. Expected: 25281, calculated: 25280
[2026-02-08T20:02:17.648Z] [Worker] Packet size mismatch. Expected: 4097, received: 4096
[2026-02-08T20:02:17.649Z] [Worker] Checksum mismatch. Expected: 25309, calculated: 25308
[2026-02-08T20:02:17.665Z] [Worker] Packet size mismatch. Expected: 112, received: 62
[2026-02-08T20:02:17.669Z] [Worker] Packet too small: 6 bytes (min: 12)
[2026-02-08T20:02:17.688Z] [Worker] Checksum mismatch. Expected: 25372, calculated: 25371
[2026-02-08T20:02:17.697Z] [Worker] Packet size mismatch. Expected: 112, received: 62
[2026-02-08T20:02:17.706Z] [Worker] Packet size mismatch. Expected: 4097, received: 4096
[2026-02-08T20:02:17.716Z] [Worker] Packet size mismatch. Expected: 112, received: 62
[2026-02-08T20:02:17.717Z] [Worker] Packet too small: 6 bytes (min: 12)
[2026-02-08T20:02:17.719Z] [Worker] Checksum mismatch. Expected: 25167, calculated: 25166
[2026-02-08T20:02:17.724Z] [Worker] Packet too small: 6 bytes (min: 12)
[2026-02-08T20:02:17.780Z] [Worker] Packet size mismatch. Expected: 112, received: 62
[2026-02-08T20:02:17.819Z] [Worker] Packet size mismatch. Expected: 112, received: 62
[2026-02-08T20:02:17.826Z] [Worker] Packet size mismatch. Expected: 112, received: 62
[2026-02-08T20:02:17.855Z] [Worker] Invalid magic word: 0xdeadbee0
[2026-02-08T20:02:17.857Z] [Worker] Packet size mismatch. Expected: 4097, received: 4096
[2026-02-08T20:02:17.862Z] [Worker] Checksum mismatch. Expected: 25139, calculated: 25138
[2026-02-08T20:02:17.901Z] [Worker] Checksum mismatch. Expected: 25203, calculated: 25202
[2026-02-08T20:02:17.926Z] [Worker] Packet size mismatch. Expected: 112, received: 62
[2026-02-08T20:02:17.937Z] [Worker] Checksum mismatch. Expected: 25263, calculated: 25262
[2026-02-08T20:02:17.941Z] [Worker] Checksum mismatch. Expected: 25269, calculated: 25268
[2026-02-08T20:02:17.949Z] [Worker] Packet size mismatch. Expected: 112, received: 62
[2026-02-08T20:02:17.952Z] [Worker] Invalid magic word: 0xdeadbee0
[2026-02-08T20:02:17.953Z] [Worker] Packet size mismatch. Expected: 4097, received: 4096
[2026-02-08T20:02:17.981Z] [Worker] Packet size mismatch. Expected: 4097, received: 4096
[2026-02-08T20:02:17.986Z] [Worker] Packet size mismatch. Expected: 112, received: 62
[2026-02-08T20:02:18.009Z] [Worker] Packet size mismatch. Expected: 4097, received: 4096
[2026-02-08T20:02:18.024Z] [Worker] Invalid magic word: 0xdeadbee0
[2026-02-08T20:02:18.030Z] [Worker] Packet size mismatch. Expected: 112, received: 62
[2026-02-08T20:02:18.030Z] [Worker] Invalid magic word: 0xdeadbee0
[2026-02-08T20:02:18.046Z] [Worker] Packet too small: 6 bytes (min: 12)
[2026-02-08T20:02:18.054Z] [Worker] Invalid magic word: 0xdeadbee0
[2026-02-08T20:02:18.084Z] [Worker] Invalid magic word: 0xdeadbee0
[2026-02-08T20:02:18.097Z] [Worker] Packet too small: 6 bytes (min: 12)
[2026-02-08T20:02:18.099Z] [Worker] Packet size mismatch. Expected: 112, received: 62
[2026-02-08T20:02:18.124Z] [Worker] Invalid magic word: 0xdeadbee0
[2026-02-08T20:02:18.134Z] [Worker] Packet size mismatch. Expected: 4097, received: 4096
[2026-02-08T20:02:18.140Z] [Worker] Invalid magic word: 0xdeadbee0
[2026-02-08T20:02:18.141Z] [Worker] Invalid magic word: 0xdeadbee0
[2026-02-08T20:02:18.146Z] [Worker] Packet too small: 6 bytes (min: 12)
[2026-02-08T20:02:18.152Z] [Worker] Checksum mismatch. Expected: 25358, calculated: 25357
[2026-02-08T20:02:18.152Z] [Worker] Invalid magic word: 0xdeadbee0
[2026-02-08T20:02:18.157Z] [Worker] Checksum mismatch. Expected: 25367, calculated: 25366
[2026-02-08T20:02:18.167Z] [Worker] Checksum mismatch. Expected: 25383, calculated: 25382
[2026-02-08T20:02:18.171Z] [Worker] Invalid magic word: 0xdeadbee0
[2026-02-08T20:02:18.184Z] [Worker] Packet too small: 6 bytes (min: 12)
[2026-02-08T20:02:18.234Z] [Worker] Packet too small: 6 bytes (min: 12)
[2026-02-08T20:02:18.238Z] [Worker] Invalid magic word: 0xdeadbee0
[2026-02-08T20:02:18.278Z] [Worker] Invalid magic word: 0xdeadbee0
[2026-02-08T20:02:18.294Z] [Worker] Packet size mismatch. Expected: 4097, received: 4096
[2026-02-08T20:02:18.297Z] [Worker] Checksum mismatch. Expected: 25338, calculated: 25337
[2026-02-08T20:02:18.311Z] [Worker] Packet size mismatch. Expected: 4097, received: 4096
[2026-02-08T20:02:18.329Z] [Worker] Invalid magic word: 0xdeadbee0
[2026-02-08T20:02:18.340Z] [Worker] Invalid magic word: 0xdeadbee0
[2026-02-08T20:02:18.343Z] [Worker] Packet size mismatch. Expected: 4097, received: 4096
[2026-02-08T20:02:18.361Z] [Worker] Checksum mismatch. Expected: 25188, calculated: 25187
[2026-02-08T20:02:18.371Z] [Worker] Packet size mismatch. Expected: 4097, received: 4096
[2026-02-08T20:02:18.385Z] [Worker] Invalid magic word: 0xdeadbee0
[2026-02-08T20:02:18.391Z] [Worker] Packet too small: 6 bytes (min: 12)
[2026-02-08T20:02:18.400Z] [Worker] Packet size mismatch. Expected: 4097, received: 4096
[2026-02-08T20:02:18.410Z] [Worker] Packet size mismatch. Expected: 112, received: 62
[2026-02-08T20:02:18.421Z] [Worker] Checksum mismatch. Expected: 25283, calculated: 25282
[2026-02-08T20:02:18.424Z] [Worker] Packet size mismatch. Expected: 4097, received: 4096
[2026-02-08T20:02:18.453Z] [Worker] Packet too small: 6 bytes (min: 12)
[2026-02-08T20:02:18.460Z] [Worker] Packet size mismatch. Expected: 4097, received: 4096
[2026-02-08T20:02:18.476Z] [Worker] Invalid magic word: 0xdeadbee0
[2026-02-08T20:02:18.480Z] [Worker] Invalid magic word: 0xdeadbee0
[2026-02-08T20:02:18.481Z] [Worker] Invalid magic word: 0xdeadbee0
[2026-02-08T20:02:18.502Z] [Worker] Invalid magic word: 0xdeadbee0
[2026-02-08T20:02:18.510Z] [Worker] Checksum mismatch. Expected: 25170, calculated: 25169
[2026-02-08T20:02:18.514Z] [Worker] Packet size mismatch. Expected: 112, received: 62
[2026-02-08T20:02:18.520Z] [Worker] Packet too small: 6 bytes (min: 12)
[2026-02-08T20:02:18.536Z] [Worker] Packet too small: 6 bytes (min: 12)
[2026-02-08T20:02:18.545Z] [Worker] Checksum mismatch. Expected: 25225, calculated: 25224
[2026-02-08T20:02:18.547Z] [Worker] Packet size mismatch. Expected: 112, received: 62
[2026-02-08T20:02:18.556Z] [Worker] Packet size mismatch. Expected: 4097, received: 4096
[2026-02-08T20:02:18.557Z] [Worker] Packet too small: 6 bytes (min: 12)
[2026-02-08T20:02:18.562Z] [Worker] Packet size mismatch. Expected: 4097, received: 4096
[2026-02-08T20:02:18.569Z] [Worker] Checksum mismatch. Expected: 25262, calculated: 25261
[2026-02-08T20:02:18.572Z] [Worker] Checksum mismatch. Expected: 25267, calculated: 25266
[2026-02-08T20:02:18.589Z] [Worker] Packet size mismatch. Expected: 4097, received: 4096
[2026-02-08T20:02:18.617Z] [Worker] Checksum mismatch. Expected: 25338, calculated: 25337
[2026-02-08T20:02:18.656Z] [Worker] Packet size mismatch. Expected: 4097, received: 4096
[2026-02-08T20:02:18.656Z] [Worker] Checksum mismatch. Expected: 25144, calculated: 25143
[2026-02-08T20:02:18.664Z] [Worker] Packet size mismatch. Expected: 112, received: 62
[2026-02-08T20:02:18.671Z] [Worker] Packet size mismatch. Expected: 112, received: 62
[2026-02-08T20:02:18.682Z] [Worker] Packet size mismatch. Expected: 112, received: 62
[2026-02-08T20:02:18.686Z] [Worker] Packet size mismatch. Expected: 112, received: 62
[2026-02-08T20:02:18.719Z] [Worker] Packet size mismatch. Expected: 112, received: 62
[2026-02-08T20:02:18.728Z] [Worker] Packet size mismatch. Expected: 112, received: 62
[2026-02-08T20:02:18.741Z] [Worker] Packet too small: 6 bytes (min: 12)
[2026-02-08T20:02:18.771Z] [Worker] Checksum mismatch. Expected: 25322, calculated: 25321
[2026-02-08T20:02:18.799Z] [Worker] Invalid magic word: 0xdeadbee0
[2026-02-08T20:02:18.807Z] [Worker] Packet size mismatch. Expected: 4097, received: 4096
[2026-02-08T20:02:18.827Z] [Worker] Packet too small: 6 bytes (min: 12)
[2026-02-08T20:02:18.864Z] [Worker] Checksum mismatch. Expected: 25209, calculated: 25208
[2026-02-08T20:02:18.874Z] [Worker] Packet size mismatch. Expected: 112, received: 62
[2026-02-08T20:02:18.875Z] [Worker] Packet too small: 6 bytes (min: 12)
[2026-02-08T20:02:18.879Z] [Worker] Checksum mismatch. Expected: 25233, calculated: 25232
[2026-02-08T20:02:18.880Z] [Worker] Packet size mismatch. Expected: 112, received: 62
[2026-02-08T20:02:18.918Z] [Worker] Packet size mismatch. Expected: 4097, received: 4096
[2026-02-08T20:02:18.972Z] [Worker] Checksum mismatch. Expected: 25380, calculated: 25379
[2026-02-08T20:02:18.975Z] [Worker] Packet size mismatch. Expected: 4097, received: 4096
[2026-02-08T20:02:18.982Z] [Worker] Packet too small: 6 bytes (min: 12)
[2026-02-08T20:02:18.983Z] [Worker] Packet too small: 6 bytes (min: 12)
[2026-02-08T20:02:18.990Z] [Worker] Invalid magic word: 0xdeadbee0
[2026-02-08T20:02:19.020Z] [Worker] Packet size mismatch. Expected: 112, received: 62
[2026-02-08T20:02:19.033Z] [Worker] Packet size mismatch. Expected: 112, received: 62
[2026-02-08T20:02:19.041Z] [Worker] Invalid magic word: 0xdeadbee0
[2026-02-08T20:02:19.050Z] [Worker] Packet size mismatch. Expected: 112, received: 62
[2026-02-08T20:02:19.051Z] [Worker] Checksum mismatch. Expected: 25250, calculated: 25249
[2026-02-08T20:02:19.057Z] [Worker] Packet size mismatch. Expected: 112, received: 62
[2026-02-08T20:02:19.069Z] [Worker] Invalid magic word: 0xdeadbee0
[2026-02-08T20:02:19.074Z] [Worker] Checksum mismatch. Expected: 25286, calculated: 25285
[2026-02-08T20:02:19.096Z] [Worker] Packet too small: 6 bytes (min: 12)
[2026-02-08T20:02:19.117Z] [Worker] Packet size mismatch. Expected: 112, received: 62
[2026-02-08T20:02:19.121Z] [Worker] Invalid magic word: 0xdeadbee0
[2026-02-08T20:02:19.122Z] [Worker] Checksum mismatch. Expected: 25356, calculated: 25355
[2026-02-08T20:02:19.150Z] [Worker] Packet too small: 6 bytes (min: 12)
[2026-02-08T20:02:19.155Z] [Worker] Checksum mismatch. Expected: 25152, calculated: 25151
[2026-02-08T20:02:19.161Z] [Worker] Invalid magic word: 0xdeadbee0
[2026-02-08T20:02:19.168Z] [Worker] Checksum mismatch. Expected: 25172, calculated: 25171
[2026-02-08T20:02:19.174Z] [Worker] Invalid magic word: 0xdeadbee0
[2026-02-08T20:02:19.184Z] [Worker] Packet size mismatch. Expected: 4097, received: 4096
[2026-02-08T20:02:19.194Z] [Worker] Packet too small: 6 bytes (min: 12)
[2026-02-08T20:02:19.204Z] [Worker] Packet size mismatch. Expected: 112, received: 62
[2026-02-08T20:02:19.210Z] [Worker] Packet too small: 6 bytes (min: 12)
[2026-02-08T20:02:19.212Z] [Worker] Checksum mismatch. Expected: 25242, calculated: 25241
[2026-02-08T20:02:19.228Z] [Worker] Packet size mismatch. Expected: 112, received: 62
[2026-02-08T20:02:19.231Z] [Worker] Packet size mismatch. Expected: 4097, received: 4096
[2026-02-08T20:02:19.239Z] [Worker] Packet too small: 6 bytes (min: 12)[2026-02-08T20:02:19.239Z] [Worker] Packet size mismatch. Expected: 4097, received: 4096

[2026-02-08T20:02:19.256Z] [Worker] Packet size mismatch. Expected: 112, received: 62
[2026-02-08T20:02:19.258Z] [Worker] Checksum mismatch. Expected: 25314, calculated: 25313
[2026-02-08T20:02:19.311Z] [Worker] Checksum mismatch. Expected: 25145, calculated: 25144
[2026-02-08T20:02:19.312Z] [Worker] Packet too small: 6 bytes (min: 12)
[2026-02-08T20:02:19.317Z] [Worker] Invalid magic word: 0xdeadbee0
[2026-02-08T20:02:19.332Z] [Worker] Checksum mismatch. Expected: 25178, calculated: 25177
[2026-02-08T20:02:19.340Z] [Worker] Packet size mismatch. Expected: 4097, received: 4096
[2026-02-08T20:02:19.363Z] [Worker] Checksum mismatch. Expected: 25226, calculated: 25225
[2026-02-08T20:02:19.374Z] [Worker] Packet too small: 6 bytes (min: 12)
[2026-02-08T20:02:19.376Z] [Worker] Invalid magic word: 0xdeadbee0
[2026-02-08T20:02:19.377Z] [Worker] Packet size mismatch. Expected: 4097, received: 4096
[2026-02-08T20:02:19.379Z] [Worker] Packet too small: 6 bytes (min: 12)
[2026-02-08T20:02:19.396Z] [Worker] Packet size mismatch. Expected: 4097, received: 4096
[2026-02-08T20:02:19.397Z] [Worker] Packet size mismatch. Expected: 112, received: 62
[2026-02-08T20:02:19.408Z] [Worker] Packet size mismatch. Expected: 4097, received: 4096
[2026-02-08T20:02:19.436Z] [Worker] Checksum mismatch. Expected: 25342, calculated: 25341
[2026-02-08T20:02:19.438Z] [Worker] Checksum mismatch. Expected: 25347, calculated: 25346
[2026-02-08T20:02:19.440Z] [Worker] Packet too small: 6 bytes (min: 12)
[2026-02-08T20:02:19.447Z] [Worker] Invalid magic word: 0xdeadbee0
[2026-02-08T20:02:19.448Z] [Worker] Packet too small: 6 bytes (min: 12)
[2026-02-08T20:02:19.454Z] [Worker] Packet size mismatch. Expected: 4097, received: 4096
[2026-02-08T20:02:19.489Z] [Worker] Packet too small: 6 bytes (min: 12)
[2026-02-08T20:02:19.504Z] [Worker] Checksum mismatch. Expected: 25195, calculated: 25194
[2026-02-08T20:02:19.507Z] [Worker] Checksum mismatch. Expected: 25202, calculated: 25201
[2026-02-08T20:02:19.519Z] [Worker] Packet size mismatch. Expected: 112, received: 62
[2026-02-08T20:02:19.522Z] [Worker] Packet size mismatch. Expected: 4097, received: 4096
[2026-02-08T20:02:19.560Z] [Worker] Packet too small: 6 bytes (min: 12)
[2026-02-08T20:02:19.571Z] [Worker] Packet too small: 6 bytes (min: 12)
[2026-02-08T20:02:19.579Z] [Worker] Packet too small: 6 bytes (min: 12)
[2026-02-08T20:02:19.585Z] [Worker] Packet size mismatch. Expected: 112, received: 62
[2026-02-08T20:02:19.607Z] [Worker] Packet size mismatch. Expected: 4097, received: 4096
[2026-02-08T20:02:19.639Z] [Worker] Invalid magic word: 0xdeadbee0
[2026-02-08T20:02:19.667Z] [Worker] Packet size mismatch. Expected: 112, received: 62
[2026-02-08T20:02:19.675Z] [Worker] Packet size mismatch. Expected: 4097, received: 4096
[2026-02-08T20:02:19.689Z] [Worker] Packet size mismatch. Expected: 112, received: 62
[2026-02-08T20:02:19.713Z] [Worker] Packet size mismatch. Expected: 112, received: 62
[2026-02-08T20:02:19.730Z] [Worker] Packet size mismatch. Expected: 112, received: 62
[2026-02-08T20:02:19.736Z] [Worker] Packet too small: 6 bytes (min: 12)
[2026-02-08T20:02:19.766Z] [Worker] Packet size mismatch. Expected: 112, received: 62
[2026-02-08T20:02:19.803Z] [Worker] Packet size mismatch. Expected: 112, received: 62
[2026-02-08T20:02:19.817Z] [Worker] Invalid magic word: 0xdeadbee0
[2026-02-08T20:02:19.827Z] [Worker] Packet too small: 6 bytes (min: 12)
[2026-02-08T20:02:19.830Z] [Worker] Checksum mismatch. Expected: 25207, calculated: 25206
[2026-02-08T20:02:19.836Z] [Worker] Packet size mismatch. Expected: 112, received: 62
[2026-02-08T20:02:19.848Z] [Worker] Invalid magic word: 0xdeadbee0
[2026-02-08T20:02:19.853Z] [Worker] Invalid magic word: 0xdeadbee0
[2026-02-08T20:02:19.862Z] [Worker] Packet size mismatch. Expected: 4097, received: 4096
[2026-02-08T20:02:19.878Z] [Worker] Packet size mismatch. Expected: 4097, received: 4096
[2026-02-08T20:02:19.931Z] [Worker] Packet too small: 6 bytes (min: 12)
[2026-02-08T20:02:19.931Z] [Worker] Packet size mismatch. Expected: 112, received: 62
[2026-02-08T20:02:19.947Z] [Worker] Packet size mismatch. Expected: 4097, received: 4096
[2026-02-08T20:02:19.948Z] [Worker] Checksum mismatch. Expected: 25140, calculated: 25139
[2026-02-08T20:02:19.979Z] [Worker] Packet too small: 6 bytes (min: 12)
[2026-02-08T20:02:19.984Z] [Worker] Packet size mismatch. Expected: 112, received: 62
[2026-02-08T20:02:19.986Z] [Worker] Checksum mismatch. Expected: 25202, calculated: 25201
[2026-02-08T20:02:19.988Z] [Worker] Packet size mismatch. Expected: 112, received: 62
[2026-02-08T20:02:19.994Z] [Worker] Invalid magic word: 0xdeadbee0
[2026-02-08T20:02:20.001Z] [Worker] Invalid magic word: 0xdeadbee0
[2026-02-08T20:02:20.011Z] [Worker] Packet size mismatch. Expected: 112, received: 62
[2026-02-08T20:02:20.012Z] [Worker] Packet size mismatch. Expected: 112, received: 62
[2026-02-08T20:02:20.012Z] [Worker] Packet too small: 6 bytes (min: 12)
[2026-02-08T20:02:20.035Z] [Worker] Checksum mismatch. Expected: 25279, calculated: 25278
[2026-02-08T20:02:20.036Z] [Worker] Packet too small: 6 bytes (min: 12)
[2026-02-08T20:02:20.043Z] [Worker] Packet too small: 6 bytes (min: 12)
[2026-02-08T20:02:20.047Z] [Worker] Packet size mismatch. Expected: 4097, received: 4096
[2026-02-08T20:02:20.054Z] [Worker] Checksum mismatch. Expected: 25308, calculated: 25307
[2026-02-08T20:02:20.055Z] [Worker] Packet size mismatch. Expected: 4097, received: 4096
[2026-02-08T20:02:20.057Z] [Worker] Packet size mismatch. Expected: 112, received: 62
[2026-02-08T20:02:20.088Z] [Worker] Packet too small: 6 bytes (min: 12)
[2026-02-08T20:02:20.096Z] [Worker] Packet size mismatch. Expected: 112, received: 62
[2026-02-08T20:02:20.116Z] [Worker] Packet size mismatch. Expected: 4097, received: 4096
[2026-02-08T20:02:20.117Z] [Worker] Packet too small: 6 bytes (min: 12)
[2026-02-08T20:02:20.130Z] [Worker] Invalid magic word: 0xdeadbee0
[2026-02-08T20:02:20.137Z] [Worker] Packet size mismatch. Expected: 112, received: 62
[2026-02-08T20:02:20.144Z] [Worker] Invalid magic word: 0xdeadbee0
[2026-02-08T20:02:20.148Z] [Worker] Invalid magic word: 0xdeadbee0
[2026-02-08T20:02:20.155Z] [Worker] Checksum mismatch. Expected: 25216, calculated: 25215
[2026-02-08T20:02:20.159Z] [Worker] Invalid magic word: 0xdeadbee0
[2026-02-08T20:02:20.174Z] [Worker] Packet size mismatch. Expected: 112, received: 62
[2026-02-08T20:02:20.188Z] [Worker] Packet size mismatch. Expected: 4097, received: 4096
[2026-02-08T20:02:20.191Z] [Worker] Packet size mismatch. Expected: 112, received: 62
[2026-02-08T20:02:20.198Z] [Worker] Invalid magic word: 0xdeadbee0
[2026-02-08T20:02:20.213Z] [Worker] Packet size mismatch. Expected: 4097, received: 4096
[2026-02-08T20:02:20.263Z] [Worker] Invalid magic word: 0xdeadbee0
[2026-02-08T20:02:20.291Z] [Worker] Packet size mismatch. Expected: 112, received: 62
[2026-02-08T20:02:20.299Z] [Worker] Packet size mismatch. Expected: 4097, received: 4096
[2026-02-08T20:02:20.323Z] [Worker] Packet size mismatch. Expected: 4097, received: 4096
[2026-02-08T20:02:20.328Z] [Worker] Packet size mismatch. Expected: 112, received: 62
[2026-02-08T20:02:20.330Z] [Worker] Packet size mismatch. Expected: 112, received: 62
[2026-02-08T20:02:20.351Z] [Worker] Packet size mismatch. Expected: 4097, received: 4096
[2026-02-08T20:02:20.364Z] [Worker] Packet size mismatch. Expected: 4097, received: 4096
[2026-02-08T20:02:20.370Z] [Worker] Checksum mismatch. Expected: 25301, calculated: 25300
[2026-02-08T20:02:20.381Z] [Worker] Packet too small: 6 bytes (min: 12)
[2026-02-08T20:02:20.386Z] [Worker] Packet size mismatch. Expected: 112, received: 62
[2026-02-08T20:02:20.391Z] [Worker] Packet size mismatch. Expected: 112, received: 62
[2026-02-08T20:02:20.445Z] [Worker] Packet size mismatch. Expected: 112, received: 62
[2026-02-08T20:02:20.469Z] [Worker] Packet size mismatch. Expected: 112, received: 62
[2026-02-08T20:02:20.470Z] [Worker] Packet size mismatch. Expected: 112, received: 62
[2026-02-08T20:02:20.480Z] [Worker] Packet too small: 6 bytes (min: 12)
[2026-02-08T20:02:20.484Z] [Worker] Packet too small: 6 bytes (min: 12)
[2026-02-08T20:02:20.486Z] [Worker] Packet size mismatch. Expected: 112, received: 62
[2026-02-08T20:02:20.494Z] [Worker] Packet size mismatch. Expected: 4097, received: 4096
[2026-02-08T20:02:20.495Z] [Worker] Packet too small: 6 bytes (min: 12)
[2026-02-08T20:02:20.514Z] [Worker] Packet too small: 6 bytes (min: 12)
[2026-02-08T20:02:20.518Z] [Worker] Packet size mismatch. Expected: 112, received: 62
[2026-02-08T20:02:20.564Z] [Worker] Packet too small: 6 bytes (min: 12)
[2026-02-08T20:02:20.569Z] [Worker] Packet too small: 6 bytes (min: 12)
[2026-02-08T20:02:20.623Z] [Worker] Packet size mismatch. Expected: 112, received: 62
[2026-02-08T20:02:20.669Z] [Worker] Packet size mismatch. Expected: 112, received: 62
[2026-02-08T20:02:20.674Z] [Worker] Packet size mismatch. Expected: 4097, received: 4096
[2026-02-08T20:02:20.675Z] [Worker] Packet too small: 6 bytes (min: 12)
[2026-02-08T20:02:20.680Z] [Worker] Checksum mismatch. Expected: 25289, calculated: 25288
[2026-02-08T20:02:20.686Z] [Worker] Packet too small: 6 bytes (min: 12)
[2026-02-08T20:02:20.688Z] [Worker] Packet too small: 6 bytes (min: 12)
[2026-02-08T20:02:20.694Z] [Worker] Packet size mismatch. Expected: 4097, received: 4096
[2026-02-08T20:02:20.713Z] [Worker] Packet too small: 6 bytes (min: 12)
[2026-02-08T20:02:20.732Z] [Worker] Packet size mismatch. Expected: 4097, received: 4096
[2026-02-08T20:02:20.736Z] [Worker] Packet size mismatch. Expected: 112, received: 62
[2026-02-08T20:02:20.779Z] [Worker] Invalid magic word: 0xdeadbee0
[2026-02-08T20:02:20.796Z] [Worker] Invalid magic word: 0xdeadbee0
[2026-02-08T20:02:20.803Z] [Worker] Invalid magic word: 0xdeadbee0
[2026-02-08T20:02:20.807Z] [Worker] Packet too small: 6 bytes (min: 12)
[2026-02-08T20:02:20.825Z] [Worker] Invalid magic word: 0xdeadbee0
[2026-02-08T20:02:20.834Z] [Worker] Packet size mismatch. Expected: 4097, received: 4096
[2026-02-08T20:02:20.853Z] [Worker] Invalid magic word: 0xdeadbee0
[2026-02-08T20:02:20.856Z] [Worker] Checksum mismatch. Expected: 25310, calculated: 25309
[2026-02-08T20:02:20.887Z] [Worker] Checksum mismatch. Expected: 25359, calculated: 25358
[2026-02-08T20:02:20.894Z] [Worker] Checksum mismatch. Expected: 25371, calculated: 25370
[2026-02-08T20:02:20.901Z] [Worker] Packet too small: 6 bytes (min: 12)
[2026-02-08T20:02:20.923Z] [Worker] Invalid magic word: 0xdeadbee0
[2026-02-08T20:02:20.928Z] [Worker] Invalid magic word: 0xdeadbee0
[2026-02-08T20:02:20.942Z] [Worker] Checksum mismatch. Expected: 25193, calculated: 25192
[2026-02-08T20:02:20.950Z] [Worker] Packet size mismatch. Expected: 4097, received: 4096
[2026-02-08T20:02:20.952Z] [Worker] Packet too small: 6 bytes (min: 12)
[2026-02-08T20:02:21.005Z] [Worker] Packet size mismatch. Expected: 112, received: 62
[2026-02-08T20:02:21.024Z] [Worker] Packet too small: 6 bytes (min: 12)
[2026-02-08T20:02:21.083Z] [Worker] Checksum mismatch. Expected: 25163, calculated: 25162
[2026-02-08T20:02:21.151Z] [Worker] Packet size mismatch. Expected: 112, received: 62
[2026-02-08T20:02:21.164Z] [Worker] Packet size mismatch. Expected: 4097, received: 4096
[2026-02-08T20:02:21.179Z] [Worker] Invalid magic word: 0xdeadbee0
[2026-02-08T20:02:21.189Z] [Worker] Checksum mismatch. Expected: 25332, calculated: 25331
[2026-02-08T20:02:21.230Z] [Worker] Packet size mismatch. Expected: 112, received: 62
[2026-02-08T20:02:21.230Z] [Worker] Packet too small: 6 bytes (min: 12)
[2026-02-08T20:02:21.241Z] [Worker] Packet too small: 6 bytes (min: 12)
[2026-02-08T20:02:21.252Z] [Worker] Packet size mismatch. Expected: 4097, received: 4096
[2026-02-08T20:02:21.273Z] [Worker] Packet size mismatch. Expected: 4097, received: 4096
[2026-02-08T20:02:21.286Z] [Worker] Packet too small: 6 bytes (min: 12)
[2026-02-08T20:02:21.290Z] [Worker] Checksum mismatch. Expected: 25237, calculated: 25236
[2026-02-08T20:02:21.299Z] [Worker] Packet size mismatch. Expected: 4097, received: 4096
[2026-02-08T20:02:21.317Z] [Worker] Invalid magic word: 0xdeadbee0
[2026-02-08T20:02:21.318Z] [Worker] Checksum mismatch. Expected: 25283, calculated: 25282
[2026-02-08T20:02:21.320Z] [Worker] Checksum mismatch. Expected: 25286, calculated: 25285
[2026-02-08T20:02:21.354Z] [Worker] Checksum mismatch. Expected: 25342, calculated: 25341
[2026-02-08T20:02:21.369Z] [Worker] Packet size mismatch. Expected: 4097, received: 4096
[2026-02-08T20:02:21.378Z] [Worker] Packet size mismatch. Expected: 112, received: 62
[2026-02-08T20:02:21.386Z] [Worker] Invalid magic word: 0xdeadbee0
[2026-02-08T20:02:21.398Z] [Worker] Packet size mismatch. Expected: 112, received: 62
[2026-02-08T20:02:21.400Z] [Worker] Packet too small: 6 bytes (min: 12)
[2026-02-08T20:02:21.404Z] [Worker] Invalid magic word: 0xdeadbee0
[2026-02-08T20:02:21.407Z] [Worker] Packet size mismatch. Expected: 112, received: 62
[2026-02-08T20:02:21.422Z] [Worker] Checksum mismatch. Expected: 25196, calculated: 25195
[2026-02-08T20:02:21.433Z] [Worker] Packet size mismatch. Expected: 4097, received: 4096
[2026-02-08T20:02:21.461Z] [Worker] Packet size mismatch. Expected: 112, received: 62
[2026-02-08T20:02:21.474Z] [Worker] Packet size mismatch. Expected: 4097, received: 4096
[2026-02-08T20:02:21.476Z] [Worker] Invalid magic word: 0xdeadbee0
[2026-02-08T20:02:21.493Z] [Worker] Packet size mismatch. Expected: 112, received: 62
[2026-02-08T20:02:21.503Z] [Worker] Packet too small: 6 bytes (min: 12)
[2026-02-08T20:02:21.526Z] [Worker] Packet too small: 6 bytes (min: 12)
[2026-02-08T20:02:21.541Z] [Worker] Invalid magic word: 0xdeadbee0
[2026-02-08T20:02:21.562Z] [Worker] Checksum mismatch. Expected: 25164, calculated: 25163
[2026-02-08T20:02:21.563Z] [Worker] Invalid magic word: 0xdeadbee0
[2026-02-08T20:02:21.568Z] [Worker] Checksum mismatch. Expected: 25175, calculated: 25174
[2026-02-08T20:02:21.572Z] [Worker] Checksum mismatch. Expected: 25181, calculated: 25180
[2026-02-08T20:02:21.574Z] [Worker] Packet size mismatch. Expected: 4097, received: 4096
[2026-02-08T20:02:21.596Z] [Worker] Packet too small: 6 bytes (min: 12)
[2026-02-08T20:02:21.605Z] [Worker] Packet size mismatch. Expected: 112, received: 62
[2026-02-08T20:02:21.636Z] [Worker] Packet size mismatch. Expected: 112, received: 62
[2026-02-08T20:02:21.647Z] [Worker] Invalid magic word: 0xdeadbee0
[2026-02-08T20:02:21.651Z] [Worker] Packet too small: 6 bytes (min: 12)
[2026-02-08T20:02:21.680Z] [Worker] Packet size mismatch. Expected: 4097, received: 4096
[2026-02-08T20:02:21.695Z] [Worker] Invalid magic word: 0xdeadbee0
[2026-02-08T20:02:21.707Z] [Worker] Packet too small: 6 bytes (min: 12)
[2026-02-08T20:02:21.720Z] [Worker] Packet size mismatch. Expected: 4097, received: 4096
[2026-02-08T20:02:21.720Z] [Worker] Packet too small: 6 bytes (min: 12)
[2026-02-08T20:02:21.736Z] [Worker] Checksum mismatch. Expected: 25189, calculated: 25188
[2026-02-08T20:02:21.754Z] [Worker] Packet too small: 6 bytes (min: 12)
[2026-02-08T20:02:21.758Z] [Worker] Packet too small: 6 bytes (min: 12)
[2026-02-08T20:02:21.766Z] [Worker] Checksum mismatch. Expected: 25237, calculated: 25236
[2026-02-08T20:02:21.792Z] [Worker] Packet size mismatch. Expected: 4097, received: 4096
[2026-02-08T20:02:21.803Z] [Worker] Packet size mismatch. Expected: 4097, received: 4096
[2026-02-08T20:02:21.823Z] [Worker] Packet size mismatch. Expected: 112, received: 62
[2026-02-08T20:02:21.842Z] [Worker] Packet size mismatch. Expected: 4097, received: 4096
[2026-02-08T20:02:21.856Z] [Worker] Packet size mismatch. Expected: 112, received: 62
[2026-02-08T20:02:21.860Z] [Worker] Invalid magic word: 0xdeadbee0
[2026-02-08T20:02:21.867Z] [Worker] Packet too small: 6 bytes (min: 12)
[2026-02-08T20:02:21.877Z] [Worker] Invalid magic word: 0xdeadbee0
[2026-02-08T20:02:21.882Z] [Worker] Packet too small: 6 bytes (min: 12)
[2026-02-08T20:02:21.883Z] [Worker] Checksum mismatch. Expected: 25170, calculated: 25169
[2026-02-08T20:02:21.897Z] [Worker] Invalid magic word: 0xdeadbee0
[2026-02-08T20:02:21.910Z] [Worker] Invalid magic word: 0xdeadbee0
[2026-02-08T20:02:21.914Z] [Worker] Packet size mismatch. Expected: 112, received: 62
[2026-02-08T20:02:21.916Z] [Worker] Packet size mismatch. Expected: 4097, received: 4096
[2026-02-08T20:02:21.918Z] [Worker] Invalid magic word: 0xdeadbee0
[2026-02-08T20:02:21.937Z] [Worker] Checksum mismatch. Expected: 25256, calculated: 25255
[2026-02-08T20:02:21.953Z] [Worker] Packet size mismatch. Expected: 112, received: 62
[2026-02-08T20:02:21.964Z] [Worker] Packet too small: 6 bytes (min: 12)
[2026-02-08T20:02:21.965Z] [Worker] Packet size mismatch. Expected: 4097, received: 4096
[2026-02-08T20:02:21.968Z] [Worker] Packet size mismatch. Expected: 112, received: 62
[2026-02-08T20:02:21.971Z] [Worker] Packet too small: 6 bytes (min: 12)
[2026-02-08T20:02:21.981Z] [Worker] Checksum mismatch. Expected: 25328, calculated: 25327
[2026-02-08T20:02:22.002Z] [Worker] Invalid magic word: 0xdeadbee0
[2026-02-08T20:02:22.018Z] [Worker] Packet size mismatch. Expected: 4097, received: 4096
[2026-02-08T20:02:22.040Z] [Worker] Checksum mismatch. Expected: 25166, calculated: 25165
[2026-02-08T20:02:22.053Z] [Worker] Invalid magic word: 0xdeadbee0
[2026-02-08T20:02:22.080Z] [Worker] Packet size mismatch. Expected: 4097, received: 4096
[2026-02-08T20:02:22.093Z] [Worker] Packet size mismatch. Expected: 4097, received: 4096
[2026-02-08T20:02:22.101Z] [Worker] Packet size mismatch. Expected: 4097, received: 4096
[2026-02-08T20:02:22.120Z] [Worker] Checksum mismatch. Expected: 25295, calculated: 25294
[2026-02-08T20:02:22.137Z] [Worker] Packet too small: 6 bytes (min: 12[2026-02-08T20:02:22.137Z] [Worker] Packet too small: 6 bytes (min: 12)
)
[2026-02-08T20:02:22.140Z] [Worker] Invalid magic word: 0xdeadbee0
[2026-02-08T20:02:22.153Z] [Worker] Packet size mismatch. Expected: 4097, received: 4096
[2026-02-08T20:02:22.160Z] [Worker] Checksum mismatch. Expected: 25359, calculated: 25358
[2026-02-08T20:02:22.169Z] [Worker] Packet too small: 6 bytes (min: 12)
[2026-02-08T20:02:22.172Z] [Worker] Packet size mismatch. Expected: 4097, received: 4096
[2026-02-08T20:02:22.174Z] [Worker] Invalid magic word: 0xdeadbee0
[2026-02-08T20:02:22.180Z] [Worker] Packet size mismatch. Expected: 4097, received: 4096
[2026-02-08T20:02:22.182Z] [Worker] Checksum mismatch. Expected: 25394, calculated: 25393
[2026-02-08T20:02:22.183Z] [Worker] Packet size mismatch. Expected: 4097, received: 4096
[2026-02-08T20:02:22.196Z] [Worker] Packet too small: 6 bytes (min: 12)
[2026-02-08T20:02:22.199Z] [Worker] Packet size mismatch. Expected: 112, received: 62
[2026-02-08T20:02:22.207Z] [Worker] Packet too small: 6 bytes (min: 12)
[2026-02-08T20:02:22.215Z] [Worker] Packet too small: 6 bytes (min: 12)
[2026-02-08T20:02:22.249Z] [Worker] Packet size mismatch. Expected: 112, received: 62
[2026-02-08T20:02:22.268Z] [Worker] Packet size mismatch. Expected: 4097, received: 4096
[2026-02-08T20:02:22.291Z] [Worker] Checksum mismatch. Expected: 25309, calculated: 25308
[2026-02-08T20:02:22.295Z] [Worker] Checksum mismatch. Expected: 25315, calculated: 25314
[2026-02-08T20:02:22.307Z] [Worker] Packet size mismatch. Expected: 4097, received: 4096
[2026-02-08T20:02:22.312Z] [Worker] Packet size mismatch. Expected: 4097, received: 4096
[2026-02-08T20:02:22.312Z] [Worker] Packet too small: 6 bytes (min: 12)
[2026-02-08T20:02:22.321Z] [Worker] Packet size mismatch. Expected: 4097, received: 4096
[2026-02-08T20:02:22.336Z] [Worker] Packet size mismatch. Expected: 112, received: 62
[2026-02-08T20:02:22.338Z] [Worker] Packet too small: 6 bytes (min: 12)
[2026-02-08T20:02:22.341Z] [Worker] Packet too small: 6 bytes (min: 12)
[2026-02-08T20:02:22.417Z] [Worker] Packet too small: 6 bytes (min: 12)
[2026-02-08T20:02:22.433Z] [Worker] Invalid magic word: 0xdeadbee0
[2026-02-08T20:02:22.437Z] [Worker] Packet size mismatch. Expected: 4097, received: 4096
[2026-02-08T20:02:22.444Z] [Worker] Packet size mismatch. Expected: 4097, received: 4096
[2026-02-08T20:02:22.445Z] [Worker] Checksum mismatch. Expected: 25301, calculated: 25300
[2026-02-08T20:02:22.453Z] [Worker] Packet size mismatch. Expected: 112, received: 62
[2026-02-08T20:02:22.457Z] [Worker] Packet size mismatch. Expected: 112, received: 62
[2026-02-08T20:02:22.473Z] [Worker] Checksum mismatch. Expected: 25345, calculated: 25344
[2026-02-08T20:02:22.476Z] [Worker] Packet too small: 6 bytes (min: 12)
[2026-02-08T20:02:22.483Z] [Worker] Packet too small: 6 bytes (min: 12)
[2026-02-08T20:02:22.496Z] [Worker] Checksum mismatch. Expected: 25381, calculated: 25380
[2026-02-08T20:02:22.498Z] [Worker] Checksum mismatch. Expected: 25385, calculated: 25384
[2026-02-08T20:02:22.551Z] [Worker] Packet size mismatch. Expected: 112, received: 62
[2026-02-08T20:02:22.551Z] [Worker] Packet size mismatch. Expected: 112, received: 62
[2026-02-08T20:02:22.577Z] [Worker] Invalid magic word: 0xdeadbee0
[2026-02-08T20:02:22.598Z] [Worker] Invalid magic word: 0xdeadbee0
[2026-02-08T20:02:22.605Z] [Worker] Packet size mismatch. Expected: 4097, received: 4096
[2026-02-08T20:02:22.613Z] [Worker] Packet size mismatch. Expected: 4097, received: 4096
[2026-02-08T20:02:22.616Z] [Worker] Checksum mismatch. Expected: 25321, calculated: 25320
[2026-02-08T20:02:22.617Z] [Worker] Packet size mismatch. Expected: 112, received: 62
[2026-02-08T20:02:22.635Z] [Worker] Checksum mismatch. Expected: 25351, calculated: 25350
[2026-02-08T20:02:22.635Z] [Worker] Invalid magic word: 0xdeadbee0
[2026-02-08T20:02:22.638Z] [Worker] Packet too small: 6 bytes (min: 12)
[2026-02-08T20:02:22.649Z] [Worker] Checksum mismatch. Expected: 25374, calculated: 25373
[2026-02-08T20:02:22.664Z] [Worker] Packet too small: 6 bytes (min: 12)
[2026-02-08T20:02:22.670Z] [Worker] Checksum mismatch. Expected: 25407, calculated: 25406
[2026-02-08T20:02:22.702Z] [Worker] Packet size mismatch. Expected: 112, received: 62
[2026-02-08T20:02:22.729Z] [Worker] Packet too small: 6 bytes (min: 12)
[2026-02-08T20:02:22.739Z] [Worker] Invalid magic word: 0xdeadbee0
[2026-02-08T20:02:22.740Z] [Worker] Invalid magic word: 0xdeadbee0
[2026-02-08T20:02:22.753Z] [Worker] Invalid magic word: 0xdeadbee0
[2026-02-08T20:02:22.758Z] [Worker] Packet size mismatch. Expected: 4097, received: 4096
[2026-02-08T20:02:22.777Z] [Worker] Packet size mismatch. Expected: 112, received: 62
[2026-02-08T20:02:22.786Z] [Worker] Packet too small: 6 bytes (min: 12)
[2026-02-08T20:02:22.801Z] [Worker] Packet too small: 6 bytes (min: 12)
[2026-02-08T20:02:22.802Z] [Worker] Packet size mismatch. Expected: 4097, received: 4096
[2026-02-08T20:02:22.810Z] [Worker] Packet too small: 6 bytes (min: 12)
[2026-02-08T20:02:22.812Z] [Worker] Packet size mismatch. Expected: 4097, received: 4096
[2026-02-08T20:02:22.838Z] [Worker] Checksum mismatch. Expected: 25166, calculated: 25165
[2026-02-08T20:02:22.869Z] [Worker] Packet size mismatch. Expected: 112, received: 62
[2026-02-08T20:02:22.893Z] [Worker] Checksum mismatch. Expected: 25253, calculated: 25252
[2026-02-08T20:02:22.919Z] [Worker] Invalid magic word: 0xdeadbee0
[2026-02-08T20:02:22.941Z] [Worker] Packet size mismatch. Expected: 112, received: 62
[2026-02-08T20:02:22.952Z] [Worker] Packet too small: 6 bytes (min: 12)
[2026-02-08T20:02:22.968Z] [Worker] Packet size mismatch. Expected: 4097, received: 4096
[2026-02-08T20:02:22.971Z] [Worker] Packet too small: 6 bytes (min: 12)
[2026-02-08T20:02:22.983Z] [Worker] Packet size mismatch. Expected: 4097, received: 4096
[2026-02-08T20:02:23.011Z] [Worker] Packet size mismatch. Expected: 4097, received: 4096
[2026-02-08T20:02:23.029Z] [Worker] Packet size mismatch. Expected: 4097, received: 4096
[2026-02-08T20:02:23.081Z] [Worker] Packet size mismatch. Expected: 4097, received: 4096
[2026-02-08T20:02:23.105Z] [Worker] Packet too small: 6 bytes (min: 12)
[2026-02-08T20:02:23.124Z] [Worker] Checksum mismatch. Expected: 25364, calculated: 25363
[2026-02-08T20:02:23.129Z] [Worker] Invalid magic word: 0xdeadbee0
[2026-02-08T20:02:23.146Z] [Worker] Packet size mismatch. Expected: 112, received: 62
[2026-02-08T20:02:23.150Z] [Worker] Packet too small: 6 bytes (min: 12)
[2026-02-08T20:02:23.163Z] [Worker] Packet too small: 6 bytes (min: 12)
[2026-02-08T20:02:23.163Z] [Worker] Packet size mismatch. Expected: 4097, received: 4096
[2026-02-08T20:02:23.176Z] [Worker] Packet size mismatch. Expected: 4097, received: 4096
[2026-02-08T20:02:23.184Z] [Worker] Invalid magic word: 0xdeadbee0
[2026-02-08T20:02:23.185Z] [Worker] Checksum mismatch. Expected: 25206, calculated: 25205
[2026-02-08T20:02:23.188Z] [Worker] Packet too small: 6 bytes (min: 12)
[2026-02-08T20:02:23.191Z] [Worker] Checksum mismatch. Expected: 25217, calculated: 25216
[2026-02-08T20:02:23.232Z] [Worker] Packet size mismatch. Expected: 4097, received: 4096
[2026-02-08T20:02:23.233Z] [Worker] Packet too small: 6 bytes (min: 12)
[2026-02-08T20:02:23.241Z] [Worker] Packet size mismatch. Expected: 4097, received: 4096
[2026-02-08T20:02:23.259Z] [Worker] Invalid magic word: 0xdeadbee0
[2026-02-08T20:02:23.261Z] [Worker] Invalid magic word: 0xdeadbee0
[2026-02-08T20:02:23.269Z] [Worker] Invalid magic word: 0xdeadbee0
[2026-02-08T20:02:23.277Z] [Worker] Invalid magic word: 0xdeadbee0
[2026-02-08T20:02:23.295Z] [Worker] Checksum mismatch. Expected: 25375, calculated: 25374
[2026-02-08T20:02:23.297Z] [Worker] Packet size mismatch. Expected: 4097, received: 4096
[2026-02-08T20:02:23.300Z] [Worker] Packet too small: 6 bytes (min: 12)
[2026-02-08T20:02:23.305Z] [Worker] Packet size mismatch. Expected: 112, received: 62
[2026-02-08T20:02:23.332Z] [Worker] Packet size mismatch. Expected: 112, received: 62
[2026-02-08T20:02:23.337Z] [Worker] Packet too small: 6 bytes (min: 12)
[2026-02-08T20:02:23.358Z] [Worker] Invalid magic word: 0xdeadbee0
[2026-02-08T20:02:23.383Z] [Worker] Packet size mismatch. Expected: 112, received: 62
[2026-02-08T20:02:23.405Z] [Worker] Invalid magic word: 0xdeadbee0
[2026-02-08T20:02:23.421Z] [Worker] Packet size mismatch. Expected: 4097, received: 4096
[2026-02-08T20:02:23.442Z] [Worker] Checksum mismatch. Expected: 25357, calculated: 25356
[2026-02-08T20:02:23.473Z] [Worker] Packet size mismatch. Expected: 4097, received: 4096
[2026-02-08T20:02:23.476Z] [Worker] Packet size mismatch. Expected: 112, received: 62
[2026-02-08T20:02:23.485Z] [Worker] Packet too small: 6 bytes (min: 12)
[2026-02-08T20:02:23.487Z] [Worker] Packet size mismatch. Expected: 112, received: 62
[2026-02-08T20:02:23.501Z] [Worker] Packet size mismatch. Expected: 112, received: 62
[2026-02-08T20:02:23.508Z] [Worker] Packet size mismatch. Expected: 112, received: 62
[2026-02-08T20:02:23.511Z] [Worker] Packet size mismatch. Expected: 4097, received: 4096
[2026-02-08T20:02:23.566Z] [Worker] Invalid magic word: 0xdeadbee0
[2026-02-08T20:02:23.569Z] [Worker] Checksum mismatch. Expected: 25304, calculated: 25303
[2026-02-08T20:02:23.573Z] [Worker] Packet size mismatch. Expected: 112, received: 62
[2026-02-08T20:02:23.579Z] [Worker] Packet too small: 6 bytes (min: 12)
[2026-02-08T20:02:23.588Z] [Worker] Invalid magic word: 0xdeadbee0
[2026-02-08T20:02:23.614Z] [Worker] Packet size mismatch. Expected: 112, received: 62
[2026-02-08T20:02:23.620Z] [Worker] Packet too small: 6 bytes (min: 12)
[2026-02-08T20:02:23.622Z] [Worker] Checksum mismatch. Expected: 25390, calculated: 25389
[2026-02-08T20:02:23.639Z] [Worker] Invalid magic word: 0xdeadbee0
[2026-02-08T20:02:23.657Z] [Worker] Packet size mismatch. Expected: 4097, received: 4096
[2026-02-08T20:02:23.669Z] [Worker] Packet too small: 6 bytes (min: 12)
[2026-02-08T20:02:23.680Z] [Worker] Packet too small: 6 bytes (min: 12)
[2026-02-08T20:02:23.683Z] [Worker] Packet size mismatch. Expected: 112, received: 62
[2026-02-08T20:02:23.709Z] [Worker] Checksum mismatch. Expected: 25272, calculated: 25271
[2026-02-08T20:02:23.713Z] [Worker] Packet too small: 6 bytes (min: 12)
[2026-02-08T20:02:23.721Z] [Worker] Packet size mismatch. Expected: 4097, received: 4096
[2026-02-08T20:02:23.728Z] [Worker] Packet size mismatch. Expected: 4097, received: 4096
[2026-02-08T20:02:23.742Z] [Worker] Checksum mismatch. Expected: 25325, calculated: 25324
[2026-02-08T20:02:23.746Z] [Worker] Checksum mismatch. Expected: 25331, calculated: 25330
[2026-02-08T20:02:23.749Z] [Worker] Packet size mismatch. Expected: 112, received: 62
[2026-02-08T20:02:23.762Z] [Worker] Packet size mismatch. Expected: 112, received: 62
[2026-02-08T20:02:23.774Z] [Worker] Packet size mismatch. Expected: 112, received: 62
[2026-02-08T20:02:23.800Z] [Worker] Packet too small: 6 bytes (min: 12)
[2026-02-08T20:02:23.833Z] [Worker] Invalid magic word: 0xdeadbee0
[2026-02-08T20:02:23.834Z] [Worker] Packet size mismatch. Expected: 112, received: 62
[2026-02-08T20:02:23.838Z] [Worker] Packet size mismatch. Expected: 112, received: 62
[2026-02-08T20:02:23.843Z] [Worker] Packet too small: 6 bytes (min: 12)
[2026-02-08T20:02:23.844Z] [Worker] Packet size mismatch. Expected: 112, received: 62
[2026-02-08T20:02:23.864Z] [Worker] Packet size mismatch. Expected: 4097, received: 4096
[2026-02-08T20:02:23.868Z] [Worker] Packet too small: 6 bytes (min: 12)
[2026-02-08T20:02:23.877Z] [Worker] Packet size mismatch. Expected: 112, received: 62
[2026-02-08T20:02:23.898Z] [Worker] Packet size mismatch. Expected: 112, received: 62
[2026-02-08T20:02:23.900Z] [Worker] Packet too small: 6 bytes (min: 12)
[2026-02-08T20:02:23.941Z] [Worker] Packet size mismatch. Expected: 4097, received: 4096
[2026-02-08T20:02:23.972Z] [Worker] Invalid magic word: 0xdeadbee0
[2026-02-08T20:02:23.984Z] [Worker] Packet too small: 6 bytes (min: 12)
[2026-02-08T20:02:23.990Z] [Worker] Packet too small: 6 bytes (min: 12)
[2026-02-08T20:02:24.027Z] [Worker] Packet size mismatch. Expected: 4097, received: 4096
[2026-02-08T20:02:24.028Z] [Worker] Invalid magic word: 0xdeadbee0
[2026-02-08T20:02:24.038Z] [Worker] Checksum mismatch. Expected: 25293, calculated: 25292
[2026-02-08T20:02:24.040Z] [Worker] Checksum mismatch. Expected: 25296, calculated: 25295
[2026-02-08T20:02:24.062Z] [Worker] Checksum mismatch. Expected: 25332, calculated: 25331
[2026-02-08T20:02:24.085Z] [Worker] Packet size mismatch. Expected: 4097, received: 4096
[2026-02-08T20:02:24.087Z] [Worker] Packet size mismatch. Expected: 4097, received: 4096
[2026-02-08T20:02:24.098Z] [Worker] Packet size mismatch. Expected: 4097, received: 4096
[2026-02-08T20:02:24.110Z] [Worker] Packet size mismatch. Expected: 4097, received: 4096
[2026-02-08T20:02:24.124Z] [Worker] Packet too small: 6 bytes (min: 12)
[2026-02-08T20:02:24.130Z] [Worker] Invalid magic word: 0xdeadbee0
[2026-02-08T20:02:24.158Z] [Worker] Packet size mismatch. Expected: 4097, received: 4096
[2026-02-08T20:02:24.158Z] [Worker] Packet too small: 6 bytes (min: 12)
[2026-02-08T20:02:24.180Z] [Worker] Checksum mismatch. Expected: 25267, calculated: 25266
[2026-02-08T20:02:24.185Z] [Worker] Packet too small: 6 bytes (min: 12)
[2026-02-08T20:02:24.188Z] [Worker] Checksum mismatch. Expected: 25279, calculated: 25278
[2026-02-08T20:02:24.189Z] [Worker] Packet too small: 6 bytes (min: 12)
[2026-02-08T20:02:24.230Z] [Worker] Invalid magic word: 0xdeadbee0
[2026-02-08T20:02:24.236Z] [Worker] Packet size mismatch. Expected: 112, received: 62
[2026-02-08T20:02:24.239Z] [Worker] Packet too small: 6 bytes (min: 12)
[2026-02-08T20:02:24.250Z] [Worker] Packet size mismatch. Expected: 4097, received: 4096
[2026-02-08T20:02:24.282Z] [Worker] Checksum mismatch. Expected: 25176, calculated: 25175
[2026-02-08T20:02:24.284Z] [Worker] Packet size mismatch. Expected: 4097, received: 4096
[2026-02-08T20:02:24.297Z] [Worker] Checksum mismatch. Expected: 25201, calculated: 25200
[2026-02-08T20:02:24.302Z] [Worker] Packet size mismatch. Expected: 112, received: 62
[2026-02-08T20:02:24.335Z] [Worker] Packet size mismatch. Expected: 4097, received: 4096
[2026-02-08T20:02:24.337Z] [Worker] Invalid magic word: 0xdeadbee0
[2026-02-08T20:02:24.344Z] [Worker] Packet too small: 6 bytes (min: 12)
[2026-02-08T20:02:24.345Z] [Worker] Packet size mismatch. Expected: 112, received: 62
[2026-02-08T20:02:24.356Z] [Worker] Packet too small: 6 bytes (min: 12)
[2026-02-08T20:02:24.360Z] [Worker] Checksum mismatch. Expected: 25301, calculated: 25300
[2026-02-08T20:02:24.367Z] [Worker] Packet size mismatch. Expected: 112, received: 62
[2026-02-08T20:02:24.408Z] [Worker] Invalid magic word: 0xdeadbee0
[2026-02-08T20:02:24.420Z] [Worker] Packet size mismatch. Expected: 4097, received: 4096
[2026-02-08T20:02:24.445Z] [Worker] Packet size mismatch. Expected: 112, received: 62
[2026-02-08T20:02:24.466Z] [Worker] Invalid magic word: 0xdeadbee0
[2026-02-08T20:02:24.470Z] [Worker] Invalid magic word: 0xdeadbee0
[2026-02-08T20:02:24.473Z] [Worker] Packet size mismatch. Expected: 112, received: 62
[2026-02-08T20:02:24.475Z] [Worker] Packet size mismatch. Expected: 4097, received: 4096
[2026-02-08T20:02:24.478Z] [Worker] Invalid magic word: 0xdeadbee0
[2026-02-08T20:02:24.485Z] [Worker] Packet size mismatch. Expected: 4097, received: 4096
[2026-02-08T20:02:24.487Z] [Worker] Packet too small: 6 bytes (min: 12)
[2026-02-08T20:02:24.525Z] [Worker] Packet too small: 6 bytes (min: 12)
[2026-02-08T20:02:24.526Z] [Worker] Packet size mismatch. Expected: 4097, received: 4096
[2026-02-08T20:02:24.550Z] [Worker] Checksum mismatch. Expected: 25354, calculated: 25353
[2026-02-08T20:02:24.553Z] [Worker] Checksum mismatch. Expected: 25358, calculated: 25357
[2026-02-08T20:02:24.561Z] [Worker] Checksum mismatch. Expected: 25372, calculated: 25371
[2026-02-08T20:02:24.578Z] [Worker] Invalid magic word: 0xdeadbee0
[2026-02-08T20:02:24.597Z] [Worker] Packet too small: 6 bytes (min: 12)
[2026-02-08T20:02:24.606Z] [Worker] Invalid magic word: 0xdeadbee0
[2026-02-08T20:02:24.608Z] [Worker] Packet size mismatch. Expected: 112, received: 62
[2026-02-08T20:02:24.611Z] [Worker] Invalid magic word: 0xdeadbee0
[2026-02-08T20:02:24.615Z] [Worker] Invalid magic word: 0xdeadbee0
[2026-02-08T20:02:24.644Z] [Worker] Packet size mismatch. Expected: 112, received: 62
[2026-02-08T20:02:24.654Z] [Worker] Invalid magic word: 0xdeadbee0
[2026-02-08T20:02:24.657Z] [Worker] Packet size mismatch. Expected: 112, received: 62
[2026-02-08T20:02:24.671Z] [Worker] Packet too small: 6 bytes (min: 12)
[2026-02-08T20:02:24.678Z] [Worker] Packet too small: 6 bytes (min: 12)
[2026-02-08T20:02:24.693Z] [Worker] Packet size mismatch. Expected: 4097, received: 4096
[2026-02-08T20:02:24.725Z] [Worker] Packet size mismatch. Expected: 4097, received: 4096
[2026-02-08T20:02:24.729Z] [Worker] Packet size mismatch. Expected: 4097, received: 4096
[2026-02-08T20:02:24.736Z] [Worker] Packet size mismatch. Expected: 112, received: 62
[2026-02-08T20:02:24.743Z] [Worker] Packet too small: 6 bytes (min: 12)
[2026-02-08T20:02:24.760Z] [Worker] Packet size mismatch. Expected: 112, received: 62
[2026-02-08T20:02:24.773Z] [Worker] Packet too small: 6 bytes (min: 12)
[2026-02-08T20:02:24.803Z] [Worker] Packet size mismatch. Expected: 4097, received: 4096
[2026-02-08T20:02:24.812Z] [Worker] Packet size mismatch. Expected: 112, received: 62
[2026-02-08T20:02:24.814Z] [Worker] Checksum mismatch. Expected: 25267, calculated: 25266
[2026-02-08T20:02:24.819Z] [Worker] Packet too small: 6 bytes (min: 12)
[2026-02-08T20:02:24.826Z] [Worker] Packet size mismatch. Expected: 112, received: 62
[2026-02-08T20:02:24.826Z] [Worker] Packet size mismatch. Expected: 112, received: 62
[2026-02-08T20:02:24.827Z] [Worker] Packet size mismatch. Expected: 112, received: 62
[2026-02-08T20:02:24.870Z] [Worker] Packet size mismatch. Expected: 112, received: 62
[2026-02-08T20:02:24.919Z] [Worker] Invalid magic word: 0xdeadbee0
[2026-02-08T20:02:24.923Z] [Worker] Packet too small: 6 bytes (min: 12)
[2026-02-08T20:02:24.961Z] [Worker] Packet size mismatch. Expected: 112, received: 62
[2026-02-08T20:02:24.961Z] [Worker] Packet size mismatch. Expected: 4097, received: 4096
[2026-02-08T20:02:24.977Z] [Worker] Invalid magic word: 0xdeadbee0
[2026-02-08T20:02:24.988Z] [Worker] Packet size mismatch. Expected: 112, received: 62
[2026-02-08T20:02:24.992Z] [Worker] Packet too small: 6 bytes (min: 12)
[2026-02-08T20:02:25.011Z] [Worker] Invalid magic word: 0xdeadbee0
[2026-02-08T20:02:25.027Z] [Worker] Packet too small: 6 bytes (min: 12)
[2026-02-08T20:02:25.032Z] [Worker] Checksum mismatch. Expected: 25360, calculated: 25359
[2026-02-08T20:02:25.034Z] [Worker] Packet size mismatch. Expected: 112, received: 62
[2026-02-08T20:02:25.036Z] [Worker] Packet size mismatch. Expected: 4097, received: 4096
[2026-02-08T20:02:25.047Z] [Worker] Invalid magic word: 0xdeadbee0
[2026-02-08T20:02:25.060Z] [Worker] Packet size mismatch. Expected: 112, received: 62
[2026-02-08T20:02:25.075Z] [Worker] Packet size mismatch. Expected: 112, received: 62
[2026-02-08T20:02:25.146Z] [Worker] Packet size mismatch. Expected: 4097, received: 4096
[2026-02-08T20:02:25.156Z] [Worker] Packet size mismatch. Expected: 4097, received: 4096
[2026-02-08T20:02:25.186Z] [Worker] Packet size mismatch. Expected: 4097, received: 4096
[2026-02-08T20:02:25.195Z] [Worker] Packet size mismatch. Expected: [2026-02-08T20:02:25.195Z] [Worker] Packet size mismatch. Expected: 112, received: 62
4097, received: 4096
[2026-02-08T20:02:25.198Z] [Worker] Packet size mismatch. Expected: 112, received: 62
[2026-02-08T20:02:25.199Z] [Worker] Checksum mismatch. Expected: 25365, calculated: 25364
[2026-02-08T20:02:25.209Z] [Worker] Invalid magic word: 0xdeadbee0
[2026-02-08T20:02:25.243Z] [Worker] Packet size mismatch. Expected: 4097, received: 4096
[2026-02-08T20:02:25.253Z] [Worker] Packet too small: 6 bytes (min: 12)
[2026-02-08T20:02:25.276Z] [Worker] Packet size mismatch. Expected: 4097, received: 4096
[2026-02-08T20:02:25.278Z] [Worker] Invalid magic word: 0xdeadbee0
[2026-02-08T20:02:25.299Z] [Worker] Packet too small: 6 bytes (min: 12)
[2026-02-08T20:02:25.300Z] [Worker] Packet size mismatch. Expected: 112, received: 62
[2026-02-08T20:02:25.324Z] [Worker] Packet too small: 6 bytes (min: 12)
[2026-02-08T20:02:25.325Z] [Worker] Packet size mismatch. Expected: 4097, received: 4096
[2026-02-08T20:02:25.326Z] [Worker] Checksum mismatch. Expected: 25314, calculated: 25313
[2026-02-08T20:02:25.328Z] [Worker] Packet size mismatch. Expected: 4097, received: 4096
[2026-02-08T20:02:25.335Z] [Worker] Packet size mismatch. Expected: 112, received: 62
[2026-02-08T20:02:25.347Z] [Worker] Packet size mismatch. Expected: 4097, received: 4096
[2026-02-08T20:02:25.382Z] [Worker] Invalid magic word: 0xdeadbee0
[2026-02-08T20:02:25.384Z] [Worker] Invalid magic word: 0xdeadbee0
[2026-02-08T20:02:25.390Z] [Worker] Packet size mismatch. Expected: 112, received: 62
[2026-02-08T20:02:25.396Z] [Worker] Checksum mismatch. Expected: 25427, calculated: 25426
[2026-02-08T20:02:25.400Z] [Worker] Packet too small: 6 bytes (min: 12)
[2026-02-08T20:02:25.437Z] [Worker] Packet too small: 6 bytes (min: 12)
[2026-02-08T20:02:25.449Z] [Worker] Checksum mismatch. Expected: 25258, calculated: 25257
[2026-02-08T20:02:25.449Z] [Worker] Checksum mismatch. Expected: 25259, calculated: 25258
[2026-02-08T20:02:25.455Z] [Worker] Packet too small: 6 bytes (min: 12)
[2026-02-08T20:02:25.464Z] [Worker] Packet too small: 6 bytes (min: 12)
[2026-02-08T20:02:25.465Z] [Worker] Invalid magic word: 0xdeadbee0
[2026-02-08T20:02:25.469Z] [Worker] Packet size mismatch. Expected: 112, received: 62
[2026-02-08T20:02:25.481Z] [Worker] Packet too small: 6 bytes (min: 12)
[2026-02-08T20:02:25.495Z] [Worker] Checksum mismatch. Expected: 25331, calculated: 25330
[2026-02-08T20:02:25.523Z] [Worker] Packet too small: 6 bytes (min: 12)
[2026-02-08T20:02:25.524Z] [Worker] Packet too small: 6 bytes (min: 12)
[2026-02-08T20:02:25.542Z] [Worker] Packet too small: 6 bytes (min: 12)
[2026-02-08T20:02:25.565Z] [Worker] Packet size mismatch. Expected: 4097, received: 4096
[2026-02-08T20:02:25.591Z] [Worker] Packet too small: 6 bytes (min: 12)
[2026-02-08T20:02:25.602Z] [Worker] Packet size mismatch. Expected: 112, received: 62
[2026-02-08T20:02:25.604Z] [Worker] Invalid magic word: 0xdeadbee0
[2026-02-08T20:02:25.611Z] [Worker] Packet size mismatch. Expected: 4097, received: 4096
[2026-02-08T20:02:25.615Z] [Worker] Packet size mismatch. Expected: 112, received: 62
[2026-02-08T20:02:25.618Z] [Worker] Invalid magic word: 0xdeadbee0
[2026-02-08T20:02:25.666Z] [Worker] Packet size mismatch. Expected: 4097, received: 4096
[2026-02-08T20:02:25.674Z] [Worker] Checksum mismatch. Expected: 25364, calculated: 25363
[2026-02-08T20:02:25.698Z] [Worker] Packet size mismatch. Expected: 4097, received: 4096
[2026-02-08T20:02:25.725Z] [Worker] Checksum mismatch. Expected: 25191, calculated: 25190
[2026-02-08T20:02:25.744Z] [Worker] Invalid magic word: 0xdeadbee0
[2026-02-08T20:02:25.753Z] [Worker] Invalid magic word: 0xdeadbee0
[2026-02-08T20:02:25.763Z] [Worker] Packet size mismatch. Expected: 112, received: 62
[2026-02-08T20:02:25.765Z] [Worker] Packet size mismatch. Expected: 112, received: 62
[2026-02-08T20:02:25.768Z] [Worker] Checksum mismatch. Expected: 25260, calculated: 25259
[2026-02-08T20:02:25.792Z] [Worker] Invalid magic word: 0xdeadbee0
[2026-02-08T20:02:25.799Z] [Worker] Checksum mismatch. Expected: 25309, calculated: 25308
[2026-02-08T20:02:25.817Z] [Worker] Checksum mismatch. Expected: 25340, calculated: 25339
[2026-02-08T20:02:25.863Z] [Worker] Packet size mismatch. Expected: 4097, received: 4096
[2026-02-08T20:02:25.882Z] [Worker] Packet size mismatch. Expected: 112, received: 62
[2026-02-08T20:02:25.887Z] [Worker] Packet too small: 6 bytes (min: 12)
[2026-02-08T20:02:25.889Z] [Worker] Packet too small: 6 bytes (min: 12)
[2026-02-08T20:02:25.908Z] [Worker] Packet too small: 6 bytes (min: 12)
[2026-02-08T20:02:25.925Z] [Worker] Checksum mismatch. Expected: 25256, calculated: 25255
[2026-02-08T20:02:25.938Z] [Worker] Invalid magic word: 0xdeadbee0
[2026-02-08T20:02:25.950Z] [Worker] Checksum mismatch. Expected: 25293, calculated: 25292
[2026-02-08T20:02:25.960Z] [Worker] Invalid magic word: 0xdeadbee0
[2026-02-08T20:02:25.965Z] [Worker] Packet size mismatch. Expected: 4097, received: 4096
[2026-02-08T20:02:25.977Z] [Worker] Invalid magic word: 0xdeadbee0
[2026-02-08T20:02:25.988Z] [Worker] Packet size mismatch. Expected: 112, received: 62
[2026-02-08T20:02:26.019Z] [Worker] Packet size mismatch. Expected: 112, received: 62
[2026-02-08T20:02:26.025Z] [Worker] Checksum mismatch. Expected: 25412, calculated: 25411
[2026-02-08T20:02:26.039Z] [Worker] Checksum mismatch. Expected: 25179, calculated: 25178
[2026-02-08T20:02:26.052Z] [Worker] Packet size mismatch. Expected: 112, received: 62
[2026-02-08T20:02:26.055Z] [Worker] Packet too small: 6 bytes (min: 12)
[2026-02-08T20:02:26.062Z] [Worker] Invalid magic word: 0xdeadbee0
[2026-02-08T20:02:26.069Z] [Worker] Invalid magic word: 0xdeadbee0
[2026-02-08T20:02:26.096Z] [Worker] Packet size mismatch. Expected: 4097, received: 4096
[2026-02-08T20:02:26.112Z] [Worker] Packet too small: 6 bytes (min: 12)
[2026-02-08T20:02:26.114Z] [Worker] Packet too small: 6 bytes (min: 12)
[2026-02-08T20:02:26.119Z] [Worker] Packet size mismatch. Expected: 112, received: 62
[2026-02-08T20:02:26.132Z] [Worker] Checksum mismatch. Expected: 25329, calculated: 25328
[2026-02-08T20:02:26.149Z] [Worker] Packet size mismatch. Expected: 112, received: 62
[2026-02-08T20:02:26.153Z] [Worker] Packet size mismatch. Expected: 112, received: 62
[2026-02-08T20:02:26.159Z] [Worker] Checksum mismatch. Expected: 25372, calculated: 25371
[2026-02-08T20:02:26.175Z] [Worker] Checksum mismatch. Expected: 25398, calculated: 25397
[2026-02-08T20:02:26.176Z] [Worker] Checksum mismatch. Expected: 25399, calculated: 25398
[2026-02-08T20:02:26.192Z] [Worker] Invalid magic word: 0xdeadbee0
[2026-02-08T20:02:26.195Z] [Worker] Invalid magic word: 0xdeadbee0
[2026-02-08T20:02:26.197Z] [Worker] Packet too small: 6 bytes (min: 12)
[2026-02-08T20:02:26.198Z] [Worker] Packet too small: 6 bytes (min: 12)
[2026-02-08T20:02:26.243Z] [Worker] Packet too small: 6 bytes (min: 12)
[2026-02-08T20:02:26.250Z] [Worker] Checksum mismatch. Expected: 25262, calculated: 25261
[2026-02-08T20:02:26.270Z] [Worker] Checksum mismatch. Expected: 25293, calculated: 25292
[2026-02-08T20:02:26.276Z] [Worker] Packet too small: 6 bytes (min: 12)
[2026-02-08T20:02:26.279Z] [Worker] Checksum mismatch. Expected: 25307, calculated: 25306
[2026-02-08T20:02:26.285Z] [Worker] Packet size mismatch. Expected: 112, received: 62
[2026-02-08T20:02:26.307Z] [Worker] Checksum mismatch. Expected: 25351, calculated: 25350
[2026-02-08T20:02:26.367Z] [Worker] Packet too small: 6 bytes (min: 12)
[2026-02-08T20:02:26.371Z] [Worker] Invalid magic word: 0xdeadbee0
[2026-02-08T20:02:26.395Z] [Worker] Checksum mismatch. Expected: 25236, calculated: 25235
[2026-02-08T20:02:26.411Z] [Worker] Packet size mismatch. Expected: 4097, received: 4096
[2026-02-08T20:02:26.433Z] [Worker] Invalid magic word: 0xdeadbee0
[2026-02-08T20:02:26.441Z] [Worker] Checksum mismatch. Expected: 25310, calculated: 25309
[2026-02-08T20:02:26.445Z] [Worker] Packet too small: 6 bytes (min: 12)
[2026-02-08T20:02:26.453Z] [Worker] Packet too small: 6 bytes (min: 12)
[2026-02-08T20:02:26.456Z] [Worker] Checksum mismatch. Expected: 25336, calculated: 25335
[2026-02-08T20:02:26.470Z] [Worker] Packet size mismatch. Expected: 4097, received: 4096
[2026-02-08T20:02:26.476Z] [Worker] Packet size mismatch. Expected: 4097, received: 4096
[2026-02-08T20:02:26.514Z] [Worker] Invalid magic word: 0xdeadbee0
[2026-02-08T20:02:26.543Z] [Worker] Checksum mismatch. Expected: 25221, calculated: 25220
[2026-02-08T20:02:26.547Z] [Worker] Packet size mismatch. Expected: 4097, received: 4096
[2026-02-08T20:02:26.551Z] [Worker] Packet size mismatch. Expected: 4097, received: 4096
[2026-02-08T20:02:26.555Z] [Worker] Packet size mismatch. Expected: 112, received: 62
[2026-02-08T20:02:26.561Z] [Worker] Packet size mismatch. Expected: 4097, received: 4096
[2026-02-08T20:02:26.564Z] [Worker] Invalid magic word: 0xdeadbee0
[2026-02-08T20:02:26.568Z] [Worker] Packet size mismatch. Expected: 4097, received: 4096
[2026-02-08T20:02:26.579Z] [Worker] Packet too small: 6 bytes (min: 12)
[2026-02-08T20:02:26.583Z] [Worker] Checksum mismatch. Expected: 25287, calculated: 25286
[2026-02-08T20:02:26.590Z] [Worker] Invalid magic word: 0xdeadbee0
[2026-02-08T20:02:26.609Z] [Worker] Checksum mismatch. Expected: 25325, calculated: 25324
[2026-02-08T20:02:26.612Z] [Worker] Invalid magic word: 0xdeadbee0
[2026-02-08T20:02:26.621Z] [Worker] Checksum mismatch. Expected: 25346, calculated: 25345
[2026-02-08T20:02:26.645Z] [Worker] Packet size mismatch. Expected: 4097, received: 4096
[2026-02-08T20:02:26.654Z] [Worker] Packet size mismatch. Expected: 112, received: 62
[2026-02-08T20:02:26.655Z] [Worker] Packet too small: 6 bytes (min: 12)
[2026-02-08T20:02:26.679Z] [Worker] Packet size mismatch. Expected: 112, received: 62
[2026-02-08T20:02:26.691Z] [Worker] Checksum mismatch. Expected: 25201, calculated: 25200
[2026-02-08T20:02:26.703Z] [Worker] Checksum mismatch. Expected: 25218, calculated: 25217
[2026-02-08T20:02:26.721Z] [Worker] Packet size mismatch. Expected: 4097, received: 4096
[2026-02-08T20:02:26.728Z] [Worker] Packet size mismatch. Expected: 4097, received: 4096
[2026-02-08T20:02:26.731Z] [Worker] Packet size mismatch. Expected: 112, received: 62
[2026-02-08T20:02:26.738Z] [Worker] Checksum mismatch. Expected: 25275, calculated: 25274
[2026-02-08T20:02:26.765Z] [Worker] Packet size mismatch. Expected: 112, received: 62
[2026-02-08T20:02:26.786Z] [Worker] Packet size mismatch. Expected: 4097, received: 4096
[2026-02-08T20:02:26.790Z] [Worker] Checksum mismatch. Expected: 25358, calculated: 25357
[2026-02-08T20:02:26.802Z] [Worker] Packet size mismatch. Expected: 112, received: 62
[2026-02-08T20:02:26.807Z] [Worker] Packet too small: 6 bytes (min: 12)
[2026-02-08T20:02:26.812Z] [Worker] Invalid magic word: 0xdeadbee0
[2026-02-08T20:02:26.844Z] [Worker] Packet size mismatch. Expected: 4097, received: 4096
[2026-02-08T20:02:26.854Z] [Worker] Invalid magic word: 0xdeadbee0
[2026-02-08T20:02:26.858Z] [Worker] Packet size mismatch. Expected: 4097, received: 4096
[2026-02-08T20:02:26.873Z] [Worker] Invalid magic word: 0xdeadbee0
[2026-02-08T20:02:26.901Z] [Worker] Checksum mismatch. Expected: 25279, calculated: 25278
[2026-02-08T20:02:26.902Z] [Worker] Packet size mismatch. Expected: 112, received: 62
[2026-02-08T20:02:26.903Z] [Worker] Packet too small: 6 bytes (min: 12)
[2026-02-08T20:02:26.910Z] [Worker] Checksum mismatch. Expected: 25293, calculated: 25292
[2026-02-08T20:02:26.928Z] [Worker] Packet size mismatch. Expected: 112, received: 62
[2026-02-08T20:02:26.951Z] [Worker] Checksum mismatch. Expected: 25357, calculated: 25356
[2026-02-08T20:02:26.963Z] [Worker] Packet size mismatch. Expected: 112, received: 62
[2026-02-08T20:02:26.963Z] [Worker] Checksum mismatch. Expected: 25376, calculated: 25375
[2026-02-08T20:02:26.976Z] [Worker] Packet size mismatch. Expected: 112, received: 62
[2026-02-08T20:02:26.997Z] [Worker] Packet too small: 6 bytes (min: 12)
[2026-02-08T20:02:27.016Z] [Worker] Packet too small: 6 bytes (min: 12)
[2026-02-08T20:02:27.032Z] [Worker] Invalid magic word: 0xdeadbee0
[2026-02-08T20:02:27.051Z] [Worker] Packet size mismatch. Expected: 112, received: 62
[2026-02-08T20:02:27.060Z] [Worker] Invalid magic word: 0xdeadbee0
[2026-02-08T20:02:27.065Z] [Worker] Packet size mismatch. Expected: 112, received: 62
[2026-02-08T20:02:27.070Z] [Worker] Packet size mismatch. Expected: 4097, received: 4096
[2026-02-08T20:02:27.071Z] [Worker] Checksum mismatch. Expected: 25297, calculated: 25296
[2026-02-08T20:02:27.073Z] [Worker] Packet size mismatch. Expected: 4097, received: 4096
[2026-02-08T20:02:27.076Z] [Worker] Checksum mismatch. Expected: 25303, calculated: 25302
[2026-02-08T20:02:27.077Z] [Worker] Packet too small: 6 bytes (min: 12)
[2026-02-08T20:02:27.081Z] [Worker] Packet size mismatch. Expected: 112, received: 62
[2026-02-08T20:02:27.082Z] [Worker] Packet size mismatch. Expected: 112, received: 62
[2026-02-08T20:02:27.098Z] [Worker] Packet too small: 6 bytes (min: 12)
[2026-02-08T20:02:27.100Z] [Worker] Packet size mismatch. Expected: 112, received: 62
[2026-02-08T20:02:27.122Z] [Worker] Packet size mismatch. Expected: 4097, received: 4096
[2026-02-08T20:02:27.145Z] [Worker] Packet too small: 6 bytes (min: 12)
[2026-02-08T20:02:27.146Z] [Worker] Invalid magic word: 0xdeadbee0
[2026-02-08T20:02:27.161Z] [Worker] Packet too small: 6 bytes (min: 12)
[2026-02-08T20:02:27.191Z] [Worker] Packet size mismatch. Expected: 4097, received: 4096
[2026-02-08T20:02:27.192Z] [Worker] Checksum mismatch. Expected: 25237, calculated: 25236
[2026-02-08T20:02:27.204Z] [Worker] Checksum mismatch. Expected: 25256, calculated: 25255
[2026-02-08T20:02:27.204Z] [Worker] Packet size mismatch. Expected: 112, received: 62
[2026-02-08T20:02:27.253Z] [Worker] Packet size mismatch. Expected: 112, received: 62
[2026-02-08T20:02:27.275Z] [Worker] Packet size mismatch. Expected: 112, received: 62
[2026-02-08T20:02:27.276Z] [Worker] Checksum mismatch. Expected: 25372, calculated: 25371
[2026-02-08T20:02:27.278Z] [Worker] Packet too small: 6 bytes (min: 12)
[2026-02-08T20:02:27.291Z] [Worker] Packet too small: 6 bytes (min: 12)
[2026-02-08T20:02:27.296Z] [Worker] Packet size mismatch. Expected: 4097, received: 4096
[2026-02-08T20:02:27.306Z] [Worker] Packet size mismatch. Expected: 4097, received: 4096
[2026-02-08T20:02:27.318Z] [Worker] Packet size mismatch. Expected: 112, received: 62
[2026-02-08T20:02:27.320Z] [Worker] Invalid magic word: 0xdeadbee0
[2026-02-08T20:02:27.333Z] [Worker] Packet size mismatch. Expected: 112, received: 62
[2026-02-08T20:02:27.339Z] [Worker] Invalid magic word: 0xdeadbee0
[2026-02-08T20:02:27.360Z] [Worker] Packet size mismatch. Expected: 4097, received: 4096
[2026-02-08T20:02:27.370Z] [Worker] Invalid magic word: 0xdeadbee0
[2026-02-08T20:02:27.402Z] [Worker] Packet size mismatch. Expected: 4097, received: 4096
[2026-02-08T20:02:27.429Z] [Worker] Packet size mismatch. Expected: 112, received: 62
[2026-02-08T20:02:27.435Z] [Worker] Packet too small: 6 bytes (min: 12)
[2026-02-08T20:02:27.451Z] [Worker] Packet size mismatch. Expected: 4097, received: 4096
[2026-02-08T20:02:27.477Z] [Worker] Checksum mismatch. Expected: 25435, calculated: 25434
[2026-02-08T20:02:27.479Z] [Worker] Packet size mismatch. Expected: 4097, received: 4096
[2026-02-08T20:02:27.482Z] [Worker] Packet size mismatch. Expected: 112, received: 62
[2026-02-08T20:02:27.519Z] [Worker] Packet size mismatch. Expected: 112, received: 62
[2026-02-08T20:02:27.521Z] [Worker] Packet size mismatch. Expected: 112, received: 62
[2026-02-08T20:02:27.567Z] [Worker] Invalid magic word: 0xdeadbee0
[2026-02-08T20:02:27.572Z] [Worker] Packet size mismatch. Expected: 4097, received: 4096
[2026-02-08T20:02:27.580Z] [Worker] Packet size mismatch. Expected: 112, received: 62
[2026-02-08T20:02:27.589Z] [Worker] Packet too small: 6 bytes (min: 12)
[2026-02-08T20:02:27.591Z] [Worker] Checksum mismatch. Expected: 25360, calculated: 25359
[2026-02-08T20:02:27.611Z] [Worker] Packet size mismatch. Expected: 112, received: 62
[2026-02-08T20:02:27.660Z] [Worker] Invalid magic word: 0xdeadbee0
[2026-02-08T20:02:27.674Z] [Worker] Packet size mismatch. Expected: 4097, received: 4096
[2026-02-08T20:02:27.686Z] [Worker] Packet size mismatch. Expected: 112, received: 62
[2026-02-08T20:02:27.701Z] [Worker] Invalid magic word: 0xdeadbee0
[2026-02-08T20:02:27.710Z] [Worker] Packet size mismatch. Expected: 4097, received: 4096
[2026-02-08T20:02:27.721Z] [Worker] Packet size mismatch. Expected: 4097, received: 4096
[2026-02-08T20:02:27.727Z] [Worker] Packet size mismatch. Expected: 4097, received: 4096[2026-02-08T20:02:27.727Z] [Worker] Invalid magic word: 0xdeadbee0

[2026-02-08T20:02:27.728Z] [Worker] Packet size mismatch. Expected: 4097, received: 4096
[2026-02-08T20:02:27.738Z] [Worker] Checksum mismatch. Expected: 25339, calculated: 25338
[2026-02-08T20:02:27.751Z] [Worker] Packet size mismatch. Expected: 112, received: 62
[2026-02-08T20:02:27.765Z] [Worker] Packet size mismatch. Expected: 4097, received: 4096
[2026-02-08T20:02:27.794Z] [Worker] Packet too small: 6 bytes (min: 12)
[2026-02-08T20:02:27.805Z] [Worker] Checksum mismatch. Expected: 25190, calculated: 25189
[2026-02-08T20:02:27.816Z] [Worker] Packet too small: 6 bytes (min: 12)
[2026-02-08T20:02:27.831Z] [Worker] Checksum mismatch. Expected: 25231, calculated: 25230
[2026-02-08T20:02:27.849Z] [Worker] Packet size mismatch. Expected: 4097, received: 4096
[2026-02-08T20:02:27.850Z] [Worker] Packet size mismatch. Expected: 4097, received: 4096
[2026-02-08T20:02:27.851Z] [Worker] Checksum mismatch. Expected: 25264, calculated: 25263
[2026-02-08T20:02:27.855Z] [Worker] Checksum mismatch. Expected: 25270, calculated: 25269
[2026-02-08T20:02:27.861Z] [Worker] Invalid magic word: 0xdeadbee0
[2026-02-08T20:02:27.864Z] [Worker] Packet size mismatch. Expected: 4097, received: 4096
[2026-02-08T20:02:27.870Z] [Worker] Checksum mismatch. Expected: 25294, calculated: 25293
[2026-02-08T20:02:27.870Z] [Worker] Packet size mismatch. Expected: 4097, received: 4096
[2026-02-08T20:02:27.898Z] [Worker] Packet too small: 6 bytes (min: 12)
[2026-02-08T20:02:27.903Z] [Worker] Packet size mismatch. Expected: 112, received: 62
[2026-02-08T20:02:27.921Z] [Worker] Invalid magic word: 0xdeadbee0
[2026-02-08T20:02:27.922Z] [Worker] Packet too small: 6 bytes (min: 12)
[2026-02-08T20:02:27.947Z] [Worker] Packet size mismatch. Expected: 4097, received: 4096
[2026-02-08T20:02:27.963Z] [Worker] Checksum mismatch. Expected: 25440, calculated: 25439
[2026-02-08T20:02:27.982Z] [Worker] Packet size mismatch. Expected: 112, received: 62
[2026-02-08T20:02:28.002Z] [Worker] Packet too small: 6 bytes (min: 12)
[2026-02-08T20:02:28.021Z] [Worker] Invalid magic word: 0xdeadbee0
[2026-02-08T20:02:28.044Z] [Worker] Packet size mismatch. Expected: 4097, received: 4096
[2026-02-08T20:02:28.049Z] [Worker] Packet too small: 6 bytes (min: 12)
[2026-02-08T20:02:28.056Z] [Worker] Invalid magic word: 0xdeadbee0
[2026-02-08T20:02:28.057Z] [Worker] Invalid magic word: 0xdeadbee0
[2026-02-08T20:02:28.071Z] [Worker] Packet size mismatch. Expected: 112, received: 62
[2026-02-08T20:02:28.079Z] [Worker] Packet too small: 6 bytes (min: 12)
[2026-02-08T20:02:28.088Z] [Worker] Invalid magic word: 0xdeadbee0
[2026-02-08T20:02:28.097Z] [Worker] Checksum mismatch. Expected: 25400, calculated: 25399
[2026-02-08T20:02:28.102Z] [Worker] Invalid magic word: 0xdeadbee0
[2026-02-08T20:02:28.117Z] [Worker] Packet size mismatch. Expected: 4097, received: 4096
[2026-02-08T20:02:28.129Z] [Worker] Invalid magic word: 0xdeadbee0
[2026-02-08T20:02:28.168Z] [Worker] Checksum mismatch. Expected: 25260, calculated: 25259
[2026-02-08T20:02:28.212Z] [Worker] Checksum mismatch. Expected: 25332, calculated: 25331
[2026-02-08T20:02:28.224Z] [Worker] Packet size mismatch. Expected: 4097, received: 4096
[2026-02-08T20:02:28.224Z] [Worker] Packet size mismatch. Expected: 4097, received: 4096
[2026-02-08T20:02:28.240Z] [Worker] Packet too small: 6 bytes (min: 12)
[2026-02-08T20:02:28.241Z] [Worker] Invalid magic word: 0xdeadbee0
[2026-02-08T20:02:28.243Z] [Worker] Invalid magic word: 0xdeadbee0
[2026-02-08T20:02:28.246Z] [Worker] Packet too small: 6 bytes (min: 12)
[2026-02-08T20:02:28.261Z] [Worker] Packet size mismatch. Expected: 4097, received: 4096
[2026-02-08T20:02:28.266Z] [Worker] Packet size mismatch. Expected: 112, received: 62
[2026-02-08T20:02:28.281Z] [Worker] Packet too small: 6 bytes (min: 12)
[2026-02-08T20:02:28.294Z] [Worker] Packet too small: 6 bytes (min: 12)
[2026-02-08T20:02:28.296Z] [Worker] Packet too small: 6 bytes (min: 12)
[2026-02-08T20:02:28.300Z] [Worker] Checksum mismatch. Expected: 25219, calculated: 25218
[2026-02-08T20:02:28.325Z] [Worker] Checksum mismatch. Expected: 25259, calculated: 25258
[2026-02-08T20:02:28.336Z] [Worker] Packet too small: 6 bytes (min: 12)
[2026-02-08T20:02:28.353Z] [Worker] Checksum mismatch. Expected: 25304, calculated: 25303
[2026-02-08T20:02:28.355Z] [Worker] Packet too small: 6 bytes (min: 12)
[2026-02-08T20:02:28.371Z] [Worker] Packet size mismatch. Expected: 4097, received: 4096
[2026-02-08T20:02:28.410Z] [Worker] Packet too small: 6 bytes (min: 12)
[2026-02-08T20:02:28.412Z] [Worker] Packet too small: 6 bytes (min: 12)
[2026-02-08T20:02:28.422Z] [Worker] Invalid magic word: 0xdeadbee0
[2026-02-08T20:02:28.425Z] [Worker] Packet size mismatch. Expected: 4097, received: 4096
[2026-02-08T20:02:28.432Z] [Worker] Packet size mismatch. Expected: 4097, received: 4096
[2026-02-08T20:02:28.476Z] [Worker] Invalid magic word: 0xdeadbee0
[2026-02-08T20:02:28.481Z] [Worker] Checksum mismatch. Expected: 25250, calculated: 25249
[2026-02-08T20:02:28.481Z] [Worker] Packet too small: 6 bytes (min: 12)
[2026-02-08T20:02:28.539Z] [Worker] Packet too small: 6 bytes (min: 12)
[2026-02-08T20:02:28.541Z] [Worker] Packet too small: 6 bytes (min: 12)
[2026-02-08T20:02:28.550Z] [Worker] Invalid magic word: 0xdeadbee0
[2026-02-08T20:02:28.570Z] [Worker] Packet too small: 6 bytes (min: 12)
[2026-02-08T20:02:28.576Z] [Worker] Packet size mismatch. Expected: 4097, received: 4096
[2026-02-08T20:02:28.577Z] [Worker] Checksum mismatch. Expected: 25404, calculated: 25403
[2026-02-08T20:02:28.578Z] [Worker] Packet size mismatch. Expected: 4097, received: 4096
[2026-02-08T20:02:28.583Z] [Worker] Packet size mismatch. Expected: 112, received: 62
[2026-02-08T20:02:28.584Z] [Worker] Checksum mismatch. Expected: 25416, calculated: 25415
[2026-02-08T20:02:28.600Z] [Worker] Checksum mismatch. Expected: 25440, calculated: 25439
[2026-02-08T20:02:28.615Z] [Worker] Packet size mismatch. Expected: 112, received: 62
[2026-02-08T20:02:28.630Z] [Worker] Packet too small: 6 bytes (min: 12)
[2026-02-08T20:02:28.641Z] [Worker] Packet too small: 6 bytes (min: 12)
[2026-02-08T20:02:28.642Z] [Worker] Invalid magic word: 0xdeadbee0
[2026-02-08T20:02:28.660Z] [Worker] Packet size mismatch. Expected: 4097, received: 4096
[2026-02-08T20:02:28.682Z] [Worker] Checksum mismatch. Expected: 25317, calculated: 25316
[2026-02-08T20:02:28.711Z] [Worker] Invalid magic word: 0xdeadbee0
[2026-02-08T20:02:28.737Z] [Worker] Packet too small: 6 bytes (min: 12)
[2026-02-08T20:02:28.747Z] [Worker] Invalid magic word: 0xdeadbee0
[2026-02-08T20:02:28.755Z] [Worker] Packet size mismatch. Expected: 4097, received: 4096
[2026-02-08T20:02:28.764Z] [Worker] Packet size mismatch. Expected: 112, received: 62
[2026-02-08T20:02:28.793Z] [Worker] Invalid magic word: 0xdeadbee0
[2026-02-08T20:02:28.816Z] [Worker] Packet too small: 6 bytes (min: 12)
[2026-02-08T20:02:28.818Z] [Worker] Packet too small: 6 bytes (min: 12)
[2026-02-08T20:02:28.840Z] [Worker] Checksum mismatch. Expected: 25314, calculated: 25313
[2026-02-08T20:02:28.856Z] [Worker] Invalid magic word: 0xdeadbee0
[2026-02-08T20:02:28.860Z] [Worker] Checksum mismatch. Expected: 25346, calculated: 25345
[2026-02-08T20:02:28.866Z] [Worker] Invalid magic word: 0xdeadbee0
[2026-02-08T20:02:28.881Z] [Worker] Checksum mismatch. Expected: 25379, calculated: 25378
[2026-02-08T20:02:28.882Z] [Worker] Checksum mismatch. Expected: 25382, calculated: 25381
[2026-02-08T20:02:28.896Z] [Worker] Packet too small: 6 bytes (min: 12)
[2026-02-08T20:02:28.904Z] [Worker] Checksum mismatch. Expected: 25416, calculated: 25415
[2026-02-08T20:02:28.924Z] [Worker] Packet size mismatch. Expected: 4097, received: 4096
[2026-02-08T20:02:28.937Z] [Worker] Checksum mismatch. Expected: 25214, calculated: 25213
[2026-02-08T20:02:28.949Z] [Worker] Packet size mismatch. Expected: 112, received: 62
[2026-02-08T20:02:28.951Z] [Worker] Packet too small: 6 bytes (min: 12)
[2026-02-08T20:02:28.954Z] [Worker] Packet too small: 6 bytes (min: 12)
[2026-02-08T20:02:28.956Z] [Worker] Packet size mismatch. Expected: 112, received: 62
[2026-02-08T20:02:28.962Z] [Worker] Packet size mismatch. Expected: 4097, received: 4096
[2026-02-08T20:02:28.978Z] [Worker] Packet size mismatch. Expected: 112, received: 62
[2026-02-08T20:02:28.980Z] [Worker] Invalid magic word: 0xdeadbee0
[2026-02-08T20:02:28.986Z] [Worker] Packet size mismatch. Expected: 112, received: 62
[2026-02-08T20:02:29.027Z] [Worker] Checksum mismatch. Expected: 25355, calculated: 25354
[2026-02-08T20:02:29.029Z] [Worker] Packet size mismatch. Expected: 112, received: 62
[2026-02-08T20:02:29.052Z] [Worker] Packet size mismatch. Expected: 4097, received: 4096
[2026-02-08T20:02:29.061Z] [Worker] Packet size mismatch. Expected: 4097, received: 4096
[2026-02-08T20:02:29.076Z] [Worker] Packet size mismatch. Expected: 4097, received: 4096
[2026-02-08T20:02:29.091Z] [Worker] Packet size mismatch. Expected: 112, received: 62
[2026-02-08T20:02:29.099Z] [Worker] Packet size mismatch. Expected: 4097, received: 4096
[2026-02-08T20:02:29.103Z] [Worker] Packet size mismatch. Expected: 4097, received: 4096
[2026-02-08T20:02:29.131Z] [Worker] Checksum mismatch. Expected: 25266, calculated: 25265
[2026-02-08T20:02:29.138Z] [Worker] Invalid magic word: 0xdeadbee0
[2026-02-08T20:02:29.148Z] [Worker] Checksum mismatch. Expected: 25294, calculated: 25293
[2026-02-08T20:02:29.166Z] [Worker] Packet size mismatch. Expected: 112, received: 62
[2026-02-08T20:02:29.186Z] [Worker] Packet too small: 6 bytes (min: 12)
[2026-02-08T20:02:29.196Z] [Worker] Packet too small: 6 bytes (min: 12)
[2026-02-08T20:02:29.210Z] [Worker] Invalid magic word: 0xdeadbee0
[2026-02-08T20:02:29.221Z] [Worker] Checksum mismatch. Expected: 25410, calculated: 25409
[2026-02-08T20:02:29.224Z] [Worker] Packet size mismatch. Expected: 4097, received: 4096
[2026-02-08T20:02:29.229Z] [Worker] Invalid magic word: 0xdeadbee0
[2026-02-08T20:02:29.245Z] [Worker] Invalid magic word: 0xdeadbee0
[2026-02-08T20:02:29.257Z] [Worker] Packet too small: 6 bytes (min: 12)
[2026-02-08T20:02:29.296Z] [Worker] Invalid magic word: 0xdeadbee0
[2026-02-08T20:02:29.312Z] [Worker] Packet size mismatch. Expected: 4097, received: 4096
[2026-02-08T20:02:29.324Z] [Worker] Packet size mismatch. Expected: 112, received: 62
[2026-02-08T20:02:29.328Z] [Worker] Packet size mismatch. Expected: 112, received: 62
[2026-02-08T20:02:29.341Z] [Worker] Packet size mismatch. Expected: 4097, received: 4096
[2026-02-08T20:02:29.347Z] [Worker] Packet size mismatch. Expected: 112, received: 62
[2026-02-08T20:02:29.372Z] [Worker] Checksum mismatch. Expected: 25396, calculated: 25395
[2026-02-08T20:02:29.378Z] [Worker] Packet size mismatch. Expected: 112, received: 62
[2026-02-08T20:02:29.395Z] [Worker] Checksum mismatch. Expected: 25434, calculated: 25433
[2026-02-08T20:02:29.418Z] [Worker] Invalid magic word: 0xdeadbee0
[2026-02-08T20:02:29.443Z] [Worker] Packet too small: 6 bytes (min: 12)
[2026-02-08T20:02:29.446Z] [Worker] Packet too small: 6 bytes (min: 12)
[2026-02-08T20:02:29.488Z] [Worker] Packet too small: 6 bytes (min: 12)
[2026-02-08T20:02:29.489Z] [Worker] Invalid magic word: 0xdeadbee0
[2026-02-08T20:02:29.541Z] [Worker] Packet too small: 6 bytes (min: 12)
[2026-02-08T20:02:29.543Z] [Worker] Invalid magic word: 0xdeadbee0
[2026-02-08T20:02:29.547Z] [Worker] Invalid magic word: 0xdeadbee0
[2026-02-08T20:02:29.556Z] [Worker] Invalid magic word: 0xdeadbee0
[2026-02-08T20:02:29.567Z] [Worker] Invalid magic word: 0xdeadbee0
[2026-02-08T20:02:29.583Z] [Worker] Packet size mismatch. Expected: 4097, received: 4096
[2026-02-08T20:02:29.609Z] [Worker] Packet size mismatch. Expected: 4097, received: 4096
[2026-02-08T20:02:29.623Z] [Worker] Packet size mismatch. Expected: 112, received: 62
[2026-02-08T20:02:29.636Z] [Worker] Packet size mismatch. Expected: 4097, received: 4096
[2026-02-08T20:02:29.650Z] [Worker] Packet too small: 6 bytes (min: 12)
[2026-02-08T20:02:29.655Z] [Worker] Checksum mismatch. Expected: 25348, calculated: 25347
[2026-02-08T20:02:29.657Z] [Worker] Packet size mismatch. Expected: 4097, received: 4096
[2026-02-08T20:02:29.659Z] [Worker] Packet size mismatch. Expected: 112, received: 62
[2026-02-08T20:02:29.662Z] [Worker] Checksum mismatch. Expected: 25358, calculated: 25357
[2026-02-08T20:02:29.672Z] [Worker] Packet size mismatch. Expected: 112, received: 62
[2026-02-08T20:02:29.679Z] [Worker] Packet too small: 6 bytes (min: 12)
[2026-02-08T20:02:29.686Z] [Worker] Checksum mismatch. Expected: 25398, calculated: 25397
[2026-02-08T20:02:29.694Z] [Worker] Invalid magic word: 0xdeadbee0
[2026-02-08T20:02:29.705Z] [Worker] Packet too small: 6 bytes (min: 12)
[2026-02-08T20:02:29.715Z] [Worker] Invalid magic word: 0xdeadbee0
[2026-02-08T20:02:29.736Z] [Worker] Packet size mismatch. Expected: 4097, received: 4096
[2026-02-08T20:02:29.760Z] [Worker] Checksum mismatch. Expected: 25260, calculated: 25259
[2026-02-08T20:02:29.768Z] [Worker] Checksum mismatch. Expected: 25274, calculated: 25273
[2026-02-08T20:02:29.803Z] [Worker] Packet too small: 6 bytes (min: 12)
[2026-02-08T20:02:29.807Z] [Worker] Packet size mismatch. Expected: 4097, received: 4096
[2026-02-08T20:02:29.840Z] [Worker] Invalid magic word: 0xdeadbee0
[2026-02-08T20:02:29.842Z] [Worker] Packet size mismatch. Expected: 4097, received: 4096
[2026-02-08T20:02:29.852Z] [Worker] Packet size mismatch. Expected: 4097, received: 4096
[2026-02-08T20:02:29.872Z] [Worker] Packet too small: 6 bytes (min: 12)
[2026-02-08T20:02:29.880Z] [Worker] Packet size mismatch. Expected: 112, received: 62
[2026-02-08T20:02:29.918Z] [Worker] Packet size mismatch. Expected: 4097, received: 4096
[2026-02-08T20:02:29.929Z] [Worker] Packet size mismatch. Expected: 112, received: 62
[2026-02-08T20:02:29.932Z] [Worker] Checksum mismatch. Expected: 25280, calculated: 25279
[2026-02-08T20:02:29.960Z] [Worker] Packet too small: 6 bytes (min: 12)
[2026-02-08T20:02:29.961Z] [Worker] Packet too small: 6 bytes (min: 12)
[2026-02-08T20:02:29.976Z] [Worker] Packet too small: 6 bytes (min: 12)
[2026-02-08T20:02:29.995Z] [Worker] Invalid magic word: 0xdeadbee0
[2026-02-08T20:02:30.022Z] [Worker] Invalid magic word: 0xdeadbee0
[2026-02-08T20:02:30.031Z] [Worker] Invalid magic word: 0xdeadbee0
[2026-02-08T20:02:30.049Z] [Worker] Packet size mismatch. Expected: 4097, received: 4096
[2026-02-08T20:02:30.057Z] [Worker] Packet size mismatch. Expected: 112, received: 62
[2026-02-08T20:02:30.067Z] [Worker] Checksum mismatch. Expected: 25238, calculated: 25237
[2026-02-08T20:02:30.071Z] [Worker] Packet too small: 6 bytes (min: 12)
[2026-02-08T20:02:30.139Z] [Worker] Invalid magic word: 0x[2026-02-08T20:02:30.139Z] [Worker] Packet size mismatch. Expected: 70, received: 3e
deadbee0
[2026-02-08T20:02:30.144Z] [Worker] Packet size mismatch. Expected: 112, received: 62
[2026-02-08T20:02:30.155Z] [Worker] Packet size mismatch. Expected: 112, received: 62
[2026-02-08T20:02:30.193Z] [Worker] Invalid magic word: 0xdeadbee0
[2026-02-08T20:02:30.226Z] [Worker] Invalid magic word: 0xdeadbee0
[2026-02-08T20:02:30.234Z] [Worker] Packet size mismatch. Expected: 112, received: 62
[2026-02-08T20:02:30.235Z] [Worker] Packet size mismatch. Expected: 112, received: 62
[2026-02-08T20:02:30.236Z] [Worker] Checksum mismatch. Expected: 25253, calculated: 25252
[2026-02-08T20:02:30.244Z] [Worker] Invalid magic word: 0xdeadbee0
[2026-02-08T20:02:30.287Z] [Worker] Packet too small: 6 bytes (min: 12)
[2026-02-08T20:02:30.287Z] [Worker] Invalid magic word: 0xdeadbee0
[2026-02-08T20:02:30.315Z] [Worker] Packet size mismatch. Expected: 4097, received: 4096
[2026-02-08T20:02:30.343Z] [Worker] Packet size mismatch. Expected: 4097, received: 4096
[2026-02-08T20:02:30.357Z] [Worker] Packet too small: 6 bytes (min: 12)
[2026-02-08T20:02:30.360Z] [Worker] Invalid magic word: 0xdeadbee0
[2026-02-08T20:02:30.368Z] [Worker] Invalid magic word: 0xdeadbee0
[2026-02-08T20:02:30.386Z] [Worker] Packet too small: 6 bytes (min: 12)
[2026-02-08T20:02:30.394Z] [Worker] Invalid magic word: 0xdeadbee0
[2026-02-08T20:02:30.395Z] [Worker] Checksum mismatch. Expected: 25251, calculated: 25250
[2026-02-08T20:02:30.406Z] [Worker] Packet size mismatch. Expected: 112, received: 62
[2026-02-08T20:02:30.406Z] [Worker] Packet size mismatch. Expected: 4097, received: 4096
[2026-02-08T20:02:30.409Z] [Worker] Packet size mismatch. Expected: 4097, received: 4096
[2026-02-08T20:02:30.453Z] [Worker] Invalid magic word: 0xdeadbee0
[2026-02-08T20:02:30.453Z] [Worker] Packet too small: 6 bytes (min: 12)
[2026-02-08T20:02:30.459Z] [Worker] Packet size mismatch. Expected: 4097, received: 4096
[2026-02-08T20:02:30.460Z] [Worker] Invalid magic word: 0xdeadbee0
[2026-02-08T20:02:30.472Z] [Worker] Invalid magic word: 0xdeadbee0
[2026-02-08T20:02:30.479Z] [Worker] Checksum mismatch. Expected: 25387, calculated: 25386
[2026-02-08T20:02:30.538Z] [Worker] Invalid magic word: 0xdeadbee0
[2026-02-08T20:02:30.548Z] [Worker] Packet size mismatch. Expected: 4097, received: 4096
[2026-02-08T20:02:30.570Z] [Worker] Invalid magic word: 0xdeadbee0
[2026-02-08T20:02:30.572Z] [Worker] Packet size mismatch. Expected: 112, received: 62
[2026-02-08T20:02:30.591Z] [Worker] Checksum mismatch. Expected: 25312, calculated: 25311
[2026-02-08T20:02:30.602Z] [Worker] Packet size mismatch. Expected: 4097, received: 4096
[2026-02-08T20:02:30.610Z] [Worker] Packet size mismatch. Expected: 4097, received: 4096
[2026-02-08T20:02:30.638Z] [Worker] Invalid magic word: 0xdeadbee0
[2026-02-08T20:02:30.641Z] [Worker] Packet size mismatch. Expected: 112, received: 62
[2026-02-08T20:02:30.642Z] [Worker] Packet size mismatch. Expected: 4097, received: 4096
[2026-02-08T20:02:30.678Z] [Worker] Packet size mismatch. Expected: 112, received: 62
[2026-02-08T20:02:30.682Z] [Worker] Checksum mismatch. Expected: 25459, calculated: 25458
[2026-02-08T20:02:30.705Z] [Worker] Packet size mismatch. Expected: 112, received: 62
[2026-02-08T20:02:30.716Z] [Worker] Checksum mismatch. Expected: 25258, calculated: 25257
[2026-02-08T20:02:30.730Z] [Worker] Packet too small: 6 bytes (min: 12)
[2026-02-08T20:02:30.736Z] [Worker] Invalid magic word: 0xdeadbee0
[2026-02-08T20:02:30.752Z] [Worker] Invalid magic word: 0xdeadbee0
[2026-02-08T20:02:30.752Z] [Worker] Packet size mismatch. Expected: 4097, received: 4096
[2026-02-08T20:02:30.781Z] [Worker] Packet size mismatch. Expected: 112, received: 62
[2026-02-08T20:02:30.836Z] [Worker] Invalid magic word: 0xdeadbee0
[2026-02-08T20:02:30.839Z] [Worker] Packet too small: 6 bytes (min: 12)
[2026-02-08T20:02:30.856Z] [Worker] Packet size mismatch. Expected: 4097, received: 4096
[2026-02-08T20:02:30.858Z] [Worker] Packet size mismatch. Expected: 4097, received: 4096
[2026-02-08T20:02:30.868Z] [Worker] Packet size mismatch. Expected: 4097, received: 4096
[2026-02-08T20:02:30.916Z] [Worker] Invalid magic word: 0xdeadbee0
[2026-02-08T20:02:30.927Z] [Worker] Invalid magic word: 0xdeadbee0
[2026-02-08T20:02:30.937Z] [Worker] Checksum mismatch. Expected: 25358, calculated: 25357
[2026-02-08T20:02:30.946Z] [Worker] Packet size mismatch. Expected: 112, received: 62
[2026-02-08T20:02:30.948Z] [Worker] Packet too small: 6 bytes (min: 12)
[2026-02-08T20:02:30.975Z] [Worker] Checksum mismatch. Expected: 25420, calculated: 25419
[2026-02-08T20:02:30.983Z] [Worker] Packet too small: 6 bytes (min: 12)
[2026-02-08T20:02:30.986Z] [Worker] Checksum mismatch. Expected: 25439, calculated: 25438
[2026-02-08T20:02:30.996Z] [Worker] Checksum mismatch. Expected: 25454, calculated: 25453
[2026-02-08T20:02:31.038Z] [Worker] Packet too small: 6 bytes (min: 12)
[2026-02-08T20:02:31.048Z] [Worker] Packet too small: 6 bytes (min: 12)
[2026-02-08T20:02:31.052Z] [Worker] Packet too small: 6 bytes (min: 12)
[2026-02-08T20:02:31.072Z] [Worker] Checksum mismatch. Expected: 25323, calculated: 25322
[2026-02-08T20:02:31.079Z] [Worker] Checksum mismatch. Expected: 25336, calculated: 25335
[2026-02-08T20:02:31.085Z] [Worker] Invalid magic word: 0xdeadbee0
[2026-02-08T20:02:31.094Z] [Worker] Packet size mismatch. Expected: 112, received: 62
[2026-02-08T20:02:31.095Z] [Worker] Packet size mismatch. Expected: 112, received: 62
[2026-02-08T20:02:31.121Z] [Worker] Packet too small: 6 bytes (min: 12)
[2026-02-08T20:02:31.141Z] [Worker] Packet size mismatch. Expected: 112, received: 62
[2026-02-08T20:02:31.163Z] [Worker] Invalid magic word: 0xdeadbee0
[2026-02-08T20:02:31.210Z] [Worker] Packet size mismatch. Expected: 4097, received: 4096
[2026-02-08T20:02:31.214Z] [Worker] Packet size mismatch. Expected: 112, received: 62
[2026-02-08T20:02:31.238Z] [Worker] Packet size mismatch. Expected: 4097, received: 4096
[2026-02-08T20:02:31.241Z] [Worker] Invalid magic word: 0xdeadbee0
[2026-02-08T20:02:31.250Z] [Worker] Checksum mismatch. Expected: 25356, calculated: 25355
[2026-02-08T20:02:31.252Z] [Worker] Packet size mismatch. Expected: 4097, received: 4096
[2026-02-08T20:02:31.269Z] [Worker] Packet size mismatch. Expected: 4097, received: 4096
[2026-02-08T20:02:31.286Z] [Worker] Packet size mismatch. Expected: 112, received: 62
[2026-02-08T20:02:31.304Z] [Worker] Invalid magic word: 0xdeadbee0
[2026-02-08T20:02:31.313Z] [Worker] Checksum mismatch. Expected: 25456, calculated: 25455
[2026-02-08T20:02:31.315Z] [Worker] Packet size mismatch. Expected: 112, received: 62
[2026-02-08T20:02:31.322Z] [Worker] Packet too small: 6 bytes (min: 12)
[2026-02-08T20:02:31.324Z] [Worker] Invalid magic word: 0xdeadbee0
[2026-02-08T20:02:31.330Z] [Worker] Packet size mismatch. Expected: 4097, received: 4096
[2026-02-08T20:02:31.336Z] [Worker] Packet size mismatch. Expected: 4097, received: 4096
[2026-02-08T20:02:31.341Z] [Worker] Packet too small: 6 bytes (min: 12)
[2026-02-08T20:02:31.343Z] [Worker] Packet size mismatch. Expected: 112, received: 62
[2026-02-08T20:02:31.344Z] [Worker] Packet size mismatch. Expected: 4097, received: 4096
[2026-02-08T20:02:31.353Z] [Worker] Packet too small: 6 bytes (min: 12)
[2026-02-08T20:02:31.394Z] [Worker] Packet too small: 6 bytes (min: 12)
[2026-02-08T20:02:31.406Z] [Worker] Packet size mismatch. Expected: 4097, received: 4096
[2026-02-08T20:02:31.410Z] [Worker] Invalid magic word: 0xdeadbee0
[2026-02-08T20:02:31.411Z] [Worker] Packet size mismatch. Expected: 112, received: 62
[2026-02-08T20:02:31.424Z] [Worker] Invalid magic word: 0xdeadbee0
[2026-02-08T20:02:31.445Z] [Worker] Packet size mismatch. Expected: 4097, received: 4096
[2026-02-08T20:02:31.453Z] [Worker] Packet size mismatch. Expected: 4097, received: 4096
[2026-02-08T20:02:31.453Z] [Worker] Packet size mismatch. Expected: 112, received: 62
[2026-02-08T20:02:31.457Z] [Worker] Packet too small: 6 bytes (min: 12)
[2026-02-08T20:02:31.463Z] [Worker] Packet size mismatch. Expected: 112, received: 62
[2026-02-08T20:02:31.470Z] [Worker] Packet size mismatch. Expected: 4097, received: 4096
[2026-02-08T20:02:31.480Z] [Worker] Packet too small: 6 bytes (min: 12)
[2026-02-08T20:02:31.503Z] [Worker] Packet too small: 6 bytes (min: 12)
[2026-02-08T20:02:31.525Z] [Worker] Invalid magic word: 0xdeadbee0
[2026-02-08T20:02:31.562Z] [Worker] Invalid magic word: 0xdeadbee0
[2026-02-08T20:02:31.569Z] [Worker] Packet size mismatch. Expected: 112, received: 62
[2026-02-08T20:02:31.585Z] [Worker] Invalid magic word: 0xdeadbee0
[2026-02-08T20:02:31.587Z] [Worker] Packet size mismatch. Expected: 4097, received: 4096
[2026-02-08T20:02:31.604Z] [Worker] Packet size mismatch. Expected: 112, received: 62
[2026-02-08T20:02:31.620Z] [Worker] Packet size mismatch. Expected: 4097, received: 4096
[2026-02-08T20:02:31.629Z] [Worker] Checksum mismatch. Expected: 25451, calculated: 25450
[2026-02-08T20:02:31.661Z] [Worker] Packet size mismatch. Expected: 4097, received: 4096
[2026-02-08T20:02:31.672Z] [Worker] Packet size mismatch. Expected: 4097, received: 4096
[2026-02-08T20:02:31.686Z] [Worker] Packet size mismatch. Expected: 112, received: 62
[2026-02-08T20:02:31.722Z] [Worker] Packet too small: 6 bytes (min: 12)
[2026-02-08T20:02:31.729Z] [Worker] Packet too small: 6 bytes (min: 12)
[2026-02-08T20:02:31.767Z] [Worker] Packet size mismatch. Expected: 112, received: 62
[2026-02-08T20:02:31.783Z] [Worker] Packet size mismatch. Expected: 4097, received: 4096
[2026-02-08T20:02:31.785Z] [Worker] Packet size mismatch. Expected: 112, received: 62
[2026-02-08T20:02:31.838Z] [Worker] Invalid magic word: 0xdeadbee0
[2026-02-08T20:02:31.846Z] [Worker] Packet size mismatch. Expected: 4097, received: 4096
[2026-02-08T20:02:31.861Z] [Worker] Checksum mismatch. Expected: 25309, calculated: 25308
[2026-02-08T20:02:31.865Z] [Worker] Packet too small: 6 bytes (min: 12)
[2026-02-08T20:02:31.871Z] [Worker] Packet too small: 6 bytes (min: 12)
[2026-02-08T20:02:31.876Z] [Worker] Packet size mismatch. Expected: 112, received: 62
[2026-02-08T20:02:31.903Z] [Worker] Packet size mismatch. Expected: 112, received: 62
[2026-02-08T20:02:31.906Z] [Worker] Packet size mismatch. Expected: 4097, received: 4096
[2026-02-08T20:02:31.910Z] [Worker] Packet too small: 6 bytes (min: 12)
[2026-02-08T20:02:31.911Z] [Worker] Checksum mismatch. Expected: 25389, calculated: 25388
[2026-02-08T20:02:31.918Z] [Worker] Packet size mismatch. Expected: 4097, received: 4096
[2026-02-08T20:02:31.921Z] [Worker] Packet size mismatch. Expected: 112, received: 62
[2026-02-08T20:02:31.930Z] [Worker] Packet size mismatch. Expected: 4097, received: 4096
[2026-02-08T20:02:31.942Z] [Worker] Checksum mismatch. Expected: 25436, calculated: 25435
[2026-02-08T20:02:31.945Z] [Worker] Checksum mismatch. Expected: 25441, calculated: 25440
[2026-02-08T20:02:31.956Z] [Worker] Packet size mismatch. Expected: 112, received: 62
[2026-02-08T20:02:31.959Z] [Worker] Packet too small: 6 bytes (min: 12)
[2026-02-08T20:02:31.961Z] [Worker] Packet size mismatch. Expected: 112, received: 62
[2026-02-08T20:02:31.962Z] [Worker] Packet too small: 6 bytes (min: 12)
[2026-02-08T20:02:31.969Z] [Worker] Packet too small: 6 bytes (min: 12)
[2026-02-08T20:02:31.989Z] [Worker] Invalid magic word: 0xdeadbee0
[2026-02-08T20:02:32.000Z] [Worker] Invalid magic word: 0xdeadbee0
[2026-02-08T20:02:32.013Z] [Worker] Packet too small: 6 bytes (min: 12)
[2026-02-08T20:02:32.028Z] [Worker] Checksum mismatch. Expected: 25317, calculated: 25316
[2026-02-08T20:02:32.033Z] [Worker] Packet size mismatch. Expected: 112, received: 62
[2026-02-08T20:02:32.033Z] [Worker] Packet too small: 6 bytes (min: 12)
[2026-02-08T20:02:32.036Z] [Worker] Packet size mismatch. Expected: 112, received: 62
[2026-02-08T20:02:32.045Z] [Worker] Packet size mismatch. Expected: 4097, received: 4096
[2026-02-08T20:02:32.061Z] [Worker] Packet too small: 6 bytes (min: 12)
[2026-02-08T20:02:32.063Z] [Worker] Packet size mismatch. Expected: 112, received: 62
[2026-02-08T20:02:32.112Z] [Worker] Checksum mismatch. Expected: 25454, calculated: 25453
[2026-02-08T20:02:32.120Z] [Worker] Invalid magic word: 0xdeadbee0
[2026-02-08T20:02:32.125Z] [Worker] Packet size mismatch. Expected: 4097, received: 4096
[2026-02-08T20:02:32.134Z] [Worker] Checksum mismatch. Expected: 25234, calculated: 25233
[2026-02-08T20:02:32.150Z] [Worker] Invalid magic word: 0xdeadbee0
[2026-02-08T20:02:32.161Z] [Worker] Invalid magic word: 0x[2026-02-08T20:02:32.161Z] [Worker] Packet size mismatch. Expected: 70, received: 3e
deadbee0
[2026-02-08T20:02:32.167Z] [Worker] Packet size mismatch. Expected: 4097, received: 4096
[2026-02-08T20:02:32.181Z] [Worker] Packet size mismatch. Expected: 112, received: 62
[2026-02-08T20:02:32.190Z] [Worker] Checksum mismatch. Expected: 25327, calculated: 25326
[2026-02-08T20:02:32.204Z] [Worker] Packet size mismatch. Expected: 4097, received: 4096
[2026-02-08T20:02:32.207Z] [Worker] Invalid magic word: 0xdeadbee0
[2026-02-08T20:02:32.212Z] [Worker] Packet size mismatch. Expected: 112, received: 62
[2026-02-08T20:02:32.219Z] [Worker] Packet size mismatch. Expected: 4097, received: 4096
[2026-02-08T20:02:32.244Z] [Worker] Packet too small: 6 bytes (min: 12)
[2026-02-08T20:02:32.264Z] [Worker] Packet too small: 6 bytes (min: 12)
[2026-02-08T20:02:32.289Z] [Worker] Packet too small: 6 bytes (min: 12)
[2026-02-08T20:02:32.330Z] [Worker] Checksum mismatch. Expected: 25300, calculated: 25299
[2026-02-08T20:02:32.365Z] [Worker] Packet size mismatch. Expected: 4097, received: 4096
[2026-02-08T20:02:32.369Z] [Worker] Packet size mismatch. Expected: 112, received: 62
[2026-02-08T20:02:32.397Z] [Worker] Checksum mismatch. Expected: 25403, calculated: 25402
[2026-02-08T20:02:32.407Z] [Worker] Packet size mismatch. Expected: 4097, received: 4096
[2026-02-08T20:02:32.413Z] [Worker] Packet size mismatch. Expected: 4097, received: 4096
[2026-02-08T20:02:32.420Z] [Worker] Invalid magic word: 0xdeadbee0
[2026-02-08T20:02:32.422Z] [Worker] Packet size mismatch. Expected: 4097, received: 4096
[2026-02-08T20:02:32.479Z] [Worker] Checksum mismatch. Expected: 25279, calculated: 25278
[2026-02-08T20:02:32.479Z] [Worker] Invalid magic word: 0xdeadbee0
[2026-02-08T20:02:32.490Z] [Worker] Packet size mismatch. Expected: 4097, received: 4096
[2026-02-08T20:02:32.521Z] [Worker] Checksum mismatch. Expected: 25346, calculated: 25345
[2026-02-08T20:07:12.578Z] [Worker] Invalid magic word: 0xdeadbee0
[2026-02-08T20:07:12.593Z] [Worker] Packet size mismatch. Expected: 4097, received: 4096
[2026-02-08T20:07:12.598Z] [Worker] Packet size mismatch. Expected: 4097, received: 4096
[2026-02-08T20:07:12.603Z] [Worker] Packet size mismatch. Expected: 4097, received: 4096
[2026-02-08T20:07:12.613Z] [Worker] Packet size mismatch. Expected: 112, received: 62
[2026-02-08T20:07:12.614Z] [Worker] Checksum mismatch. Expected: 25185, calculated: 25184
[2026-02-08T20:07:12.629Z] [Worker] Packet too small: 6 bytes (min: 12)
[2026-02-08T20:07:12.630Z] [Worker] Checksum mismatch. Expected: 25209, calculated: 25208
[2026-02-08T20:07:12.655Z] [Worker] Invalid magic word: 0xdeadbee0
[2026-02-08T20:07:12.665Z] [Worker] Invalid magic word: 0xdeadbee0
[2026-02-08T20:07:12.666Z] [Worker] Checksum mismatch. Expected: 25267, calculated: 25266
[2026-02-08T20:07:12.687Z] [Worker] Packet size mismatch. Expected: 4097, received: 4096
[2026-02-08T20:07:12.694Z] [Worker] Packet size mismatch. Expected: 112, received: 62
[2026-02-08T20:07:12.727Z] [Worker] Invalid magic word: 0xdeadbee0
[2026-02-08T20:07:12.760Z] [Worker] Checksum mismatch. Expected: 25164, calculated: 25163
[2026-02-08T20:07:12.790Z] [Worker] Invalid magic word: 0xdeadbee0
[2026-02-08T20:07:12.812Z] [Worker] Packet too small: 6 bytes (min: 12)
[2026-02-08T20:07:12.813Z] [Worker] Packet size mismatch. Expected: 112, received: 62
[2026-02-08T20:07:12.815Z] [Worker] Invalid magic word: 0xdeadbee0
[2026-02-08T20:07:12.822Z] [Worker] Packet too small: 6 bytes (min: 12)
[2026-02-08T20:07:12.830Z] [Worker] Checksum mismatch. Expected: 25276, calculated: 25275
[2026-02-08T20:07:12.834Z] [Worker] Packet size mismatch. Expected: 112, received: 62
[2026-02-08T20:07:12.850Z] [Worker] Checksum mismatch. Expected: 25307, calculated: 25306
[2026-02-08T20:07:12.853Z] [Worker] Invalid magic word: 0xdeadbee0
[2026-02-08T20:07:12.877Z] [Worker] Invalid magic word: 0xdeadbee0
[2026-02-08T20:07:12.885Z] [Worker] Packet size mismatch. Expected: 112, received: 62
[2026-02-08T20:07:12.896Z] [Worker] Packet size mismatch. Expected: 4097, received: 4096
[2026-02-08T20:07:12.907Z] [Worker] Packet too small: 6 bytes (min: 12)
[2026-02-08T20:07:12.916Z] [Worker] Checksum mismatch. Expected: 25156, calculated: 25155
[2026-02-08T20:07:12.930Z] [Worker] Invalid magic word: 0xdeadbee0
[2026-02-08T20:07:12.955Z] [Worker] Invalid magic word: 0xdeadbee0
[2026-02-08T20:07:12.960Z] [Worker] Checksum mismatch. Expected: 25227, calculated: 25226
[2026-02-08T20:07:12.974Z] [Worker] Invalid magic word: 0xdeadbee0
[2026-02-08T20:07:12.983Z] [Worker] Checksum mismatch. Expected: 25264, calculated: 25263
[2026-02-08T20:07:12.990Z] [Worker] Packet size mismatch. Expected: 4097, received: 4096
[2026-02-08T20:07:12.999Z] [Worker] Invalid magic word: 0xdeadbee0
[2026-02-08T20:07:13.013Z] [Worker] Packet too small: 6 bytes (min: 12)
[2026-02-08T20:07:13.024Z] [Worker] Invalid magic word: 0xdeadbee0
[2026-02-08T20:07:13.026Z] [Worker] Packet size mismatch. Expected: 112, received: 62
[2026-02-08T20:07:13.029Z] [Worker] Checksum mismatch. Expected: 25336, calculated: 25335
[2026-02-08T20:07:13.031Z] [Worker] Packet size mismatch. Expected: 4097, received: 4096
[2026-02-08T20:07:13.054Z] [Worker] Packet size mismatch. Expected: 4097, received: 4096
[2026-02-08T20:07:13.055Z] [Worker] Checksum mismatch. Expected: 25377, calculated: 25376
[2026-02-08T20:07:13.059Z] [Worker] Invalid magic word: 0xdeadbee0
[2026-02-08T20:07:13.071Z] [Worker] Packet size mismatch. Expected: 112, received: 62
[2026-02-08T20:07:13.075Z] [Worker] Invalid magic word: 0xdeadbee0
[2026-02-08T20:07:13.084Z] [Worker] Checksum mismatch. Expected: 25167, calculated: 25166
[2026-02-08T20:07:13.099Z] [Worker] Packet size mismatch. Expected: 4097, received: 4096
[2026-02-08T20:07:13.108Z] [Worker] Invalid magic word: 0xdeadbee0
[2026-02-08T20:07:13.109Z] [Worker] Invalid magic word: 0xdeadbee0
[2026-02-08T20:07:13.144Z] [Worker] Packet size mismatch. Expected: 112, received: 62
[2026-02-08T20:07:13.154Z] [Worker] Checksum mismatch. Expected: 25280, calculated: 25279
[2026-02-08T20:07:13.164Z] [Worker] Checksum mismatch. Expected: 25295, calculated: 25294
[2026-02-08T20:07:13.171Z] [Worker] Checksum mismatch. Expected: 25306, calculated: 25305
[2026-02-08T20:07:13.191Z] [Worker] Packet size mismatch. Expected: 112, received: 62
[2026-02-08T20:07:13.214Z] [Worker] Packet size mismatch. Expected: 4097, received: 4096
[2026-02-08T20:07:13.217Z] [Worker] Packet too small: 6 bytes (min: 12)
[2026-02-08T20:07:13.218Z] [Worker] Invalid magic word: 0xdeadbee0
[2026-02-08T20:07:13.218Z] [Worker] Invalid magic word: 0xdeadbee0
[2026-02-08T20:07:13.219Z] [Worker] Packet too small: 6 bytes (min: 12)
[2026-02-08T20:07:13.224Z] [Worker] Checksum mismatch. Expected: 25136, calculated: 25135
[2026-02-08T20:07:13.238Z] [Worker] Checksum mismatch. Expected: 25157, calculated: 25156
[2026-02-08T20:07:13.277Z] [Worker] Packet too small: 6 bytes (min: 12)
[2026-02-08T20:07:13.287Z] [Worker] Checksum mismatch. Expected: 25238, calculated: 25237
[2026-02-08T20:07:13.294Z] [Worker] Invalid magic word: 0xdeadbee0
[2026-02-08T20:07:13.302Z] [Worker] Invalid magic word: 0xdeadbee0
[2026-02-08T20:07:13.338Z] [Worker] Packet too small: 6 bytes (min: 12)
[2026-02-08T20:07:13.339Z] [Worker] Packet too small: 6 bytes (min: 12)
[2026-02-08T20:07:13.353Z] [Worker] Invalid magic word: 0xdeadbee0
[2026-02-08T20:07:13.354Z] [Worker] Packet size mismatch. Expected: 112, received: 62
[2026-02-08T20:07:13.364Z] [Worker] Checksum mismatch. Expected: 25360, calculated: 25359
[2026-02-08T20:07:13.411Z] [Worker] Packet size mismatch. Expected: 4097, received: 4096
[2026-02-08T20:07:13.422Z] [Worker] Packet size mismatch. Expected: 4097, received: 4096
[2026-02-08T20:07:13.430Z] [Worker] Checksum mismatch. Expected: 25212, calculated: 25211
[2026-02-08T20:07:13.438Z] [Worker] Packet size mismatch. Expected: 112, received: 62
[2026-02-08T20:07:13.446Z] [Worker] Invalid magic word: 0xdeadbee0
[2026-02-08T20:07:13.466Z] [Worker] Invalid magic word: 0xdeadbee0
[2026-02-08T20:07:13.473Z] [Worker] Checksum mismatch. Expected: 25282, calculated: 25281
[2026-02-08T20:07:13.475Z] [Worker] Packet size mismatch. Expected: 4097, received: 4096
[2026-02-08T20:07:13.480Z] [Worker] Packet size mismatch. Expected: 112, received: 62
[2026-02-08T20:07:13.486Z] [Worker] Packet size mismatch. Expected: 4097, received: 4096
[2026-02-08T20:07:13.489Z] [Worker] Packet too small: 6 bytes (min: 12)
[2026-02-08T20:07:13.493Z] [Worker] Invalid magic word: 0xdeadbee0
[2026-02-08T20:07:13.496Z] [Worker] Packet size mismatch. Expected: 112, received: 62
[2026-02-08T20:07:13.499Z] [Worker] Invalid magic word: 0xdeadbee0
[2026-02-08T20:07:13.507Z] [Worker] Packet too small: 6 bytes (min: 12)
[2026-02-08T20:07:13.518Z] [Worker] Packet size mismatch. Expected: 112, received: 62
[2026-02-08T20:07:13.568Z] [Worker] Checksum mismatch. Expected: 25181, calculated: 25180
[2026-02-08T20:07:13.570Z] [Worker] Packet size mismatch. Expected: 4097, received: 4096
[2026-02-08T20:07:13.571Z] [Worker] Packet size mismatch. Expected: 4097, received: 4096
[2026-02-08T20:07:13.572Z] [Worker] Checksum mismatch. Expected: 25187, calculated: 25186
[2026-02-08T20:07:13.574Z] [Worker] Checksum mismatch. Expected: 25192, calculated: 25191
[2026-02-08T20:07:13.585Z] [Worker] Packet size mismatch. Expected: 4097, received: 4096
[2026-02-08T20:07:13.632Z] [Worker] Packet size mismatch. Expected: 4097, received: 4096
[2026-02-08T20:07:13.658Z] [Worker] Packet too small: 6 bytes (min: 12)
[2026-02-08T20:07:13.660Z] [Worker] Packet too small: 6 bytes (min: 12)
[2026-02-08T20:07:13.683Z] [Worker] Checksum mismatch. Expected: 25369, calculated: 25368
[2026-02-08T20:07:13.697Z] [Worker] Packet size mismatch. Expected: 112, received: 62
[2026-02-08T20:07:13.701Z] [Worker] Invalid magic word: 0xdeadbee0
[2026-02-08T20:07:13.739Z] [Worker] Packet size mismatch. Expected: 112, received: 62
[2026-02-08T20:07:13.739Z] [Worker] Checksum mismatch. Expected: 25207, calculated: 25206
[2026-02-08T20:07:13.752Z] [Worker] Checksum mismatch. Expected: 25227, calculated: 25226
[2026-02-08T20:07:13.754Z] [Worker] Packet too small: 6 bytes (min: 12)
[2026-02-08T20:07:13.755Z] [Worker] Invalid magic word: 0xdeadbee0
[2026-02-08T20:07:13.781Z] [Worker] Packet too small: 6 bytes (min: 12)
[2026-02-08T20:07:13.798Z] [Worker] Checksum mismatch. Expected: 25301, calculated: 25300
[2026-02-08T20:07:13.821Z] [Worker] Packet size mismatch. Expected: 112, received: 62
[2026-02-08T20:07:13.834Z] [Worker] Checksum mismatch. Expected: 25359, calculated: 25358
[2026-02-08T20:07:13.836Z] [Worker] Packet too small: 6 bytes (min: 12)
[2026-02-08T20:07:13.844Z] [Worker] Packet too small: 6 bytes (min: 12)
[2026-02-08T20:07:13.853Z] [Worker] Invalid magic word: 0xdeadbee0
[2026-02-08T20:07:13.854Z] [Worker] Invalid magic word: 0xdeadbee0
[2026-02-08T20:07:13.856Z] [Worker] Checksum mismatch. Expected: 25140, calculated: 25139
[2026-02-08T20:07:13.858Z] [Worker] Packet size mismatch. Expected: 112, received: 62
[2026-02-08T20:07:13.862Z] [Worker] Checksum mismatch. Expected: 25150, calculated: 25149
[2026-02-08T20:07:13.869Z] [Worker] Checksum mismatch. Expected: 25162, calculated: 25161
[2026-02-08T20:07:13.872Z] [Worker] Packet too small: 6 bytes (min: 12)
[2026-02-08T20:07:13.915Z] [Worker] Packet too small: 6 bytes (min: 12)
[2026-02-08T20:07:13.918Z] [Worker] Packet too small: 6 bytes (min: 12)
[2026-02-08T20:07:13.922Z] [Worker] Checksum mismatch. Expected: 25248, calculated: 25247
[2026-02-08T20:07:13.925Z] [Worker] Invalid magic word: 0xdeadbee0
[2026-02-08T20:07:13.932Z] [Worker] Packet too small: 6 bytes (min: 12)
[2026-02-08T20:07:13.967Z] [Worker] Packet too small: 6 bytes (min: 12)
[2026-02-08T20:07:13.978Z] [Worker] Checksum mismatch. Expected: 25339, calculated: 25338
[2026-02-08T20:07:14.014Z] [Worker] Checksum mismatch. Expected: 25144, calculated: 25143
[2026-02-08T20:07:14.031Z] [Worker] Invalid magic word: 0xdeadbee0
[2026-02-08T20:07:14.041Z] [Worker] Packet size mismatch. Expected: 4097, received: 4096
[2026-02-08T20:07:14.068Z] [Worker] Checksum mismatch. Expected: 25229, calculated: 25228
[2026-02-08T20:07:14.072Z] [Worker] Invalid magic word: 0xdeadbee0
[2026-02-08T20:07:14.080Z] [Worker] Packet too small: 6 bytes (min: 12)
[2026-02-08T20:07:14.104Z] [Worker] Packet size mismatch. Expected: 112, received: 62
[2026-02-08T20:07:14.118Z] [Worker] Packet size mismatch. Expected: 112, received: 62
[2026-02-08T20:07:14.147Z] [Worker] Packet too small: 6 bytes (min: 12)
[2026-02-08T20:07:14.178Z] [Worker] Packet size mismatch. Expected: 4097, received: 4096
[2026-02-08T20:07:14.207Z] [Worker] Invalid magic word: 0xdeadbee0
[2026-02-08T20:07:14.223Z] [Worker] Packet too small: 6 bytes (min: 12)
[2026-02-08T20:07:14.224Z] [Worker] Checksum mismatch. Expected: 25227, calculated: 25226
[2026-02-08T20:07:14.235Z] [Worker] Invalid magic word: 0xdeadbee0
[2026-02-08T20:07:14.259Z] [Worker] Checksum mismatch. Expected: 25285, calculated: 25284
[2026-02-08T20:07:14.276Z] [Worker] Packet too small: 6 bytes (min: 12)
[2026-02-08T20:07:14.280Z] [Worker] Invalid magic word: 0xdeadbee0
[2026-02-08T20:07:14.281Z] [Worker] Checksum mismatch. Expected: 25320, calculated: 25319
[2026-02-08T20:07:14.308Z] [Worker] Invalid magic word: 0xdeadbee0
[2026-02-08T20:07:14.318Z] [Worker] Packet size mismatch. Expected: 4097, received: 4096
[2026-02-08T20:07:14.322Z] [Worker] Packet size mismatch. Expected: 112, received: 62
[2026-02-08T20:07:14.346Z] [Worker] Packet size mismatch. Expected: 4097, received: 4096
[2026-02-08T20:07:14.355Z] [Worker] Checksum mismatch. Expected: 25185, calculated: 25184
[2026-02-08T20:07:14.366Z] [Worker] Invalid magic word: 0xdeadbee0
[2026-02-08T20:07:14.373Z] [Worker] Packet size mismatch. Expected: 4097, received: 4096
[2026-02-08T20:07:14.385Z] [Worker] Packet size mismatch. Expected: 112, received: 62
[2026-02-08T20:07:14.387Z] [Worker] Packet too small: 6 bytes (min: 12)
[2026-02-08T20:07:14.392Z] [Worker] Checksum mismatch. Expected: 25247, calculated: 25246
[2026-02-08T20:07:14.420Z] [Worker] Checksum mismatch. Expected: 25292, calculated: 25291
[2026-02-08T20:07:14.429Z] [Worker] Packet size mismatch. Expected: 4097, received: 4096
[2026-02-08T20:07:14.435Z] [Worker] Packet size mismatch. Expected: 112, received: 62
[2026-02-08T20:07:14.436Z] [Worker] Checksum mismatch. Expected: 25316, calculated: 25315
[2026-02-08T20:07:14.463Z] [Worker] Packet too small: 6 bytes (min: 12)
[2026-02-08T20:07:14.491Z] [Worker] Checksum mismatch. Expected: 25152, calculated: 25151
[2026-02-08T20:07:14.507Z] [Worker] Packet size mismatch. Expected: 4097, received: 4096
[2026-02-08T20:07:14.516Z] [Worker] Packet too small: 6 bytes (min: 12)
[2026-02-08T20:07:14.518Z] [Worker] Packet too small: 6 bytes (min: 12)
[2026-02-08T20:07:14.523Z] [Worker] Checksum mismatch. Expected: 25202, calculated: 25201
[2026-02-08T20:07:14.524Z] [Worker] Invalid magic word: 0xdeadbee0
[2026-02-08T20:07:14.550Z] [Worker] Packet too small: 6 bytes (min: 12)
[2026-02-08T20:07:14.550Z] [Worker] Packet too small: 6 bytes (min: 12)
[2026-02-08T20:07:14.570Z] [Worker] Checksum mismatch. Expected: 25280, calculated: 25279
[2026-02-08T20:07:14.587Z] [Worker] Packet too small: 6 bytes (min: 12)
[2026-02-08T20:07:14.619Z] [Worker] Packet size mismatch. Expected: 4097, received: 4096
[2026-02-08T20:07:14.626Z] [Worker] Packet size mismatch. Expected: 112, received: 62
[2026-02-08T20:07:14.632Z] [Worker] Checksum mismatch. Expected: 25382, calculated: 25381
[2026-02-08T20:07:14.651Z] [Worker] Invalid magic word: 0xdeadbee0
[2026-02-08T20:07:14.659Z] [Worker] Packet size mismatch. Expected: 112, received: 62
[2026-02-08T20:07:14.661Z] [Worker] Packet size mismatch. Expected: 4097, received: 4096
[2026-02-08T20:07:14.671Z] [Worker] Packet size mismatch. Expected: 4097, received: 4096
[2026-02-08T20:07:14.678Z] [Worker] Checksum mismatch. Expected: 25201, calculated: 25200
[2026-02-08T20:07:14.680Z] [Worker] Packet size mismatch. Expected: 4097, received: 4096
[2026-02-08T20:07:14.680Z] [Worker] Packet size mismatch. Expected: 112, received: 62
[2026-02-08T20:07:14.696Z] [Worker] Packet too small: 6 bytes (min: 12)
[2026-02-08T20:07:14.696Z] [Worker] Packet too small: 6 bytes (min: 12)
[2026-02-08T20:07:14.719Z] [Worker] Invalid magic word: 0xdeadbee0
[2026-02-08T20:07:14.737Z] [Worker] Invalid magic word: 0xdeadbee0
[2026-02-08T20:07:14.739Z] [Worker] Packet too small: 6 bytes (min: 12)
[2026-02-08T20:07:14.743Z] [Worker] Invalid magic word: 0xdeadbee0
[2026-02-08T20:07:14.752Z] [Worker] Checksum mismatch. Expected: 25319, calculated: 25318
[2026-02-08T20:07:14.757Z] [Worker] Packet size mismatch. Expected: 4097, received: 4096
[2026-02-08T20:07:14.781Z] [Worker] Packet too small: 6 bytes (min: 12)
[2026-02-08T20:07:14.785Z] [Worker] Packet too small: 6 bytes (min: 12)
[2026-02-08T20:07:14.799Z] [Worker] Packet size mismatch. Expected: 4097, received: 4096
[2026-02-08T20:07:14.806Z] [Worker] Packet size mismatch. Expected: 112, received: 62
[2026-02-08T20:07:14.830Z] [Worker] Checksum mismatch. Expected: 25192, calculated: 25191
[2026-02-08T20:07:14.867Z] [Worker] Packet too small: 6 bytes (min: 12)
[2026-02-08T20:07:14.873Z] [Worker] Packet too small: 6 bytes (min: 12)
[2026-02-08T20:07:14.878Z] [Worker] Checksum mismatch. Expected: 25270, calculated: 25269
[2026-02-08T20:07:14.889Z] [Worker] Invalid magic word: 0xdeadbee0
[2026-02-08T20:07:14.891Z] [Worker] Invalid magic word: 0xdeadbee0
[2026-02-08T20:07:14.901Z] [Worker] Packet too small: 6 bytes (min: 12)
[2026-02-08T20:07:14.902Z] [Worker] Packet size mismatch. Expected: 112, received: 62
[2026-02-08T20:07:14.905Z] [Worker] Packet too small: 6 bytes (min: 12)
[2026-02-08T20:07:14.913Z] [Worker] Packet size mismatch. Expected: 4097, received: 4096
[2026-02-08T20:07:14.927Z] [Worker] Invalid magic word: 0xdeadbee0
[2026-02-08T20:07:14.933Z] [Worker] Packet too small: 6 bytes (min: 12)
[2026-02-08T20:07:14.945Z] [Worker] Packet size mismatch. Expected: 4097, received: 4096
[2026-02-08T20:07:14.973Z] [Worker] Packet too small: 6 bytes (min: 12)
[2026-02-08T20:07:15.003Z] [Worker] Checksum mismatch. Expected: 25218, calculated: 25217
[2026-02-08T20:07:15.004Z] [Worker] Invalid magic word: 0xdeadbee0
[2026-02-08T20:07:15.030Z] [Worker] Packet size mismatch. Expected: 112, received: 62
[2026-02-08T20:07:15.034Z] [Worker] Checksum mismatch. Expected: 25264, calculated: 25263
[2026-02-08T20:07:15.041Z] [Worker] Checksum mismatch. Expected: 25277, calculated: 25276
[2026-02-08T20:07:15.043Z] [Worker] Checksum mismatch. Expected: 25279, calculated: 25278
[2026-02-08T20:07:15.063Z] [Worker] Packet size mismatch. Expected: 4097, received: 4096
[2026-02-08T20:07:15.070Z] [Worker] Packet size mismatch. Expected: 112, received: 62
[2026-02-08T20:07:15.081Z] [Worker] Packet too small: 6 bytes (min: 12)
[2026-02-08T20:07:15.088Z] [Worker] Packet size mismatch. Expected: 112, received: 62
[2026-02-08T20:07:15.096Z] [Worker] Checksum mismatch. Expected: 25361, calculated: 25360
[2026-02-08T20:07:15.111Z] [Worker] Packet size mismatch. Expected: 112, received: 62
[2026-02-08T20:07:15.133Z] [Worker] Invalid magic word: 0xdeadbee0
[2026-02-08T20:07:15.138Z] [Worker] Invalid magic word: 0xdeadbee0
[2026-02-08T20:07:15.140Z] [Worker] Packet too small: 6 bytes (min: 12)
[2026-02-08T20:07:15.144Z] [Worker] Checksum mismatch. Expected: 25182, calculated: 25181
[2026-02-08T20:07:15.189Z] [Worker] Packet size mismatch. Expected: 4097, received: 4096
[2026-02-08T20:07:15.194Z] [Worker] Invalid magic word: 0xdeadbee0
[2026-02-08T20:07:15.204Z] [Worker] Packet size mismatch. Expected: 4097, received: 4096
[2026-02-08T20:07:15.205Z] [Worker] Checksum mismatch. Expected: 25280, calculated: 25279
[2026-02-08T20:07:15.206Z] [Worker] Packet too small: 6 bytes (min: 12)
[2026-02-08T20:07:15.223Z] [Worker] Packet size mismatch. Expected: 4097, received: 4096
[2026-02-08T20:07:15.232Z] [Worker] Packet too small: 6 bytes (min: 12)
[2026-02-08T20:07:15.238Z] [Worker] Packet size mismatch. Expected: 112, received: 62
[2026-02-08T20:07:15.256Z] [Worker] Checksum mismatch. Expected: 25361, calculated: 25360
[2026-02-08T20:07:15.265Z] [Worker] Checksum mismatch. Expected: 25377, calculated: 25376
[2026-02-08T20:07:15.269Z] [Worker] Packet size mismatch. Expected: 4097, received: 4096
[2026-02-08T20:07:15.285Z] [Worker] Packet size mismatch. Expected: 4097, received: 4096
[2026-02-08T20:07:15.289Z] [Worker] Packet size mismatch. Expected: 4097, received: 4096
[2026-02-08T20:07:15.295Z] [Worker] Packet too small: 6 bytes (min: 12)
[2026-02-08T20:07:15.296Z] [Worker] Checksum mismatch. Expected: 25172, calculated: 25171
[2026-02-08T20:07:15.298Z] [Worker] Packet size mismatch. Expected: 112, received: 62
[2026-02-08T20:07:15.299Z] [Worker] Invalid magic word: 0xdeadbee0
[2026-02-08T20:07:15.332Z] [Worker] Checksum mismatch. Expected: 25230, calculated: 25229
[2026-02-08T20:07:15.349Z] [Worker] Invalid magic word: 0xdeadbee0
[2026-02-08T20:07:15.356Z] [Worker] Packet size mismatch. Expected: 112, received: 62
[2026-02-08T20:07:15.371Z] [Worker] Invalid magic word: 0xdeadbee0
[2026-02-08T20:07:15.384Z] [Worker] Checksum mismatch. Expected: 25315, calculated: 25314
[2026-02-08T20:07:15.394Z] [Worker] Invalid magic word: 0xdeadbee0
[2026-02-08T20:07:15.405Z] [Worker] Invalid magic word: 0xdeadbee0
[2026-02-08T20:07:15.418Z] [Worker] Checksum mismatch. Expected: 25370, calculated: 25369
[2026-02-08T20:07:15.459Z] [Worker] Packet too small: 6 bytes (min: 12)
[2026-02-08T20:07:15.465Z] [Worker] Packet size mismatch. Expected: 4097, received: 4096
[2026-02-08T20:07:15.467Z] [Worker] Packet too small: 6 bytes (min: 12)
[2026-02-08T20:07:15.475Z] [Worker] Invalid magic word: 0xdeadbee0
[2026-02-08T20:07:15.512Z] [Worker] Packet too small: 6 bytes (min: 12)
[2026-02-08T20:07:15.535Z] [Worker] Packet size mismatch. Expected: 112, received: 62
[2026-02-08T20:07:15.537Z] [Worker] Invalid magic word: 0xdeadbee0
[2026-02-08T20:07:15.558Z] [Worker] Invalid magic word: 0xdeadbee0
[2026-02-08T20:07:15.573Z] [Worker] Packet size mismatch. Expected: 112, received: 62
[2026-02-08T20:07:15.577Z] [Worker] Packet size mismatch. Expected: 112, received: 62
[2026-02-08T20:07:15.583Z] [Worker] Packet size mismatch. Expected: 4097, received: 4096
[2026-02-08T20:07:15.587Z] [Worker] Packet size mismatch. Expected: 112, received: 62
[2026-02-08T20:07:15.591Z] [Worker] Packet too small: 6 bytes (min: 12)
[2026-02-08T20:07:15.593Z] [Worker] Packet size mismatch. Expected: 4097, received: 4096
[2026-02-08T20:07:15.629Z] [Worker] Checksum mismatch. Expected: 25200, calculated: 25199
[2026-02-08T20:07:15.648Z] [Worker] Packet size mismatch. Expected: 112, received: 62
[2026-02-08T20:07:15.650Z] [Worker] Packet size mismatch. Expected: 4097, received: 4096
[2026-02-08T20:07:15.656Z] [Worker] Packet size mismatch. Expected: 112, received: 62
[2026-02-08T20:07:15.663Z] [Worker] Checksum mismatch. Expected: 25257, calculated: 25256
[2026-02-08T20:07:15.675Z] [Worker] Packet size mismatch. Expected: 112, received: 62
[2026-02-08T20:07:15.685Z] [Worker] Checksum mismatch. Expected: 25294, calculated: 25293
[2026-02-08T20:07:15.709Z] [Worker] Packet too small: 6 bytes (min: 12)
[2026-02-08T20:07:15.747Z] [Worker] Packet size mismatch. Expected: 4097, received: 4096
[2026-02-08T20:07:15.759Z] [Worker] Packet size mismatch. Expected: 112, received: 62
[2026-02-08T20:07:15.765Z] [Worker] Packet size mismatch. Expected: 4097, received: 4096
[2026-02-08T20:07:15.789Z] [Worker] Packet size mismatch. Expected: 4097, received: 4096
[2026-02-08T20:07:15.824Z] [Worker] Checksum mismatch. Expected: 25265, calculated: 25264
[2026-02-08T20:07:15.830Z] [Worker] Invalid magic word: 0xdeadbee0
[2026-02-08T20:07:15.832Z] [Worker] Checksum mismatch. Expected: 25276, calculated: 25275
[2026-02-08T20:07:15.846Z] [Worker] Packet size mismatch. Expected: 112, received: 62
[2026-02-08T20:07:15.849Z] [Worker] Packet size mismatch. Expected: 112, received: 62
[2026-02-08T20:07:15.855Z] [Worker] Checksum mismatch. Expected: 25312, calculated: 25311
[2026-02-08T20:07:15.874Z] [Worker] Packet too small: 6 bytes (min: 12)
[2026-02-08T20:07:15.875Z] [Worker] Checksum mismatch. Expected: 25346, calculated: 25345
[2026-02-08T20:07:15.895Z] [Worker] Invalid magic word: 0xdeadbee0
[2026-02-08T20:07:15.917Z] [Worker] Packet size mismatch. Expected: 4097, received: 4096
[2026-02-08T20:07:15.924Z] [Worker] Packet too small: 6 bytes (min: 12)
[2026-02-08T20:07:15.930Z] [Worker] Packet too small: 6 bytes (min: 12)
[2026-02-08T20:07:15.936Z] [Worker] Invalid magic word: 0xdeadbee0
[2026-02-08T20:07:15.942Z] [Worker] Packet size mismatch. Expected: 4097, received: 4096
[2026-02-08T20:07:15.947Z] [Worker] Packet size mismatch. Expected: 112, received: 62
[2026-02-08T20:07:15.950Z] [Worker] Packet size mismatch. Expected: 4097, received: 4096
[2026-02-08T20:07:15.951Z] [Worker] Packet too small: 6 bytes (min: 12)
[2026-02-08T20:07:15.976Z] [Worker] Packet size mismatch. Expected: 4097, received: 4096
[2026-02-08T20:07:15.980Z] [Worker] Checksum mismatch. Expected: 25262, calculated: 25261
[2026-02-08T20:07:15.999Z] [Worker] Packet size mismatch. Expected: 112, received: 62
[2026-02-08T20:07:16.024Z] [Worker] Checksum mismatch. Expected: 25335, calculated: 25334
[2026-02-08T20:07:16.031Z] [Worker] Packet size mismatch. Expected: 112, received: 62
[2026-02-08T20:07:16.057Z] [Worker] Checksum mismatch. Expected: 25387, calculated: 25386
[2026-02-08T20:07:16.073Z] [Worker] Packet size mismatch. Expected: 4097, received: 4096
[2026-02-08T20:07:16.078Z] [Worker] Invalid magic word: 0xdeadbee0
[2026-02-08T20:07:16.085Z] [Worker] Packet too small: 6 bytes (min: 12)
[2026-02-08T20:07:16.113Z] [Worker] Packet size mismatch. Expected: 4097, received: 4096
[2026-02-08T20:07:16.135Z] [Worker] Packet too small: 6 bytes (min: 12)
[2026-02-08T20:07:16.144Z] [Worker] Packet size mismatch. Expected: 4097, received: 4096
[2026-02-08T20:07:16.150Z] [Worker] Packet size mismatch. Expected: 112, received: 62
[2026-02-08T20:07:16.160Z] [Worker] Packet size mismatch. Expected: 112, received: 62
[2026-02-08T20:07:16.160Z] [Worker] Packet size mismatch. Expected: 4097, received: 4096
[2026-02-08T20:07:16.172Z] [Worker] Checksum mismatch. Expected: 25315, calculated: 25314
[2026-02-08T20:07:16.215Z] [Worker] Packet size mismatch. Expected: 112, received: 62
[2026-02-08T20:07:16.215Z] [Worker] Packet size mismatch. Expected: 112, received: 62
[2026-02-08T20:07:16.216Z] [Worker] Packet too small: 6 bytes (min: 12)
[2026-02-08T20:07:16.220Z] [Worker] Packet size mismatch. Expected: 4097, received: 4096
[2026-02-08T20:07:16.227Z] [Worker] Packet size mismatch. Expected: 4097, received: 4096
[2026-02-08T20:07:16.238Z] [Worker] Packet size mismatch. Expected: 4097, received: 4096
[2026-02-08T20:07:16.262Z] [Worker] Packet size mismatch. Expected: 4097, received: 4096
[2026-02-08T20:07:16.277Z] [Worker] Packet size mismatch. Expected: 112, received: 62
[2026-02-08T20:07:16.296Z] [Worker] Invalid magic word: 0xdeadbee0
[2026-02-08T20:07:16.299Z] [Worker] Packet too small: 6 bytes (min: 12)
[2026-02-08T20:07:16.301Z] [Worker] Checksum mismatch. Expected: 25271, calculated: 25270
[2026-02-08T20:07:16.304Z] [Worker] Invalid magic word: 0xdeadbee0
[2026-02-08T20:07:16.325Z] [Worker] Checksum mismatch. Expected: 25309, calculated: 25308
[2026-02-08T20:07:16.328Z] [Worker] Packet size mismatch. Expected: 112, received: 62
[2026-02-08T20:07:16.331Z] [Worker] Packet size mismatch. Expected: 4097, received: 4096
[2026-02-08T20:07:16.371Z] [Worker] Invalid magic word: 0xdeadbee0
[2026-02-08T20:07:16.417Z] [Worker] Invalid magic word: 0xdeadbee0
[2026-02-08T20:07:16.437Z] [Worker] Packet size mismatch. Expected: 112, received: 62
[2026-02-08T20:07:16.445Z] [Worker] Packet size mismatch. Expected: 112, received: 62
[2026-02-08T20:07:16.454Z] [Worker] Packet size mismatch. Expected: 4097, received: 4096
[2026-02-08T20:07:16.457Z] [Worker] Invalid magic word: 0xdeadbee0
[2026-02-08T20:07:16.480Z] [Worker] Invalid magic word: 0xdeadbee0
[2026-02-08T20:07:16.485Z] [Worker] Packet size mismatch. Expected: 4097, received: 4096
[2026-02-08T20:07:16.495Z] [Worker] Packet too small: 6 bytes (min: 12)
[2026-02-08T20:07:16.503Z] [Worker] Checksum mismatch. Expected: 25338, calculated: 25337
[2026-02-08T20:07:16.509Z] [Worker] Packet size mismatch. Expected: 112, received: 62
[2026-02-08T20:07:16.525Z] [Worker] Packet too small: 6 bytes (min: 12)
[2026-02-08T20:07:16.529Z] [Worker] Packet too small: 6 bytes (min: 12)
[2026-02-08T20:07:16.552Z] [Worker] Packet size mismatch. Expected: 112, received: 62
[2026-02-08T20:07:16.567Z] [Worker] Packet size mismatch. Expected: 112, received: 62
[2026-02-08T20:07:16.571Z] [Worker] Invalid magic word: 0xdeadbee0
[2026-02-08T20:07:16.571Z] [Worker] Packet size mismatch. Expected: 4097, received: 4096
[2026-02-08T20:07:16.572Z] [Worker] Packet too small: 6 bytes (min: 12)
[2026-02-08T20:07:16.573Z] [Worker] Packet size mismatch. Expected: 4097, received: 4096
[2026-02-08T20:07:16.585Z] [Worker] Checksum mismatch. Expected: 25215, calculated: 25214
[2026-02-08T20:07:16.596Z] [Worker] Packet size mismatch. Expected: 112, received: 62
[2026-02-08T20:07:16.611Z] [Worker] Checksum mismatch. Expected: 25257, calculated: 25256
[2026-02-08T20:07:16.626Z] [Worker] Packet size mismatch. Expected: 4097, received: 4096
[2026-02-08T20:07:16.631Z] [Worker] Packet too small: 6 bytes (min: 12)
[2026-02-08T20:07:16.639Z] [Worker] Packet size mismatch. Expected: 112, received: 62
[2026-02-08T20:07:16.639Z] [Worker] Invalid magic word: 0xdeadbee0
[2026-02-08T20:07:16.641Z] [Worker] Packet size mismatch. Expected: 112, received: 62
[2026-02-08T20:07:16.653Z] [Worker] Packet size mismatch. Expected: 112, received: 62
[2026-02-08T20:07:16.669Z] [Worker] Checksum mismatch. Expected: 25351, calculated: 25350
[2026-02-08T20:07:16.686Z] [Worker] Packet too small: 6 bytes (min: 12)
[2026-02-08T20:07:16.686Z] [Worker] Packet size mismatch. Expected: 112, received: 62
[2026-02-08T20:07:16.698Z] [Worker] Packet size mismatch. Expected: 112, received: 62
[2026-02-08T20:07:16.702Z] [Worker] Invalid magic word: 0xdeadbee0
[2026-02-08T20:07:16.707Z] [Worker] Packet size mismatch. Expected: 112, received: 62
[2026-02-08T20:07:16.729Z] [Worker] Packet size mismatch. Expected: 4097, received: 4096
[2026-02-08T20:07:16.730Z] [Worker] Invalid magic word: 0xdeadbee0
[2026-02-08T20:07:16.734Z] [Worker] Packet size mismatch. Expected: 4097, received: 4096
[2026-02-08T20:07:16.746Z] [Worker] Invalid magic word: 0xdeadbee0
[2026-02-08T20:07:16.754Z] [Worker] Invalid magic word: 0xdeadbee0
[2026-02-08T20:07:16.763Z] [Worker] Invalid magic word: 0xdeadbee0
[2026-02-08T20:07:16.781Z] [Worker] Checksum mismatch. Expected: 25277, calculated: 25276
[2026-02-08T20:07:16.807Z] [Worker] Checksum mismatch. Expected: 25318, calculated: 25317
[2026-02-08T20:07:16.821Z] [Worker] Packet size mismatch. Expected: 112, received: 62
[2026-02-08T20:07:16.830Z] [Worker] Invalid magic word: 0xdeadbee0
[2026-02-08T20:07:16.832Z] [Worker] Packet size mismatch. Expected: 112, received: 62
[2026-02-08T20:07:16.835Z] [Worker] Invalid magic word: 0xdeadbee0
[2026-02-08T20:07:16.835Z] [Worker] Packet size mismatch. Expected: 4097, received: 4096
[2026-02-08T20:07:16.857Z] [Worker] Packet too small: 6 bytes (min: 12)
[2026-02-08T20:07:16.891Z] [Worker] Packet size mismatch. Expected: 4097, received: 4096
[2026-02-08T20:07:16.920Z] [Worker] Packet size mismatch. Expected: 112, received: 62
[2026-02-08T20:07:16.937Z] [Worker] Packet size mismatch. Expected: 112, received: 62
[2026-02-08T20:07:16.951Z] [Worker] Invalid magic word: 0xdeadbee0
[2026-02-08T20:07:16.974Z] [Worker] Checksum mismatch. Expected: 25334, calculated: 25333
[2026-02-08T20:07:16.977Z] [Worker] Checksum mismatch. Expected: 25337, calculated: 25336
[2026-02-08T20:07:16.983Z] [Worker] Packet size mismatch. Expected: 112, received: 62
[2026-02-08T20:07:16.984Z] [Worker] Packet size mismatch. Expected: 112, received: 62
[2026-02-08T20:07:16.988Z] [Worker] Packet size mismatch. Expected: 112, received: 62
[2026-02-08T20:07:17.002Z] [Worker] Invalid magic word: 0xdeadbee0
[2026-02-08T20:07:17.003Z] [Worker] Packet size mismatch. Expected: 4097, received: 4096
[2026-02-08T20:07:17.011Z] [Worker] Checksum mismatch. Expected: 25395, calculated: 25394
[2026-02-08T20:07:17.016Z] [Worker] Packet size mismatch. Expected: 112, received: 62
[2026-02-08T20:07:17.019Z] [Worker] Checksum mismatch. Expected: 25153, calculated: 25152
[2026-02-08T20:07:17.023Z] [Worker] Invalid magic word: 0xdeadbee0
[2026-02-08T20:07:17.027Z] [Worker] Checksum mismatch. Expected: 25165, calculated: 25164
[2026-02-08T20:07:17.033Z] [Worker] Packet size mismatch. Expected: 112, received: 62
[2026-02-08T20:07:17.039Z] [Worker] Invalid magic word: 0xdeadbee0
[2026-02-08T20:07:17.040Z] [Worker] Checksum mismatch. Expected: 25188, calculated: 25187
[2026-02-08T20:07:17.041Z] [Worker] Checksum mismatch. Expected: 25190, calculated: 25189
[2026-02-08T20:07:17.052Z] [Worker] Packet too small: 6 bytes (min: 12)
[2026-02-08T20:07:17.054Z] [Worker] Packet size mismatch. Expected: 112, received: 62
[2026-02-08T20:07:17.064Z] [Worker] Invalid magic word: 0xdeadbee0
[2026-02-08T20:07:17.076Z] [Worker] Packet size mismatch. Expected: 4097, received: 4096
[2026-02-08T20:07:17.081Z] [Worker] Invalid magic word: 0xdeadbee0
[2026-02-08T20:07:17.089Z] [Worker] Checksum mismatch. Expected: 25268, calculated: 25267
[2026-02-08T20:07:17.094Z] [Worker] Packet too small: 6 bytes (min: 12)
[2026-02-08T20:07:17.101Z] [Worker] Packet size mismatch. Expected: 112, received: 62
[2026-02-08T20:07:17.110Z] [Worker] Packet size mismatch. Expected: 112, received: 62
[2026-02-08T20:07:17.131Z] [Worker] Invalid magic word: 0xdeadbee0
[2026-02-08T20:07:17.133Z] [Worker] Checksum mismatch. Expected: 25339, calculated: 25338
[2026-02-08T20:07:17.150Z] [Worker] Checksum mismatch. Expected: 25366, calculated: 25365
[2026-02-08T20:07:17.154Z] [Worker] Invalid magic word: 0xdeadbee0
[2026-02-08T20:07:17.211Z] [Worker] Packet size mismatch. Expected: 112, received: 62
[2026-02-08T20:07:17.218Z] [Worker] Packet size mismatch. Expected: 4097, received: 4096
[2026-02-08T20:07:17.224Z] [Worker] Packet size mismatch. Expected: 112, received: 62
[2026-02-08T20:07:17.224Z] [Worker] Packet size mismatch. Expected: 4097, received: 4096
[2026-02-08T20:07:17.246Z] [Worker] Checksum mismatch. Expected: 25268, calculated: 25267
[2026-02-08T20:07:17.262Z] [Worker] Checksum mismatch. Expected: 25295, calculated: 25294
[2026-02-08T20:07:17.275Z] [Worker] Checksum mismatch. Expected: 25315, calculated: 25314
[2026-02-08T20:07:17.275Z] [Worker] Packet size mismatch. Expected: 4097, received: 4096
[2026-02-08T20:07:17.277Z] [Worker] Packet size mismatch. Expected: 112, received: 62
[2026-02-08T20:07:17.280Z] [Worker] Packet size mismatch. Expected: 4097, received: 4096
[2026-02-08T20:07:17.283Z] [Worker] Packet size mismatch. Expected: 112, received: 62
[2026-02-08T20:07:17.352Z] [Worker] Checksum mismatch. Expected: 25184, calculated: 25183
[2026-02-08T20:07:17.355Z] [Worker] Packet too small: 6 bytes (min: 12)
[2026-02-08T20:07:17.359Z] [Worker] Checksum mismatch. Expected: 25195, calculated: 25194
[2026-02-08T20:07:17.371Z] [Worker] Packet size mismatch. Expected: 112, received: 62
[2026-02-08T20:07:17.373Z] [Worker] Packet too small: 6 bytes (min: 12)
[2026-02-08T20:07:17.375Z] [Worker] Checksum mismatch. Expected: 25221, calculated: 25220
[2026-02-08T20:07:17.390Z] [Worker] Checksum mismatch. Expected: 25244, calculated: 25243
[2026-02-08T20:07:17.391Z] [Worker] Packet size mismatch. Expected: 4097, received: 4096
[2026-02-08T20:07:17.391Z] [Worker] Invalid magic word: 0xdeadbee0
[2026-02-08T20:07:17.415Z] [Worker] Checksum mismatch. Expected: 25285, calculated: 25284
[2026-02-08T20:07:17.423Z] [Worker] Packet size mismatch. Expected: 112, received: 62
[2026-02-08T20:07:17.425Z] [Worker] Checksum mismatch. Expected: 25301, calculated: 25300
[2026-02-08T20:07:17.440Z] [Worker] Packet size mismatch. Expected: 112, received: 62
[2026-02-08T20:07:17.466Z] [Worker] Packet size mismatch. Expected: 112, received: 62
[2026-02-08T20:07:17.487Z] [Worker] Packet too small: 6 bytes (min: 12)
[2026-02-08T20:07:17.490Z] [Worker] Checksum mismatch. Expected: 25407, calculated: 25406
[2026-02-08T20:07:17.491Z] [Worker] Invalid magic word: 0xdeadbee0
[2026-02-08T20:07:17.498Z] [Worker] Packet too small: 6 bytes (min: 12)
[2026-02-08T20:07:17.502Z] [Worker] Packet size mismatch. Expected: 112, received: 62
[2026-02-08T20:07:17.507Z] [Worker] Packet size mismatch. Expected: 4097, received: 4096
[2026-02-08T20:07:17.548Z] [Worker] Checksum mismatch. Expected: 25246, calculated: 25245
[2026-02-08T20:07:17.558Z] [Worker] Packet too small: 6 bytes (min: 12)
[2026-02-08T20:07:17.563Z] [Worker] Checksum mismatch. Expected: 25270, calculated: 25269
[2026-02-08T20:07:17.569Z] [Worker] Packet too small: 6 bytes (min: 12)
[2026-02-08T20:07:17.573Z] [Worker] Packet too small: 6 bytes (min: 12)
[2026-02-08T20:07:17.579Z] [Worker] Packet too small: 6 bytes (min: 12)
[2026-02-08T20:07:17.588Z] [Worker] Packet size mismatch. Expected: 112, received: 62
[2026-02-08T20:07:17.599Z] [Worker] Packet size mismatch. Expected: 4097, received: 4096
[2026-02-08T20:07:17.635Z] [Worker] Packet size mismatch. Expected: 112, received: 62
[2026-02-08T20:07:17.646Z] [Worker] Invalid magic word: 0xdeadbee0
[2026-02-08T20:07:17.670Z] [Worker] Packet too small: 6 bytes (min: 12)
[2026-02-08T20:07:17.677Z] [Worker] Packet size mismatch. Expected: 112, received: 62
[2026-02-08T20:07:17.700Z] [Worker] Packet too small: 6 bytes (min: 12)
[2026-02-08T20:07:17.704Z] [Worker] Checksum mismatch. Expected: 25241, calculated: 25240
[2026-02-08T20:07:17.710Z] [Worker] Packet size mismatch. Expected: 4097, received: 4096
[2026-02-08T20:07:17.711Z] [Worker] Packet size mismatch. Expected: 4097, received: 4096
[2026-02-08T20:07:17.714Z] [Worker] Checksum mismatch. Expected: 25257, calculated: 25256
[2026-02-08T20:07:17.785Z] [Worker] Invalid magic word: 0xdeadbee0
[2026-02-08T20:07:17.808Z] [Worker] Checksum mismatch. Expected: 25409, calculated: 25408
[2026-02-08T20:07:17.826Z] [Worker] Checksum mismatch. Expected: 25183, calculated: 25182
[2026-02-08T20:07:17.826Z] [Worker] Packet too small: 6 bytes (min: 12)
[2026-02-08T20:07:17.833Z] [Worker] Checksum mismatch. Expected: 25196, calculated: 25195
[2026-02-08T20:07:17.842Z] [Worker] Packet size mismatch. Expected: 112, received: 62
[2026-02-08T20:07:17.846Z] [Worker] Packet too small: 6 bytes (min: 12)
[2026-02-08T20:07:17.857Z] [Worker] Packet too small: 6 bytes (min: 12)
[2026-02-08T20:07:17.859Z] [Worker] Packet too small: 6 bytes (min: 12)
[2026-02-08T20:07:17.886Z] [Worker] Packet size mismatch. Expected: 112, received: 62
[2026-02-08T20:07:17.888Z] [Worker] Packet too small: 6 bytes (min: 12)
[2026-02-08T20:07:17.910Z] [Worker] Checksum mismatch. Expected: 25319, calculated: 25318
[2026-02-08T20:07:17.945Z] [Worker] Packet too small: 6 bytes (min: 12)
[2026-02-08T20:07:17.963Z] [Worker] Packet size mismatch. Expected: 112, received: 62
[2026-02-08T20:07:17.967Z] [Worker] Packet size mismatch. Expected: 112, received: 62
[2026-02-08T20:07:17.978Z] [Worker] Invalid magic word: 0xdeadbee0
[2026-02-08T20:07:17.982Z] [Worker] Packet too small: 6 bytes (min: 12)
[2026-02-08T20:07:17.993Z] [Worker] Packet too small: 6 bytes (min: 12)
[2026-02-08T20:07:18.000Z] [Worker] Packet size mismatch. Expected: 112, received: 62
[2026-02-08T20:07:18.026Z] [Worker] Invalid magic word: 0xdeadbee0
[2026-02-08T20:07:18.043Z] [Worker] Invalid magic word: 0xdeadbee0
[2026-02-08T20:07:18.049Z] [Worker] Packet size mismatch. Expected: 112, received: 62
[2026-02-08T20:07:18.082Z] [Worker] Invalid magic word: 0xdeadbee0
[2026-02-08T20:07:18.089Z] [Worker] Invalid magic word: 0xdeadbee0
[2026-02-08T20:07:18.096Z] [Worker] Packet size mismatch. Expected: 112, received: 62
[2026-02-08T20:07:18.097Z] [Worker] Invalid magic word: 0xdeadbee0
[2026-02-08T20:07:18.124Z] [Worker] Invalid magic word: 0xdeadbee0
[2026-02-08T20:07:18.127Z] [Worker] Packet size mismatch. Expected: 4097, received: 4096
[2026-02-08T20:07:18.142Z] [Worker] Checksum mismatch. Expected: 25186, calculated: 25185
[2026-02-08T20:07:18.147Z] [Worker] Invalid magic word: 0xdeadbee0
[2026-02-08T20:07:18.149Z] [Worker] Packet too small: 6 bytes (min: 12)
[2026-02-08T20:07:18.152Z] [Worker] Invalid magic word: 0xdeadbee0
[2026-02-08T20:07:18.157Z] [Worker] Packet size mismatch. Expected: 112, received: 62
[2026-02-08T20:07:18.162Z] [Worker] Invalid magic word: 0xdeadbee0
[2026-02-08T20:07:18.167Z] [Worker] Checksum mismatch. Expected: 25227, calculated: 25226
[2026-02-08T20:07:18.187Z] [Worker] Packet size mismatch. Expected: 112, received: 62
[2026-02-08T20:07:18.193Z] [Worker] Packet size mismatch. Expected: 4097, received: 4096
[2026-02-08T20:07:18.195Z] [Worker] Checksum mismatch. Expected: 25272, calculated: 25271
[2026-02-08T20:07:18.226Z] [Worker] Packet too small: 6 bytes (min: 12)
[2026-02-08T20:07:18.250Z] [Worker] Packet size mismatch. Expected: 4097, received: 4096
[2026-02-08T20:07:18.253Z] [Worker] Packet too small: 6 bytes (min: 12)
[2026-02-08T20:07:18.261Z] [Worker] Packet size mismatch. Expected: 112, received: 62
[2026-02-08T20:07:18.283Z] [Worker] Invalid magic word: 0xdeadbee0
[2026-02-08T20:07:18.294Z] [Worker] Checksum mismatch. Expected: 25179, calculated: 25178
[2026-02-08T20:07:18.306Z] [Worker] Packet size mismatch. Expected: 4097, received: 4096
[2026-02-08T20:07:18.323Z] [Worker] Checksum mismatch. Expected: 25227, calculated: 25226
[2026-02-08T20:07:18.331Z] [Worker] Packet size mismatch. Expected: 112, received: 62
[2026-02-08T20:07:18.333Z] [Worker] Packet too small: 6 bytes (min: 12)
[2026-02-08T20:07:18.334Z] [Worker] Packet size mismatch. Expected: 112, received: 62
[2026-02-08T20:07:18.341Z] [Worker] Packet size mismatch. Expected: 112, received: 62
[2026-02-08T20:07:18.342Z] [Worker] Invalid magic word: 0xdeadbee0
[2026-02-08T20:07:18.350Z] [Worker] Packet size mismatch. Expected: 4097, received: 4096
[2026-02-08T20:07:18.359Z] [Worker] Checksum mismatch. Expected: 25286, calculated: 25285
[2026-02-08T20:07:18.402Z] [Worker] Invalid magic word: 0xdeadbee0
[2026-02-08T20:07:18.402Z] [Worker] Invalid magic word: 0xdeadbee0
[2026-02-08T20:07:18.423Z] [Worker] Checksum mismatch. Expected: 25384, calculated: 25383
[2026-02-08T20:07:18.424Z] [Worker] Packet size mismatch. Expected: 4097, received: 4096
[2026-02-08T20:07:18.425Z] [Worker] Packet size mismatch. Expected: 112, received: 62
[2026-02-08T20:07:18.443Z] [Worker] Checksum mismatch. Expected: 25166, calculated: 25165
[2026-02-08T20:07:18.457Z] [Worker] Packet size mismatch. Expected: 4097, received: 4096
[2026-02-08T20:07:18.475Z] [Worker] Checksum mismatch. Expected: 25218, calculated: 25217
[2026-02-08T20:07:18.496Z] [Worker] Invalid magic word: 0xdeadbee0
[2026-02-08T20:07:18.504Z] [Worker] Packet too small: 6 bytes (min: 12)
[2026-02-08T20:07:18.506Z] [Worker] Invalid magic word: 0xdeadbee0
[2026-02-08T20:07:18.568Z] [Worker] Packet size mismatch. Expected: 4097, received: 4096
[2026-02-08T20:07:18.583Z] [Worker] Packet too small: 6 bytes (min: 12)
[2026-02-08T20:07:18.613Z] [Worker] Packet too small: 6 bytes (min: 12)
[2026-02-08T20:07:18.638Z] [Worker] Packet size mismatch. Expected: 4097, received: 4096
[2026-02-08T20:07:18.641Z] [Worker] Invalid magic word: 0xdeadbee0
[2026-02-08T20:07:18.643Z] [Worker] Packet too small: 6 bytes (min: 12)
[2026-02-08T20:07:18.649Z] [Worker] Packet size mismatch. Expected: 4097, received: 4096
[2026-02-08T20:07:18.654Z] [Worker] Invalid magic word: 0xdeadbee0
[2026-02-08T20:07:18.659Z] [Worker] Packet size mismatch. Expected: 112, received: 62
[2026-02-08T20:07:18.671Z] [Worker] Packet too small: 6 bytes (min: 12)
[2026-02-08T20:07:18.690Z] [Worker] Checksum mismatch. Expected: 25311, calculated: 25310
[2026-02-08T20:07:18.698Z] [Worker] Invalid magic word: 0xdeadbee0
[2026-02-08T20:07:18.704Z] [Worker] Invalid magic word: 0xdeadbee0
[2026-02-08T20:07:18.715Z] [Worker] Invalid magic word: 0xdeadbee0
[2026-02-08T20:07:18.725Z] [Worker] Packet size mismatch. Expected: 112, received: 62
[2026-02-08T20:07:18.727Z] [Worker] Packet size mismatch. Expected: 112, received: 62
[2026-02-08T20:07:18.748Z] [Worker] Packet too small: 6 bytes (min: 12)
[2026-02-08T20:07:18.756Z] [Worker] Packet too small: 6 bytes (min: 12)
[2026-02-08T20:07:18.760Z] [Worker] Checksum mismatch. Expected: 25170, calculated: 25169
[2026-02-08T20:07:18.771Z] [Worker] Checksum mismatch. Expected: 25185, calculated: 25184
[2026-02-08T20:07:18.785Z] [Worker] Packet too small: 6 bytes (min: 12)
[2026-02-08T20:07:18.861Z] [Worker] Invalid magic word: 0xdeadbee0
[2026-02-08T20:07:18.866Z] [Worker] Packet size mismatch. Expected: 4097, received: 4096
[2026-02-08T20:07:18.889Z] [Worker] Packet size mismatch. Expected: 112, received: 62
[2026-02-08T20:07:18.895Z] [Worker] Packet size mismatch. Expected: 4097, received: 4096
[2026-02-08T20:07:18.904Z] [Worker] Packet size mismatch. Expected: 4097, received: 4096
[2026-02-08T20:07:18.907Z] [Worker] Checksum mismatch. Expected: 25405, calculated: 25404
[2026-02-08T20:07:18.925Z] [Worker] Checksum mismatch. Expected: 25179, calculated: 25178
[2026-02-08T20:07:18.952Z] [Worker] Packet too small: 6 bytes (min: 12)
[2026-02-08T20:07:18.954Z] [Worker] Packet size mismatch. Expected: 112, received: 62
[2026-02-08T20:07:18.974Z] [Worker] Packet size mismatch. Expected: 112, received: 62
[2026-02-08T20:07:18.988Z] [Worker] Invalid magic word: 0xdeadbee0
[2026-02-08T20:07:18.992Z] [Worker] Packet too small: 6 bytes (min: 12)
[2026-02-08T20:07:19.004Z] [Worker] Packet size mismatch. Expected: 4097, received: 4096
[2026-02-08T20:07:19.025Z] [Worker] Packet size mismatch. Expected: 4097, received: 4096
[2026-02-08T20:07:19.029Z] [Worker] Packet size mismatch. Expected: 4097, received: 4096
[2026-02-08T20:07:19.034Z] [Worker] Packet too small: 6 bytes (min: 12)
[2026-02-08T20:07:19.036Z] [Worker] Packet size mismatch. Expected: 4097, received: 4096
[2026-02-08T20:07:19.067Z] [Worker] Packet too small: 6 bytes (min: 12)
[2026-02-08T20:07:19.077Z] [Worker] Checksum mismatch. Expected: 25171, calculated: 25170
[2026-02-08T20:07:19.078Z] [Worker] Invalid magic word: 0xdeadbee0
[2026-02-08T20:07:19.117Z] [Worker] Packet size mismatch. Expected: 4097, received: 4096
[2026-02-08T20:07:19.120Z] [Worker] Packet too small: 6 bytes (min: 12)
[2026-02-08T20:07:19.139Z] [Worker] Packet size mismatch. Expected: 4097, received: 4096
[2026-02-08T20:07:19.155Z] [Worker] Packet size mismatch. Expected: 4097, received: 4096
[2026-02-08T20:07:19.166Z] [Worker] Invalid magic word: 0xdeadbee0
[2026-02-08T20:07:19.207Z] [Worker] Packet too small: 6 bytes (min: 12)
[2026-02-08T20:07:19.225Z] [Worker] Checksum mismatch. Expected: 25402, calculated: 25401
[2026-02-08T20:07:19.232Z] [Worker] Invalid magic word: 0xdeadbee0
[2026-02-08T20:07:19.247Z] [Worker] Packet size mismatch. Expected: 4097, received: 4096
[2026-02-08T20:07:19.255Z] [Worker] Invalid magic word: 0xdeadbee0
[2026-02-08T20:07:19.261Z] [Worker] Invalid magic word: 0xdeadbee0
[2026-02-08T20:07:19.265Z] [Worker] Packet size mismatch. Expected: 4097, received: 4096
[2026-02-08T20:07:19.271Z] [Worker] Packet too small: 6 bytes (min: 12)
[2026-02-08T20:07:19.279Z] [Worker] Packet size mismatch. Expected: 112, received: 62
[2026-02-08T20:07:19.281Z] [Worker] Packet size mismatch. Expected: 112, received: 62
[2026-02-08T20:07:19.311Z] [Worker] Checksum mismatch. Expected: 25286, calculated: 25285
[2026-02-08T20:07:19.352Z] [Worker] Invalid magic word: 0xdeadbee0
[2026-02-08T20:07:19.353Z] [Worker] Packet too small: 6 bytes (min: 12)
[2026-02-08T20:07:19.354Z] [Worker] Checksum mismatch. Expected: 25356, calculated: 25355
[2026-02-08T20:07:19.368Z] [Worker] Packet size mismatch. Expected: 4097, received: 4096
[2026-02-08T20:07:19.373Z] [Worker] Packet too small: 6 bytes (min: 12)
[2026-02-08T20:07:19.377Z] [Worker] Packet too small: 6 bytes (min: 12)
[2026-02-08T20:07:19.402Z] [Worker] Packet size mismatch. Expected: 4097, received: 4096
[2026-02-08T20:07:19.426Z] [Worker] Packet size mismatch. Expected: 4097, received: 4096
[2026-02-08T20:07:19.449Z] [Worker] Packet size mismatch. Expected: 112, received: 62
[2026-02-08T20:07:19.455Z] [Worker] Packet size mismatch. Expected: 4097, received: 4096
[2026-02-08T20:07:19.468Z] [Worker] Packet too small: 6 bytes (min: 12)
[2026-02-08T20:07:19.490Z] [Worker] Invalid magic word: 0xdeadbee0
[2026-02-08T20:07:19.498Z] [Worker] Packet too small: 6 bytes (min: 12)
[2026-02-08T20:07:19.502Z] [Worker] Packet size mismatch. Expected: 112, received: 62
[2026-02-08T20:07:19.507Z] [Worker] Packet size mismatch. Expected: 112, received: 62
[2026-02-08T20:07:19.510Z] [Worker] Packet size mismatch. Expected: 112, received: 62
[2026-02-08T20:07:19.517Z] [Worker] Invalid magic word: 0xdeadbee0
[2026-02-08T20:07:19.523Z] [Worker] Checksum mismatch. Expected: 25377, calculated: 25376
[2026-02-08T20:07:19.533Z] [Worker] Invalid magic word: 0xdeadbee0
[2026-02-08T20:07:19.534Z] [Worker] Checksum mismatch. Expected: 25396, calculated: 25395
[2026-02-08T20:07:19.541Z] [Worker] Invalid magic word: 0xdeadbee0
[2026-02-08T20:07:19.549Z] [Worker] Invalid magic word: 0xdeadbee0
[2026-02-08T20:07:19.550Z] [Worker] Packet size mismatch. Expected: 4097, received: 4096
[2026-02-08T20:07:19.559Z] [Worker] Checksum mismatch. Expected: 25181, calculated: 25180
[2026-02-08T20:07:19.568Z] [Worker] Packet size mismatch. Expected: 4097, received: 4096
[2026-02-08T20:07:19.571Z] [Worker] Packet size mismatch. Expected: 112, received: 62
[2026-02-08T20:07:19.573Z] [Worker] Checksum mismatch. Expected: 25205, calculated: 25204
[2026-02-08T20:07:19.594Z] [Worker] Checksum mismatch. Expected: 25239, calculated: 25238
[2026-02-08T20:07:19.642Z] [Worker] Packet too small: 6 bytes (min: 12)
[2026-02-08T20:07:19.653Z] [Worker] Packet size mismatch. Expected: 4097, received: 4096
[2026-02-08T20:07:19.663Z] [Worker] Packet size mismatch. Expected: 112, received: 62
[2026-02-08T20:07:19.680Z] [Worker] Checksum mismatch. Expected: 25381, calculated: 25380
[2026-02-08T20:07:19.685Z] [Worker] Packet size mismatch. Expected: 4097, received: 4096
[2026-02-08T20:07:19.715Z] [Worker] Packet too small: 6 bytes (min: 12)
[2026-02-08T20:07:19.722Z] [Worker] Packet size mismatch. Expected: 112, received: 62
[2026-02-08T20:07:19.749Z] [Worker] Invalid magic word: 0xdeadbee0
[2026-02-08T20:07:19.754Z] [Worker] Packet size mismatch. Expected: 4097, received: 4096
[2026-02-08T20:07:19.755Z] [Worker] Checksum mismatch. Expected: 25249, calculated: 25248
[2026-02-08T20:07:19.762Z] [Worker] Invalid magic word: 0xdeadbee0
[2026-02-08T20:07:19.773Z] [Worker] Packet too small: 6 bytes (min: 12)
[2026-02-08T20:07:19.783Z] [Worker] Packet size mismatch. Expected: 112, received: 62
[2026-02-08T20:07:19.785Z] [Worker] Packet size mismatch. Expected: 112, received: 62
[2026-02-08T20:07:19.805Z] [Worker] Invalid magic word: 0xdeadbee0
[2026-02-08T20:07:19.847Z] [Worker] Invalid magic word: 0xdeadbee0
[2026-02-08T20:07:19.849Z] [Worker] Invalid magic word: 0xdeadbee0
[2026-02-08T20:07:19.873Z] [Worker] Packet size mismatch. Expected: 112, received: 62
[2026-02-08T20:07:19.903Z] [Worker] Invalid magic word: 0xdeadbee0
[2026-02-08T20:07:19.906Z] [Worker] Invalid magic word: 0xdeadbee0
[2026-02-08T20:07:19.908Z] [Worker] Checksum mismatch. Expected: 25241, calculated: 25240
[2026-02-08T20:07:19.938Z] [Worker] Packet size mismatch. Expected: 112, received: 62
[2026-02-08T20:07:19.958Z] [Worker] Packet size mismatch. Expected: 4097, received: 4096
[2026-02-08T20:07:19.991Z] [Worker] Packet too small: 6 bytes (min: 12)
[2026-02-08T20:07:20.030Z] [Worker] Checksum mismatch. Expected: 25181, calculated: 25180
[2026-02-08T20:07:20.049Z] [Worker] Packet too small: 6 bytes (min: 12)
[2026-02-08T20:07:20.054Z] [Worker] Invalid magic word: 0xdeadbee0
[2026-02-08T20:07:20.057Z] [Worker] Packet too small: 6 bytes (min: 12)
[2026-02-08T20:07:20.061Z] [Worker] Packet size mismatch. Expected: 112, received: 62
[2026-02-08T20:07:20.063Z] [Worker] Checksum mismatch. Expected: 25232, calculated: 25231
[2026-02-08T20:07:20.070Z] [Worker] Checksum mismatch. Expected: 25244, calculated: 25243
[2026-02-08T20:07:20.077Z] [Worker] Invalid magic word: 0xdeadbee0
[2026-02-08T20:07:20.114Z] [Worker] Invalid magic word: 0xdeadbee0
[2026-02-08T20:07:20.120Z] [Worker] Checksum mismatch. Expected: 25327, calculated: 25326
[2026-02-08T20:07:20.128Z] [Worker] Packet too small: 6 bytes (min: 12)
[2026-02-08T20:07:20.153Z] [Worker] Packet size mismatch. Expected: 4097, received: 4096
[2026-02-08T20:07:20.163Z] [Worker] Packet size mismatch. Expected: 4097, received: 4096
[2026-02-08T20:07:20.185Z] [Worker] Packet size mismatch. Expected: 112, received: 62
[2026-02-08T20:07:20.189Z] [Worker] Packet too small: 6 bytes (min: 12)
[2026-02-08T20:07:20.191Z] [Worker] Checksum mismatch. Expected: 25187, calculated: 25186
[2026-02-08T20:07:20.202Z] [Worker] Invalid magic word: 0xdeadbee0
[2026-02-08T20:07:20.227Z] [Worker] Packet size mismatch. Expected: 4097, received: 4096
[2026-02-08T20:07:20.238Z] [Worker] Packet too small: 6 bytes (min: 12)
[2026-02-08T20:07:20.246Z] [Worker] Packet size mismatch. Expected: 112, received: 62
[2026-02-08T20:07:20.255Z] [Worker] Packet size mismatch. Expected: 112, received: 62
[2026-02-08T20:07:20.258Z] [Worker] Packet size mismatch. Expected: 112, received: 62
[2026-02-08T20:07:20.259Z] [Worker] Invalid magic word: 0xdeadbee0
[2026-02-08T20:07:20.273Z] [Worker] Invalid magic word: 0xdeadbee0[2026-02-08T20:07:20.273Z] [Worker] Packet size mismatch. Expected: 4097, received: 4096

[2026-02-08T20:07:20.308Z] [Worker] Packet too small: 6 bytes (min: 12)
[2026-02-08T20:07:20.311Z] [Worker] Packet size mismatch. Expected: 4097, received: 4096
[2026-02-08T20:07:20.312Z] [Worker] Packet too small: 6 bytes (min: 12)
[2026-02-08T20:07:20.316Z] [Worker] Packet size mismatch. Expected: 112, received: 62
[2026-02-08T20:07:20.325Z] [Worker] Packet too small: 6 bytes (min: 12)
[2026-02-08T20:07:20.354Z] [Worker] Packet too small: 6 bytes (min: 12)
[2026-02-08T20:07:20.383Z] [Worker] Invalid magic word: 0xdeadbee0
[2026-02-08T20:07:20.394Z] [Worker] Checksum mismatch. Expected: 25256, calculated: 25255
[2026-02-08T20:07:20.412Z] [Worker] Packet too small: 6 bytes (min: 12)
[2026-02-08T20:07:20.415Z] [Worker] Packet too small: 6 bytes (min: 12)
[2026-02-08T20:07:20.421Z] [Worker] Packet too small: 6 bytes (min: 12)
[2026-02-08T20:07:20.428Z] [Worker] Packet size mismatch. Expected: 4097, received: 4096
[2026-02-08T20:07:20.459Z] [Worker] Invalid magic word: 0xdeadbee0
[2026-02-08T20:07:20.485Z] [Worker] Invalid magic word: 0xdeadbee0
[2026-02-08T20:07:20.492Z] [Worker] Packet too small: 6 bytes (min: 12)
[2026-02-08T20:07:20.499Z] [Worker] Checksum mismatch. Expected: 25426, calculated: 25425
[2026-02-08T20:07:20.503Z] [Worker] Packet size mismatch. Expected: 112, received: 62
[2026-02-08T20:07:20.507Z] [Worker] Packet size mismatch. Expected: 112, received: 62
[2026-02-08T20:07:20.526Z] [Worker] Invalid magic word: 0xdeadbee0
[2026-02-08T20:07:20.550Z] [Worker] Packet size mismatch. Expected: 112, received: 62
[2026-02-08T20:07:20.581Z] [Worker] Packet size mismatch. Expected: 112, received: 62
[2026-02-08T20:07:20.586Z] [Worker] Packet size mismatch. Expected: 4097, received: 4096
[2026-02-08T20:07:20.621Z] [Worker] Checksum mismatch. Expected: 25365, calculated: 25364
[2026-02-08T20:07:20.623Z] [Worker] Invalid magic word: 0xdeadbee0
[2026-02-08T20:07:20.633Z] [Worker] Checksum mismatch. Expected: 25385, calculated: 25384
[2026-02-08T20:07:20.638Z] [Worker] Packet size mismatch. Expected: 4097, received: 4096
[2026-02-08T20:07:20.654Z] [Worker] Packet size mismatch. Expected: 4097, received: 4096
[2026-02-08T20:07:20.659Z] [Worker] Packet too small: 6 bytes (min: 12)
[2026-02-08T20:07:20.670Z] [Worker] Checksum mismatch. Expected: 25191, calculated: 25190
[2026-02-08T20:07:20.679Z] [Worker] Checksum mismatch. Expected: 25203, calculated: 25202
[2026-02-08T20:07:20.694Z] [Worker] Invalid magic word: 0xdeadbee0
[2026-02-08T20:07:20.707Z] [Worker] Invalid magic word: 0xdeadbee0
[2026-02-08T20:07:20.709Z] [Worker] Invalid magic word: 0xdeadbee0
[2026-02-08T20:07:20.717Z] [Worker] Packet size mismatch. Expected: 112, received: 62
[2026-02-08T20:07:20.718Z] [Worker] Packet too small: 6 bytes (min: 12)
[2026-02-08T20:07:20.733Z] [Worker] Packet size mismatch. Expected: 4097, received: 4096
[2026-02-08T20:07:20.740Z] [Worker] Packet size mismatch. Expected: 112, received: 62
[2026-02-08T20:07:20.744Z] [Worker] Packet size mismatch. Expected: 112, received: 62
[2026-02-08T20:07:20.746Z] [Worker] Packet size mismatch. Expected: 112, received: 62
[2026-02-08T20:07:20.759Z] [Worker] Packet size mismatch. Expected: 4097, received: 4096
[2026-02-08T20:07:20.761Z] [Worker] Packet size mismatch. Expected: 112, received: 62
[2026-02-08T20:07:20.774Z] [Worker] Packet size mismatch. Expected: 4097, received: 4096
[2026-02-08T20:07:20.790Z] [Worker] Checksum mismatch. Expected: 25378, calculated: 25377
[2026-02-08T20:07:20.792Z] [Worker] Packet too small: 6 bytes (min: 12)
[2026-02-08T20:07:20.803Z] [Worker] Packet size mismatch. Expected: 112, received: 62
[2026-02-08T20:07:20.806Z] [Worker] Packet too small: 6 bytes (min: 12)
[2026-02-08T20:07:20.818Z] [Worker] Checksum mismatch. Expected: 25417, calculated: 25416
[2026-02-08T20:07:20.825Z] [Worker] Packet too small: 6 bytes (min: 12)
[2026-02-08T20:07:20.827Z] [Worker] Packet size mismatch. Expected: 112, received: 62
[2026-02-08T20:07:20.845Z] [Worker] Packet size mismatch. Expected: 112, received: 62
[2026-02-08T20:07:20.848Z] [Worker] Checksum mismatch. Expected: 25208, calculated: 25207
[2026-02-08T20:07:20.855Z] [Worker] Invalid magic word: 0xdeadbee0
[2026-02-08T20:07:20.880Z] [Worker] Packet size mismatch. Expected: 112, received: 62
[2026-02-08T20:07:20.889Z] [Worker] Packet too small: 6 bytes (min: 12)
[2026-02-08T20:07:20.911Z] [Worker] Packet size mismatch. Expected: 4097, received: 4096
[2026-02-08T20:07:20.912Z] [Worker] Invalid magic word: 0xdeadbee0
[2026-02-08T20:07:20.932Z] [Worker] Checksum mismatch. Expected: 25337, calculated: 25336
[2026-02-08T20:07:20.955Z] [Worker] Packet size mismatch. Expected: 4097, received: 4096
[2026-02-08T20:07:20.964Z] [Worker] Packet size mismatch. Expected: 4097, received: 4096
[2026-02-08T20:07:20.970Z] [Worker] Packet too small: 6 bytes (min: 12)
[2026-02-08T20:07:20.972Z] [Worker] Packet too small: 6 bytes (min: 12)
[2026-02-08T20:07:21.002Z] [Worker] Invalid magic word: 0xdeadbee0
[2026-02-08T20:07:21.014Z] [Worker] Packet too small: 6 bytes (min: 12)
[2026-02-08T20:07:21.028Z] [Worker] Packet size mismatch. Expected: 112, received: 62
[2026-02-08T20:07:21.030Z] [Worker] Packet too small: 6 bytes (min: 12)
[2026-02-08T20:07:21.051Z] [Worker] Packet size mismatch. Expected: 4097, received: 4096
[2026-02-08T20:07:21.061Z] [Worker] Packet size mismatch. Expected: 112, received: 62
[2026-02-08T20:07:21.078Z] [Worker] Packet size mismatch. Expected: 4097, received: 4096
[2026-02-08T20:07:21.089Z] [Worker] Invalid magic word: 0xdeadbee0
[2026-02-08T20:07:21.095Z] [Worker] Packet size mismatch. Expected: 112, received: 62
[2026-02-08T20:07:21.111Z] [Worker] Checksum mismatch. Expected: 25360, calculated: 25359
[2026-02-08T20:07:21.116Z] [Worker] Checksum mismatch. Expected: 25368, calculated: 25367
[2026-02-08T20:07:21.119Z] [Worker] Invalid magic word: 0xdeadbee0
[2026-02-08T20:07:21.121Z] [Worker] Checksum mismatch. Expected: 25376, calculated: 25375
[2026-02-08T20:07:21.124Z] [Worker] Packet size mismatch. Expected: 4097, received: 4096
[2026-02-08T20:07:21.137Z] [Worker] Packet size mismatch. Expected: 112, received: 62
[2026-02-08T20:07:21.150Z] [Worker] Packet size mismatch. Expected: 112, received: 62
[2026-02-08T20:07:21.152Z] [Worker] Invalid magic word: 0xdeadbee0
[2026-02-08T20:07:21.153Z] [Worker] Packet too small: 6 bytes (min: 12)
[2026-02-08T20:07:21.163Z] [Worker] Checksum mismatch. Expected: 25187, calculated: 25186
[2026-02-08T20:07:21.225Z] [Worker] Packet size mismatch. Expected: 112, received: 62
[2026-02-08T20:07:21.229Z] [Worker] Invalid magic word: 0xdeadbee0
[2026-02-08T20:07:21.230Z] [Worker] Packet too small: 6 bytes (min: 12)
[2026-02-08T20:07:21.234Z] [Worker] Packet size mismatch. Expected: 112, received: 62
[2026-02-08T20:07:21.246Z] [Worker] Packet size mismatch. Expected: 4097, received: 4096
[2026-02-08T20:07:21.246Z] [Worker] Checksum mismatch. Expected: 25318, calculated: 25317
[2026-02-08T20:07:21.249Z] [Worker] Packet too small: 6 bytes (min: 12)
[2026-02-08T20:07:21.251Z] [Worker] Invalid magic word: 0xdeadbee0
[2026-02-08T20:07:21.254Z] [Worker] Packet too small: 6 bytes (min: 12)
[2026-02-08T20:07:21.267Z] [Worker] Packet size mismatch. Expected: 112, received: 62
[2026-02-08T20:07:21.284Z] [Worker] Packet too small: 6 bytes (min: 12)
[2026-02-08T20:07:21.287Z] [Worker] Checksum mismatch. Expected: 25382, calculated: 25381
[2026-02-08T20:07:21.295Z] [Worker] Packet too small: 6 bytes (min: 12)
[2026-02-08T20:07:21.331Z] [Worker] Packet too small: 6 bytes (min: 12)
[2026-02-08T20:07:21.356Z] [Worker] Packet too small: 6 bytes (min: 12)
[2026-02-08T20:07:21.384Z] [Worker] Packet too small: 6 bytes (min: 12)
[2026-02-08T20:07:21.411Z] [Worker] Packet too small: 6 bytes (min: 12)
[2026-02-08T20:07:21.414Z] [Worker] Invalid magic word: 0xdeadbee0
[2026-02-08T20:07:21.424Z] [Worker] Packet too small: 6 bytes (min: 12)
[2026-02-08T20:07:21.429Z] [Worker] Checksum mismatch. Expected: 25350, calculated: 25349
[2026-02-08T20:07:21.444Z] [Worker] Checksum mismatch. Expected: 25374, calculated: 25373
[2026-02-08T20:07:21.460Z] [Worker] Checksum mismatch. Expected: 25398, calculated: 25397
[2026-02-08T20:07:21.485Z] [Worker] Checksum mismatch. Expected: 25183, calculated: 25182
[2026-02-08T20:07:21.497Z] [Worker] Checksum mismatch. Expected: 25202, calculated: 25201
[2026-02-08T20:07:21.502Z] [Worker] Packet size mismatch. Expected: 4097, received: 4096
[2026-02-08T20:07:21.510Z] [Worker] Checksum mismatch. Expected: 25223, calculated: 25222
[2026-02-08T20:07:21.524Z] [Worker] Packet size mismatch. Expected: 4097, received: 4096
[2026-02-08T20:07:21.526Z] [Worker] Packet too small: 6 bytes (min: 12)
[2026-02-08T20:07:21.528Z] [Worker] Packet size mismatch. Expected: 112, received: 62
[2026-02-08T20:07:21.532Z] [Worker] Packet too small: 6 bytes (min: 12)
[2026-02-08T20:07:21.559Z] [Worker] Invalid magic word: 0xdeadbee0
[2026-02-08T20:07:21.571Z] [Worker] Invalid magic word: 0xdeadbee0
[2026-02-08T20:07:21.582Z] [Worker] Invalid magic word: 0xdeadbee0
[2026-02-08T20:07:21.589Z] [Worker] Packet size mismatch. Expected: 4097, received: 4096
[2026-02-08T20:07:21.658Z] [Worker] Invalid magic word: 0xdeadbee0
[2026-02-08T20:07:21.666Z] [Worker] Checksum mismatch. Expected: 25214, calculated: 25213
[2026-02-08T20:07:21.676Z] [Worker] Packet size mismatch. Expected: 4097, received: 4096
[2026-02-08T20:07:21.680Z] [Worker] Packet size mismatch. Expected: 4097, received: 4096
[2026-02-08T20:07:21.688Z] [Worker] Invalid magic word: 0xdeadbee0
[2026-02-08T20:07:21.692Z] [Worker] Invalid magic word: 0xdeadbee0
[2026-02-08T20:07:21.709Z] [Worker] Packet size mismatch. Expected: 112, received: 62
[2026-02-08T20:07:21.718Z] [Worker] Packet too small: 6 bytes (min: 12)
[2026-02-08T20:07:21.731Z] [Worker] Packet size mismatch. Expected: 112, received: 62
[2026-02-08T20:07:21.753Z] [Worker] Packet too small: 6 bytes (min: 12)
[2026-02-08T20:07:21.760Z] [Worker] Packet too small: 6 bytes (min: 12)
[2026-02-08T20:07:21.779Z] [Worker] Checksum mismatch. Expected: 25394, calculated: 25393
[2026-02-08T20:07:21.788Z] [Worker] Checksum mismatch. Expected: 25409, calculated: 25408
[2026-02-08T20:07:21.800Z] [Worker] Packet size mismatch. Expected: 112, received: 62
[2026-02-08T20:07:21.810Z] [Worker] Invalid magic word: 0xdeadbee0
[2026-02-08T20:07:21.830Z] [Worker] Invalid magic word: 0xdeadbee0
[2026-02-08T20:07:21.837Z] [Worker] Packet too small: 6 bytes (min: 12)
[2026-02-08T20:07:21.849Z] [Worker] Packet too small: 6 bytes (min: 12)
[2026-02-08T20:07:21.875Z] [Worker] Invalid magic word: 0xdeadbee0
[2026-02-08T20:07:21.879Z] [Worker] Invalid magic word: 0xdeadbee0
[2026-02-08T20:07:21.884Z] [Worker] Packet size mismatch. Expected: 4097, received: 4096
[2026-02-08T20:07:21.894Z] [Worker] Packet size mismatch. Expected: 4097, received: 4096
[2026-02-08T20:07:21.910Z] [Worker] Packet too small: 6 bytes (min: 12)
[2026-02-08T20:07:21.912Z] [Worker] Packet too small: 6 bytes (min: 12)
[2026-02-08T20:07:21.956Z] [Worker] Packet too small: 6 bytes (min: 12)
[2026-02-08T20:07:21.980Z] [Worker] Checksum mismatch. Expected: 25204, calculated: 25203
[2026-02-08T20:07:21.986Z] [Worker] Packet too small: 6 bytes (min: 12)
[2026-02-08T20:07:21.991Z] [Worker] Packet size mismatch. Expected: 4097, received: 4096
[2026-02-08T20:07:22.005Z] [Worker] Packet size mismatch. Expected: 112, received: 62
[2026-02-08T20:07:22.008Z] [Worker] Invalid magic word: 0xdeadbee0
[2026-02-08T20:07:22.036Z] [Worker] Checksum mismatch. Expected: 25293, calculated: 25292
[2026-02-08T20:07:22.041Z] [Worker] Packet too small: 6 bytes (min: 12)
[2026-02-08T20:07:22.042Z] [Worker] Packet size mismatch. Expected: 112, received: 62
[2026-02-08T20:07:22.053Z] [Worker] Checksum mismatch. Expected: 25320, calculated: 25319
[2026-02-08T20:07:22.060Z] [Worker] Checksum mismatch. Expected: 25332, calculated: 25331
[2026-02-08T20:07:22.095Z] [Worker] Packet too small: 6 bytes (min: 12)
[2026-02-08T20:07:22.109Z] [Worker] Packet size mismatch. Expected: 112, received: 62
[2026-02-08T20:07:22.151Z] [Worker] Invalid magic word: 0xdeadbee0
[2026-02-08T20:07:22.170Z] [Worker] Invalid magic word: 0xdeadbee0
[2026-02-08T20:07:22.178Z] [Worker] Packet size mismatch. Expected: 112, received: 62
[2026-02-08T20:07:22.190Z] [Worker] Packet size mismatch. Expected: 112, received: 62
[2026-02-08T20:07:22.203Z] [Worker] Invalid magic word: 0xdeadbee0
[2026-02-08T20:07:22.209Z] [Worker] Checksum mismatch. Expected: 25315, calculated: 25314
[2026-02-08T20:07:22.217Z] [Worker] Packet size mismatch. Expected: 4097, received: 4096
[2026-02-08T20:07:22.232Z] [Worker] Invalid magic word: 0xdeadbee0
[2026-02-08T20:07:22.248Z] [Worker] Packet size mismatch. Expected: 112, received: 62
[2026-02-08T20:07:22.273Z] [Worker] Packet size mismatch. Expected: 112, received: 62
[2026-02-08T20:07:22.283Z] [Worker] Packet size mismatch. Expected: 112, received: 62
[2026-02-08T20:07:22.288Z] [Worker] Packet size mismatch. Expected: 112, received: 62
[2026-02-08T20:07:22.294Z] [Worker] Invalid magic word: 0xdeadbee0
[2026-02-08T20:07:22.298Z] [Worker] Packet too small: 6 bytes (min: 12)
[2026-02-08T20:07:22.299Z] [Worker] Packet size mismatch. Expected: 112, received: 62
[2026-02-08T20:07:22.314Z] [Worker] Checksum mismatch. Expected: 25227, calculated: 25226
[2026-02-08T20:07:22.332Z] [Worker] Invalid magic word: 0xdeadbee0
[2026-02-08T20:07:22.353Z] [Worker] Packet too small: 6 bytes (min: 12)
[2026-02-08T20:07:22.370Z] [Worker] Packet too small: 6 bytes (min: 12)
[2026-02-08T20:07:22.395Z] [Worker] Packet too small: 6 bytes (min: 12)
[2026-02-08T20:07:22.408Z] [Worker] Invalid magic word: 0xdeadbee0
[2026-02-08T20:07:22.412Z] [Worker] Packet size mismatch. Expected: 4097, received: 4096
[2026-02-08T20:07:22.415Z] [Worker] Invalid magic word: 0xdeadbee0
[2026-02-08T20:07:22.418Z] [Worker] Checksum mismatch. Expected: 25394, calculated: 25393
[2026-02-08T20:07:22.432Z] [Worker] Packet too small: 6 bytes (min: 12)
[2026-02-08T20:07:22.442Z] [Worker] Invalid magic word: 0xdeadbee0
[2026-02-08T20:07:22.445Z] [Worker] Packet size mismatch. Expected: 112, received: 62
[2026-02-08T20:07:22.454Z] [Worker] Packet size mismatch. Expected: 112, received: 62
[2026-02-08T20:07:22.465Z] [Worker] Packet too small: 6 bytes (min: 12)
[2026-02-08T20:07:22.475Z] [Worker] Invalid magic word: 0xdeadbee0
[2026-02-08T20:07:22.477Z] [Worker] Invalid magic word: 0xdeadbee0
[2026-02-08T20:07:22.483Z] [Worker] Packet size mismatch. Expected: 4097, received: 4096
[2026-02-08T20:07:22.487Z] [Worker] Packet size mismatch. Expected: 112, received: 62
[2026-02-08T20:07:22.506Z] [Worker] Checksum mismatch. Expected: 25279, calculated: 25278
[2026-02-08T20:07:22.532Z] [Worker] Packet size mismatch. Expected: 112, received: 62
[2026-02-08T20:07:22.550Z] [Worker] Invalid magic word: 0xdeadbee0
[2026-02-08T20:07:22.555Z] [Worker] Packet too small: 6 bytes (min: 12)
[2026-02-08T20:07:22.557Z] [Worker] Checksum mismatch. Expected: 25359, calculated: 25358
[2026-02-08T20:08:59.158Z] [Worker] Packet size mismatch. Expected: 112, received: 62
[2026-02-08T20:08:59.180Z] [Worker] Checksum mismatch. Expected: 25168, calculated: 25167
[2026-02-08T20:08:59.214Z] [Worker] Packet size mismatch. Expected: 112, received: 62
[2026-02-08T20:08:59.244Z] [Worker] Packet size mismatch. Expected: 4097, received: 4096
[2026-02-08T20:08:59.256Z] [Worker] Invalid magic word: 0xdeadbee0
[2026-02-08T20:08:59.281Z] [Worker] Invalid magic word: 0xdeadbee0
[2026-02-08T20:08:59.283Z] [Worker] Invalid magic word: 0xdeadbee0
[2026-02-08T20:08:59.285Z] [Worker] Packet too small: 6 bytes (min: 12)
[2026-02-08T20:08:59.291Z] [Worker] Packet size mismatch. Expected: 4097, received: 4096
[2026-02-08T20:08:59.305Z] [Worker] Packet size mismatch. Expected: 112, received: 62
[2026-02-08T20:08:59.310Z] [Worker] Packet size mismatch. Expected: 4097, received: 4096
[2026-02-08T20:08:59.319Z] [Worker] Invalid magic word: 0xdeadbee0
[2026-02-08T20:08:59.322Z] [Worker] Packet size mismatch. Expected: 4097, received: 4096
[2026-02-08T20:08:59.356Z] [Worker] Checksum mismatch. Expected: 25200, calculated: 25199
[2026-02-08T20:08:59.358Z] [Worker] Checksum mismatch. Expected: 25203, calculated: 25202
[2026-02-08T20:08:59.359Z] [Worker] Packet too small: 6 bytes (min: 12)
[2026-02-08T20:08:59.429Z] [Worker] Invalid magic word: 0xdeadbee0
[2026-02-08T20:08:59.444Z] [Worker] Packet size mismatch. Expected: 112, received: 62
[2026-02-08T20:08:59.459Z] [Worker] Checksum mismatch. Expected: 25365, calculated: 25364
[2026-02-08T20:08:59.468Z] [Worker] Invalid magic word: 0xdeadbee0
[2026-02-08T20:08:59.558Z] [Worker] Packet size mismatch. Expected: 4097, received: 4096
[2026-02-08T20:08:59.565Z] [Worker] Invalid magic word: 0xdeadbee0
[2026-02-08T20:08:59.566Z] [Worker] Checksum mismatch. Expected: 25282, calculated: 25281
[2026-02-08T20:08:59.577Z] [Worker] Packet size mismatch. Expected: 112, received: 62
[2026-02-08T20:08:59.582Z] [Worker] Packet too small: 6 bytes (min: 12)
[2026-02-08T20:08:59.583Z] [Worker] Packet too small: 6 bytes (min: 12)
[2026-02-08T20:08:59.620Z] [Worker] Packet size mismatch. Expected: 112, received: 62
[2026-02-08T20:08:59.655Z] [Worker] Checksum mismatch. Expected: 25171, calculated: 25170
[2026-02-08T20:08:59.663Z] [Worker] Packet size mismatch. Expected: 4097, received: 4096
[2026-02-08T20:08:59.675Z] [Worker] Invalid magic word: 0xdeadbee0
[2026-02-08T20:08:59.698Z] [Worker] Packet too small: 6 bytes (min: 12)
[2026-02-08T20:08:59.708Z] [Worker] Packet too small: 6 bytes (min: 12)
[2026-02-08T20:08:59.721Z] [Worker] Invalid magic word: 0xdeadbee0
[2026-02-08T20:08:59.760Z] [Worker] Packet too small: 6 bytes (min: 12)
[2026-02-08T20:08:59.765Z] [Worker] Packet too small: 6 bytes (min: 12)
[2026-02-08T20:08:59.804Z] [Worker] Packet size mismatch. Expected: 4097, received: 4096
[2026-02-08T20:08:59.839Z] [Worker] Packet size mismatch. Expected: 4097, received: 4096
[2026-02-08T20:08:59.903Z] [Worker] Packet too small: 6 bytes (min: 12)
[2026-02-08T20:08:59.911Z] [Worker] Packet size mismatch. Expected: 112, received: 62
[2026-02-08T20:08:59.916Z] [Worker] Invalid magic word: 0xdeadbee0
[2026-02-08T20:08:59.925Z] [Worker] Packet size mismatch. Expected: 112, received: 62
[2026-02-08T20:08:59.943Z] [Worker] Checksum mismatch. Expected: 25381, calculated: 25380
[2026-02-08T20:08:59.946Z] [Worker] Invalid magic word: 0xdeadbee0
[2026-02-08T20:08:59.952Z] [Worker] Checksum mismatch. Expected: 25142, calculated: 25141
[2026-02-08T20:08:59.993Z] [Worker] Packet size mismatch. Expected: 4097, received: 4096
[2026-02-08T20:09:00.026Z] [Worker] Packet size mismatch. Expected: 112, received: 62
[2026-02-08T20:09:00.036Z] [Worker] Packet too small: 6 bytes (min: 12)
[2026-02-08T20:09:00.100Z] [Worker] Checksum mismatch. Expected: 25384, calculated: 25383
[2026-02-08T20:09:00.105Z] [Worker] Packet size mismatch. Expected: 4097, received: 4096
[2026-02-08T20:09:00.119Z] [Worker] Checksum mismatch. Expected: 25159, calculated: 25158
[2026-02-08T20:09:00.130Z] [Worker] Packet size mismatch. Expected: 4097, received: 4096
[2026-02-08T20:09:00.153Z] [Worker] Packet size mismatch. Expected: 4097, received: 4096
[2026-02-08T20:09:00.155Z] [Worker] Packet size mismatch. Expected: 112, received: 62
[2026-02-08T20:09:00.186Z] [Worker] Invalid magic word: 0xdeadbee0
[2026-02-08T20:09:00.197Z] [Worker] Invalid magic word: 0xdeadbee0
[2026-02-08T20:09:00.211Z] [Worker] Packet size mismatch. Expected: 4097, received: 4096
[2026-02-08T20:09:00.213Z] [Worker] Packet size mismatch. Expected: 112, received: 62
[2026-02-08T20:09:00.229Z] [Worker] Invalid magic word: 0xdeadbee0
[2026-02-08T20:09:00.236Z] [Worker] Packet size mismatch. Expected: 4097, received: 4096
[2026-02-08T20:09:00.266Z] [Worker] Packet too small: 6 bytes (min: 12)
[2026-02-08T20:09:00.267Z] [Worker] Packet size mismatch. Expected: 112, received: 62
[2026-02-08T20:09:00.278Z] [Worker] Checksum mismatch. Expected: 25162, calculated: 25161
[2026-02-08T20:09:00.306Z] [Worker] Packet size mismatch. Expected: 112, received: 62
[2026-02-08T20:09:00.306Z] [Worker] Packet too small: 6 bytes (min: 12)
[2026-02-08T20:09:00.320Z] [Worker] Packet size mismatch. Expected: 112, received: 62
[2026-02-08T20:09:00.325Z] [Worker] Packet size mismatch. Expected: 4097, received: 4096
[2026-02-08T20:09:00.325Z] [Worker] Invalid magic word: 0xdeadbee0
[2026-02-08T20:09:00.339Z] [Worker] Packet size mismatch. Expected: 112, received: 62
[2026-02-08T20:09:00.379Z] [Worker] Invalid magic word: 0xdeadbee0
[2026-02-08T20:09:00.383Z] [Worker] Checksum mismatch. Expected: 25329, calculated: 25328
[2026-02-08T20:09:00.391Z] [Worker] Packet size mismatch. Expected: 4097, received: 4096
[2026-02-08T20:09:00.403Z] [Worker] Checksum mismatch. Expected: 25358, calculated: 25357
[2026-02-08T20:09:00.418Z] [Worker] Packet size mismatch. Expected: 4097, received: 4096
[2026-02-08T20:09:00.421Z] [Worker] Invalid magic word: 0xdeadbee0
[2026-02-08T20:09:00.452Z] [Worker] Packet size mismatch. Expected: 4097, received: 4096
[2026-02-08T20:09:00.457Z] [Worker] Invalid magic word: 0xdeadbee0
[2026-02-08T20:09:00.463Z] [Worker] Invalid magic word: 0xdeadbee0
[2026-02-08T20:09:00.484Z] [Worker] Packet size mismatch. Expected: 4097, received: 4096
[2026-02-08T20:09:00.486Z] [Worker] Packet size mismatch. Expected: 112, received: 62
[2026-02-08T20:09:00.492Z] [Worker] Packet too small: 6 bytes (min: 12)
[2026-02-08T20:09:00.514Z] [Worker] Packet too small: 6 bytes (min: 12)
[2026-02-08T20:09:00.523Z] [Worker] Packet too small: 6 bytes (min: 12)
[2026-02-08T20:09:00.536Z] [Worker] Invalid magic word: 0xdeadbee0
[2026-02-08T20:09:00.543Z] [Worker] Packet too small: 6 bytes (min: 12)
[2026-02-08T20:09:00.553Z] [Worker] Packet size mismatch. Expected: 4097, received: 4096
[2026-02-08T20:09:00.554Z] [Worker] Packet too small: 6 bytes (min: 12)
[2026-02-08T20:09:00.555Z] [Worker] Checksum mismatch. Expected: 25347, calculated: 25346
[2026-02-08T20:09:00.559Z] [Worker] Invalid magic word: 0xdeadbee0
[2026-02-08T20:09:00.570Z] [Worker] Packet too small: 6 bytes (min: 12)
[2026-02-08T20:09:00.597Z] [Worker] Packet too small: 6 bytes (min: 12)
[2026-02-08T20:09:00.603Z] [Worker] Checksum mismatch. Expected: 25168, calculated: 25167
[2026-02-08T20:09:00.625Z] [Worker] Checksum mismatch. Expected: 25204, calculated: 25203
[2026-02-08T20:09:00.632Z] [Worker] Checksum mismatch. Expected: 25215, calculated: 25214
[2026-02-08T20:09:00.640Z] [Worker] Packet size mismatch. Expected: 4097, received: 4096
[2026-02-08T20:09:00.680Z] [Worker] Packet size mismatch. Expected: 4097, received: 4096
[2026-02-08T20:09:00.695Z] [Worker] Packet too small: 6 bytes (min: 12)
[2026-02-08T20:09:00.701Z] [Worker] Packet size mismatch. Expected: 112, received: 62
[2026-02-08T20:09:00.704Z] [Worker] Packet size mismatch. Expected: 112, received: 62
[2026-02-08T20:09:00.711Z] [Worker] Packet too small: 6 bytes (min: 12)
[2026-02-08T20:09:00.716Z] [Worker] Packet size mismatch. Expected: 112, received: 62
[2026-02-08T20:09:00.722Z] [Worker] Checksum mismatch. Expected: 25353, calculated: 25352
[2026-02-08T20:09:00.729Z] [Worker] Invalid magic word: 0xdeadbee0
[2026-02-08T20:09:00.734Z] [Worker] Packet size mismatch. Expected: 4097, received: 4096
[2026-02-08T20:09:00.741Z] [Worker] Packet size mismatch. Expected: 112, received: 62
[2026-02-08T20:09:00.742Z] [Worker] Packet too small: 6 bytes (min: 12)
[2026-02-08T20:09:00.767Z] [Worker] Invalid magic word: 0xdeadbee0
[2026-02-08T20:09:00.790Z] [Worker] Checksum mismatch. Expected: 25208, calculated: 25207
[2026-02-08T20:09:00.793Z] [Worker] Invalid magic word: 0xdeadbee0
[2026-02-08T20:09:00.807Z] [Worker] Invalid magic word: 0xdeadbee0
[2026-02-08T20:09:00.811Z] [Worker] Packet size mismatch. Expected: 4097, received: 4096
[2026-02-08T20:09:00.813Z] [Worker] Packet too small: 6 bytes (min: 12)
[2026-02-08T20:09:00.824Z] [Worker] Packet size mismatch. Expected: 4097, received: 4096
[2026-02-08T20:09:00.827Z] [Worker] Invalid magic word: 0xdeadbee0
[2026-02-08T20:09:00.842Z] [Worker] Invalid magic word: 0xdeadbee0
[2026-02-08T20:09:00.844Z] [Worker] Packet size mismatch. Expected: 112, received: 62
[2026-02-08T20:09:00.845Z] [Worker] Checksum mismatch. Expected: 25297, calculated: 25296
[2026-02-08T20:09:00.851Z] [Worker] Packet size mismatch. Expected: 4097, received: 4096
[2026-02-08T20:09:00.859Z] [Worker] Packet size mismatch. Expected: 112, received: 62
[2026-02-08T20:09:00.864Z] [Worker] Invalid magic word: 0xdeadbee0
[2026-02-08T20:09:00.873Z] [Worker] Packet size mismatch. Expected: 4097, received: 4096
[2026-02-08T20:09:00.880Z] [Worker] Invalid magic word: 0xdeadbee0
[2026-02-08T20:09:00.883Z] [Worker] Packet size mismatch. Expected: 4097, received: 4096
[2026-02-08T20:09:00.885Z] [Worker] Checksum mismatch. Expected: 25362, calculated: 25361
[2026-02-08T20:09:00.899Z] [Worker] Checksum mismatch. Expected: 25384, calculated: 25383
[2026-02-08T20:09:00.904Z] [Worker] Packet too small: 6 bytes (min: 12)
[2026-02-08T20:09:00.910Z] [Worker] Packet size mismatch. Expected: 112, received: 62
[2026-02-08T20:09:00.925Z] [Worker] Packet too small: 6 bytes (min: 12)
[2026-02-08T20:09:00.930Z] [Worker] Packet size mismatch. Expected: 4097, received: 4096
[2026-02-08T20:09:00.941Z] [Worker] Invalid magic word: 0xdeadbee0
[2026-02-08T20:09:00.965Z] [Worker] Packet too small: 6 bytes (min: 12)
[2026-02-08T20:09:00.973Z] [Worker] Packet size mismatch. Expected: 112, received: 62
[2026-02-08T20:09:00.988Z] [Worker] Invalid magic word: 0xdeadbee0
[2026-02-08T20:09:01.009Z] [Worker] Packet too small: 6 bytes (min: 12)
[2026-02-08T20:09:01.021Z] [Worker] Invalid magic word: 0xdeadbee0
[2026-02-08T20:09:01.027Z] [Worker] Packet size mismatch. Expected: 112, received: 62
[2026-02-08T20:09:01.039Z] [Worker] Invalid magic word: 0xdeadbee0
[2026-02-08T20:09:01.055Z] [Worker] Packet size mismatch. Expected: 112, received: 62
[2026-02-08T20:09:01.089Z] [Worker] Packet too small: 6 bytes (min: 12)
[2026-02-08T20:09:01.100Z] [Worker] Invalid magic word: 0xdeadbee0
[2026-02-08T20:09:01.119Z] [Worker] Invalid magic word: 0xdeadbee0
[2026-02-08T20:09:01.135Z] [Worker] Packet too small: 6 bytes (min: 12)
[2026-02-08T20:09:01.138Z] [Worker] Packet too small: 6 bytes (min: 12)
[2026-02-08T20:09:01.143Z] [Worker] Invalid magic word: 0xdeadbee0
[2026-02-08T20:09:01.145Z] [Worker] Packet size mismatch. Expected: 112, received: 62
[2026-02-08T20:09:01.185Z] [Worker] Packet size mismatch. Expected: 4097, received: 4096
[2026-02-08T20:09:01.214Z] [Worker] Checksum mismatch. Expected: 25372, calculated: 25371
[2026-02-08T20:09:01.265Z] [Worker] Packet too small: 6 bytes (min: 12)
[2026-02-08T20:09:01.265Z] [Worker] Packet too small: 6 bytes (min: 12)
[2026-02-08T20:09:01.302Z] [Worker] Packet too small: 6 bytes (min: 12)
[2026-02-08T20:09:01.308Z] [Worker] Packet too small: 6 bytes (min: 12)
[2026-02-08T20:09:01.329Z] [Worker] Packet size mismatch. Expected: 112, received: 62
[2026-02-08T20:09:01.335Z] [Worker] Invalid magic word: 0xdeadbee0
[2026-02-08T20:09:01.345Z] [Worker] Invalid magic word: 0xdeadbee0
[2026-02-08T20:09:01.359Z] [Worker] Packet size mismatch. Expected: 4097, received: 4096
[2026-02-08T20:09:01.366Z] [Worker] Packet size mismatch. Expected: 4097, received: 4096
[2026-02-08T20:09:01.370Z] [Worker] Packet size mismatch. Expected: 112, received: 62
[2026-02-08T20:09:01.381Z] [Worker] Packet size mismatch. Expected: 112, received: [2026-02-08T20:09:01.381Z] [Worker] Packet too small: 6 bytes (min: 12)
62
[2026-02-08T20:09:01.392Z] [Worker] Invalid magic word: 0xdeadbee0
[2026-02-08T20:09:01.412Z] [Worker] Checksum mismatch. Expected: 25174, calculated: 25173
[2026-02-08T20:09:01.421Z] [Worker] Packet too small: 6 bytes (min: 12)
[2026-02-08T20:09:01.447Z] [Worker] Packet too small: 6 bytes (min: 12)
[2026-02-08T20:09:01.459Z] [Worker] Packet size mismatch. Expected: 112, received: 62
[2026-02-08T20:09:01.469Z] [Worker] Packet size mismatch. Expected: 112, received: 62
[2026-02-08T20:09:01.470Z] [Worker] Packet too small: 6 bytes (min: 12)
[2026-02-08T20:09:01.483Z] [Worker] Invalid magic word: 0xdeadbee0
[2026-02-08T20:09:01.487Z] [Worker] Packet size mismatch. Expected: 112, received: 62
[2026-02-08T20:09:01.490Z] [Worker] Invalid magic word: 0xdeadbee0
[2026-02-08T20:09:01.499Z] [Worker] Invalid magic word: 0xdeadbee0
[2026-02-08T20:09:01.500Z] [Worker] Invalid magic word: 0xdeadbee0
[2026-02-08T20:09:01.513Z] [Worker] Packet size mismatch. Expected: 112, received: 62
[2026-02-08T20:09:01.525Z] [Worker] Invalid magic word: 0xdeadbee0
[2026-02-08T20:09:01.534Z] [Worker] Checksum mismatch. Expected: 25367, calculated: 25366
[2026-02-08T20:09:01.558Z] [Worker] Packet size mismatch. Expected: 4097, received: 4096
[2026-02-08T20:09:01.566Z] [Worker] Packet size mismatch. Expected: 4097, received: 4096
[2026-02-08T20:09:01.571Z] [Worker] Checksum mismatch. Expected: 25170, calculated: 25169
[2026-02-08T20:09:01.651Z] [Worker] Invalid magic word: 0xdeadbee0
[2026-02-08T20:09:01.654Z] [Worker] Invalid magic word: 0xdeadbee0
[2026-02-08T20:09:01.654Z] [Worker] Invalid magic word: 0xdeadbee0
[2026-02-08T20:09:01.673Z] [Worker] Packet size mismatch. Expected: 112, received: 62
[2026-02-08T20:09:01.687Z] [Worker] Packet too small: 6 bytes (min: 12)
[2026-02-08T20:09:01.688Z] [Worker] Packet size mismatch. Expected: 4097, received: 4096
[2026-02-08T20:09:01.697Z] [Worker] Invalid magic word: 0xdeadbee0
[2026-02-08T20:09:01.706Z] [Worker] Invalid magic word: 0xdeadbee0
[2026-02-08T20:09:01.716Z] [Worker] Packet size mismatch. Expected: 112, received: 62[2026-02-08T20:09:01.716Z] [Worker] Packet size mismatch. Expected: 112, received: 62

[2026-02-08T20:09:01.730Z] [Worker] Packet too small: 6 bytes (min: 12)
[2026-02-08T20:09:01.731Z] [Worker] Checksum mismatch. Expected: 25165, calculated: 25164
[2026-02-08T20:09:01.778Z] [Worker] Checksum mismatch. Expected: 25239, calculated: 25238
[2026-02-08T20:09:01.788Z] [Worker] Packet size mismatch. Expected: 112, received: 62
[2026-02-08T20:09:01.794Z] [Worker] Checksum mismatch. Expected: 25265, calculated: 25264
[2026-02-08T20:09:01.804Z] [Worker] Checksum mismatch. Expected: 25281, calculated: 25280
[2026-02-08T20:09:01.828Z] [Worker] Checksum mismatch. Expected: 25317, calculated: 25316
[2026-02-08T20:09:01.845Z] [Worker] Packet size mismatch. Expected: 112, received: 62
[2026-02-08T20:09:01.849Z] [Worker] Packet too small: 6 bytes (min: 12)
[2026-02-08T20:09:01.858Z] [Worker] Checksum mismatch. Expected: 25364, calculated: 25363
[2026-02-08T20:09:01.866Z] [Worker] Checksum mismatch. Expected: 25375, calculated: 25374
[2026-02-08T20:09:01.872Z] [Worker] Invalid magic word: 0xdeadbee0
[2026-02-08T20:09:01.889Z] [Worker] Packet size mismatch. Expected: 4097, received: 4096
[2026-02-08T20:09:01.896Z] [Worker] Packet too small: 6 bytes (min: 12)
[2026-02-08T20:09:01.906Z] [Worker] Invalid magic word: 0xdeadbee0
[2026-02-08T20:09:01.921Z] [Worker] Checksum mismatch. Expected: 25207, calculated: 25206
[2026-02-08T20:09:01.924Z] [Worker] Invalid magic word: 0xdeadbee0
[2026-02-08T20:09:01.930Z] [Worker] Packet too small: 6 bytes (min: 12)
[2026-02-08T20:09:01.940Z] [Worker] Packet size mismatch. Expected: 112, received: 62
[2026-02-08T20:09:01.946Z] [Worker] Packet size mismatch. Expected: 4097, received: 4096
[2026-02-08T20:09:01.952Z] [Worker] Packet too small: 6 bytes (min: 12)
[2026-02-08T20:09:01.959Z] [Worker] Packet size mismatch. Expected: 112, received: 62
[2026-02-08T20:09:01.960Z] [Worker] Invalid magic word: 0xdeadbee0
[2026-02-08T20:09:01.970Z] [Worker] Checksum mismatch. Expected: 25286, calculated: 25285
[2026-02-08T20:09:01.983Z] [Worker] Checksum mismatch. Expected: 25308, calculated: 25307
[2026-02-08T20:09:01.987Z] [Worker] Checksum mismatch. Expected: 25315, calculated: 25314
[2026-02-08T20:09:02.012Z] [Worker] Invalid magic word: 0xdeadbee0
[2026-02-08T20:09:02.018Z] [Worker] Invalid magic word: 0xdeadbee0
[2026-02-08T20:09:02.040Z] [Worker] Packet size mismatch. Expected: 4097, received: 4096
[2026-02-08T20:09:02.051Z] [Worker] Packet too small: 6 bytes (min: 12)
[2026-02-08T20:09:02.055Z] [Worker] Checksum mismatch. Expected: 25169, calculated: 25168
[2026-02-08T20:09:02.062Z] [Worker] Packet size mismatch. Expected: 4097, received: 4096
[2026-02-08T20:09:02.063Z] [Worker] Invalid magic word: 0xdeadbee0
[2026-02-08T20:09:02.068Z] [Worker] Packet too small: 6 bytes (min: 12)
[2026-02-08T20:09:02.079Z] [Worker] Packet too small: 6 bytes (min: 12)
[2026-02-08T20:09:02.080Z] [Worker] Packet size mismatch. Expected: 112, received: 62
[2026-02-08T20:09:02.098Z] [Worker] Packet size mismatch. Expected: 112, received: 62
[2026-02-08T20:09:02.106Z] [Worker] Invalid magic word: 0xdeadbee0
[2026-02-08T20:09:02.110Z] [Worker] Packet size mismatch. Expected: 112, received: 62
[2026-02-08T20:09:02.111Z] [Worker] Packet size mismatch. Expected: 112, received: 62
[2026-02-08T20:09:02.111Z] [Worker] Checksum mismatch. Expected: 25261, calculated: 25260
[2026-02-08T20:09:02.116Z] [Worker] Checksum mismatch. Expected: 25268, calculated: 25267
[2026-02-08T20:09:02.129Z] [Worker] Packet size mismatch. Expected: 4097, received: 4096
[2026-02-08T20:09:02.136Z] [Worker] Packet too small: 6 bytes (min: 12)
[2026-02-08T20:09:02.176Z] [Worker] Packet size mismatch. Expected: 4097, received: 4096
[2026-02-08T20:09:02.181Z] [Worker] Packet size mismatch. Expected: 112, received: 62
[2026-02-08T20:09:02.182Z] [Worker] Checksum mismatch. Expected: 25375, calculated: 25374
[2026-02-08T20:09:02.187Z] [Worker] Invalid magic word: 0xdeadbee0
[2026-02-08T20:09:02.189Z] [Worker] Packet size mismatch. Expected: 112, received: 62
[2026-02-08T20:09:02.199Z] [Worker] Packet too small: 6 bytes (min: 12)
[2026-02-08T20:09:02.225Z] [Worker] Packet too small: 6 bytes (min: 12)
[2026-02-08T20:09:02.226Z] [Worker] Packet size mismatch. Expected: 112, received: 62
[2026-02-08T20:09:02.232Z] [Worker] Invalid magic word: 0xdeadbee0
[2026-02-08T20:09:02.248Z] [Worker] Packet size mismatch. Expected: 4097, received: 4096
[2026-02-08T20:09:02.297Z] [Worker] Invalid magic word: 0xdeadbee0
[2026-02-08T20:09:02.332Z] [Worker] Packet size mismatch. Expected: 112, received: 62
[2026-02-08T20:09:02.336Z] [Worker] Invalid magic word: 0xdeadbee0
[2026-02-08T20:09:02.347Z] [Worker] Packet too small: 6 bytes (min: 12)
[2026-02-08T20:09:02.361Z] [Worker] Packet too small: 6 bytes (min: 12)
[2026-02-08T20:09:02.372Z] [Worker] Packet too small: 6 bytes (min: 12)
[2026-02-08T20:09:02.397Z] [Worker] Checksum mismatch. Expected: 25214, calculated: 25213
[2026-02-08T20:09:02.398Z] [Worker] Checksum mismatch. Expected: 25216, calculated: 25215
[2026-02-08T20:09:02.400Z] [Worker] Invalid magic word: 0xdeadbee0
[2026-02-08T20:09:02.402Z] [Worker] Checksum mismatch. Expected: 25222, calculated: 25221
[2026-02-08T20:09:02.406Z] [Worker] Packet size mismatch. Expected: 4097, received: 4096
[2026-02-08T20:09:02.434Z] [Worker] Invalid magic word: 0xdeadbee0
[2026-02-08T20:09:02.449Z] [Worker] Checksum mismatch. Expected: 25298, calculated: 25297
[2026-02-08T20:09:02.459Z] [Worker] Checksum mismatch. Expected: 25314, calculated: 25313
[2026-02-08T20:09:02.474Z] [Worker] Packet size mismatch. Expected: 112, received: 62
[2026-02-08T20:09:02.475Z] [Worker] Packet too small: 6 bytes (min: 12)
[2026-02-08T20:09:02.489Z] [Worker] Packet too small: 6 bytes (min: 12)
[2026-02-08T20:09:02.491Z] [Worker] Packet size mismatch. Expected: 4097, received: 4096
[2026-02-08T20:09:02.515Z] [Worker] Packet too small: 6 bytes (min: 12)
[2026-02-08T20:09:02.524Z] [Worker] Packet too small: 6 bytes (min: 12)
[2026-02-08T20:09:02.532Z] [Worker] Packet size mismatch. Expected: 112, received: 62
[2026-02-08T20:09:02.538Z] [Worker] Invalid magic word: 0xdeadbee0
[2026-02-08T20:09:02.554Z] [Worker] Packet size mismatch. Expected: 112, received: 62
[2026-02-08T20:09:02.564Z] [Worker] Checksum mismatch. Expected: 25232, calculated: 25231
[2026-02-08T20:09:02.578Z] [Worker] Checksum mismatch. Expected: 25254, calculated: 25253
[2026-02-08T20:09:02.581Z] [Worker] Packet size mismatch. Expected: 112, received: 62
[2026-02-08T20:09:02.584Z] [Worker] Packet too small: 6 bytes (min: 12)
[2026-02-08T20:09:02.586Z] [Worker] Packet size mismatch. Expected: 4097, received: 4096
[2026-02-08T20:09:02.609Z] [Worker] Checksum mismatch. Expected: 25304, calculated: 25303
[2026-02-08T20:09:02.614Z] [Worker] Packet too small: 6 bytes (min: 12)
[2026-02-08T20:09:02.626Z] [Worker] Packet too small: 6 bytes (min: 12)
[2026-02-08T20:09:02.635Z] [Worker] Checksum mismatch. Expected: 25346, calculated: 25345
[2026-02-08T20:09:02.658Z] [Worker] Packet too small: 6 bytes (min: 12)
[2026-02-08T20:09:02.685Z] [Worker] Packet size mismatch. Expected: 4097, received: 4096
[2026-02-08T20:09:02.693Z] [Worker] Invalid magic word: 0xdeadbee0
[2026-02-08T20:09:02.694Z] [Worker] Packet too small: 6 bytes (min: 12)
[2026-02-08T20:09:02.694Z] [Worker] Packet size mismatch. Expected: 112, received: 62
[2026-02-08T20:09:02.704Z] [Worker] Invalid magic word: 0xdeadbee0
[2026-02-08T20:09:02.715Z] [Worker] Invalid magic word: 0xdeadbee0
[2026-02-08T20:09:02.738Z] [Worker] Checksum mismatch. Expected: 25255, calculated: 25254
[2026-02-08T20:09:02.743Z] [Worker] Packet too small: 6 bytes (min: 12)
[2026-02-08T20:09:02.755Z] [Worker] Packet size mismatch. Expected: 4097, received: 4096
[2026-02-08T20:09:02.764Z] [Worker] Packet size mismatch. Expected: 112, received: 62
[2026-02-08T20:09:02.784Z] [Worker] Packet size mismatch. Expected: 112, received: 62
[2026-02-08T20:09:02.789Z] [Worker] Packet too small: 6 bytes (min: 12)
[2026-02-08T20:09:02.792Z] [Worker] Checksum mismatch. Expected: 25342, calculated: 25341
[2026-02-08T20:09:02.799Z] [Worker] Invalid magic word: 0xdeadbee0
[2026-02-08T20:09:02.812Z] [Worker] Packet size mismatch. Expected: 112, received: 62
[2026-02-08T20:09:02.818Z] [Worker] Packet too small: 6 bytes (min: 12)
[2026-02-08T20:09:02.843Z] [Worker] Invalid magic word: 0xdeadbee0
[2026-02-08T20:09:02.866Z] [Worker] Checksum mismatch. Expected: 25206, calculated: 25205
[2026-02-08T20:09:02.871Z] [Worker] Packet size mismatch. Expected: 4097, received: 4096
[2026-02-08T20:09:02.885Z] [Worker] Invalid magic word: 0xdeadbee0
[2026-02-08T20:09:02.918Z] [Worker] Packet size mismatch. Expected: 4097, received: 4096
[2026-02-08T20:09:02.920Z] [Worker] Packet too small: 6 bytes (min: 12)
[2026-02-08T20:09:02.923Z] [Worker] Checksum mismatch. Expected: 25297, calculated: 25296
[2026-02-08T20:09:02.932Z] [Worker] Packet size mismatch. Expected: 112, received: 62
[2026-02-08T20:09:02.936Z] [Worker] Packet too small: 6 bytes (min: 12)
[2026-02-08T20:09:02.949Z] [Worker] Packet size mismatch. Expected: 4097, received: 4096
[2026-02-08T20:09:02.950Z] [Worker] Checksum mismatch. Expected: 25340, calculated: 25339
[2026-02-08T20:09:02.992Z] [Worker] Checksum mismatch. Expected: 25151, calculated: 25150
[2026-02-08T20:09:03.020Z] [Worker] Packet size mismatch. Expected: 112, received: 62
[2026-02-08T20:09:03.036Z] [Worker] Packet size mismatch. Expected: 112, received: 62
[2026-02-08T20:09:03.061Z] [Worker] Packet too small: 6 bytes (min: 12)
[2026-02-08T20:09:03.062Z] [Worker] Invalid magic word: 0xdeadbee0
[2026-02-08T20:09:03.081Z] [Worker] Invalid magic word: 0xdeadbee0
[2026-02-08T20:09:03.095Z] [Worker] Invalid magic word: 0xdeadbee0
[2026-02-08T20:09:03.102Z] [Worker] Checksum mismatch. Expected: 25327, calculated: 25326
[2026-02-08T20:09:03.105Z] [Worker] Packet size mismatch. Expected: 4097, received: 4096
[2026-02-08T20:09:03.147Z] [Worker] Packet size mismatch. Expected: 4097, received: 4096
[2026-02-08T20:09:03.147Z] [Worker] Checksum mismatch. Expected: 25399, calculated: 25398
[2026-02-08T20:09:03.154Z] [Worker] Packet size mismatch. Expected: 4097, received: 4096
[2026-02-08T20:09:03.155Z] [Worker] Packet size mismatch. Expected: 4097, received: 4096
[2026-02-08T20:09:03.179Z] [Worker] Packet size mismatch. Expected: 112, received: 62
[2026-02-08T20:09:03.192Z] [Worker] Packet too small: 6 bytes (min: 12)
[2026-02-08T20:09:03.198Z] [Worker] Packet size mismatch. Expected: 4097, received: 4096
[2026-02-08T20:09:03.204Z] [Worker] Checksum mismatch. Expected: 25237, calculated: 25236
[2026-02-08T20:09:03.204Z] [Worker] Packet too small: 6 bytes (min: 12)
[2026-02-08T20:09:03.215Z] [Worker] Packet size mismatch. Expected: 112, received: 62
[2026-02-08T20:09:03.219Z] [Worker] Packet size mismatch. Expected: 4097, received: 4096
[2026-02-08T20:09:03.226Z] [Worker] Checksum mismatch. Expected: 25273, calculated: 25272
[2026-02-08T20:09:03.232Z] [Worker] Packet size mismatch. Expected: 4097, received: 4096
[2026-02-08T20:09:03.249Z] [Worker] Checksum mismatch. Expected: 25309, calculated: 25308
[2026-02-08T20:09:03.249Z] [Worker] Packet size mismatch. Expected: 112, received: 62
[2026-02-08T20:09:03.262Z] [Worker] Invalid magic word: 0xdeadbee0
[2026-02-08T20:09:03.267Z] [Worker] Invalid magic word: 0xdeadbee0
[2026-02-08T20:09:03.267Z] [Worker] Packet too small: 6 bytes (min: 12)
[2026-02-08T20:09:03.277Z] [Worker] Checksum mismatch. Expected: 25355, calculated: 25354
[2026-02-08T20:09:03.310Z] [Worker] Checksum mismatch. Expected: 25151, calculated: 25150
[2026-02-08T20:09:03.311Z] [Worker] Checksum mismatch. Expected: 25153, calculated: 25152
[2026-02-08T20:09:03.338Z] [Worker] Packet too small: 6 bytes (min: 12)
[2026-02-08T20:09:03.346Z] [Worker] Packet too small: 6 bytes (min: 12)
[2026-02-08T20:09:03.363Z] [Worker] Checksum mismatch. Expected: 25237, calculated: 25236
[2026-02-08T20:09:03.372Z] [Worker] Checksum mismatch. Expected: 25250, calculated: 25249
[2026-02-08T20:09:03.373Z] [Worker] Invalid magic word: 0xdeadbee0
[2026-02-08T20:09:03.378Z] [Worker] Packet size mismatch. Expected: 112, received: 62
[2026-02-08T20:09:03.413Z] [Worker] Invalid magic word: 0xdeadbee0
[2026-02-08T20:09:03.420Z] [Worker] Packet size mismatch. Expected: 4097, received: 4096
[2026-02-08T20:09:03.429Z] [Worker] Packet too small: 6 bytes (min: 12)
[2026-02-08T20:09:03.450Z] [Worker] Packet size mismatch. Expected: 4097, received: 4096
[2026-02-08T20:09:03.452Z] [Worker] Checksum mismatch. Expected: 25379, calculated: 25378
[2026-02-08T20:09:03.486Z] [Worker] Packet size mismatch. Expected: 112, received: 62
[2026-02-08T20:09:03.514Z] [Worker] Packet size mismatch. Expected: 4097, received: 4096
[2026-02-08T20:09:03.516Z] [Worker] Checksum mismatch. Expected: 25225, calculated: 25224
[2026-02-08T20:09:03.519Z] [Worker] Checksum mismatch. Expected: 25229, calculated: 25228
[2026-02-08T20:09:03.552Z] [Worker] Invalid magic word: 0xdeadbee0
[2026-02-08T20:09:03.560Z] [Worker] Packet size mismatch. Expected: 112, received: 62
[2026-02-08T20:09:03.564Z] [Worker] Checksum mismatch. Expected: 25302, calculated: 25301
[2026-02-08T20:09:03.567Z] [Worker] Invalid magic word: 0xdeadbee0
[2026-02-08T20:09:03.569Z] [Worker] Invalid magic word: 0xdeadbee0
[2026-02-08T20:09:03.575Z] [Worker] Checksum mismatch. Expected: 25319, calculated: 25318
[2026-02-08T20:09:03.576Z] [Worker] Invalid magic word: 0xdeadbee0
[2026-02-08T20:09:03.604Z] [Worker] Packet too small: 6 bytes (min: 12)
[2026-02-08T20:09:03.656Z] [Worker] Invalid magic word: 0xdeadbee0
[2026-02-08T20:09:03.686Z] [Worker] Checksum mismatch. Expected: 25239, calculated: 25238
[2026-02-08T20:09:03.701Z] [Worker] Packet too small: 6 bytes (min: 12)
[2026-02-08T20:09:03.732Z] [Worker] Packet too small: 6 bytes (min: 12)
[2026-02-08T20:09:03.762Z] [Worker] Packet size mismatch. Expected: 112, received: 62
[2026-02-08T20:09:03.773Z] [Worker] Packet too small: 6 bytes (min: 12)
[2026-02-08T20:09:03.784Z] [Worker] Packet size mismatch. Expected: 112, received: 62
[2026-02-08T20:09:03.793Z] [Worker] Checksum mismatch. Expected: 25406, calculated: 25405
[2026-02-08T20:09:03.838Z] [Worker] Checksum mismatch. Expected: 25221, calculated: 25220
[2026-02-08T20:09:03.838Z] [Worker] Checksum mismatch. Expected: 25222, calculated: 25221
[2026-02-08T20:09:03.849Z] [Worker] Packet too small: 6 bytes (min: 12)
[2026-02-08T20:09:03.872Z] [Worker] Checksum mismatch. Expected: 25277, calculated: 25276
[2026-02-08T20:09:03.889Z] [Worker] Checksum mismatch. Expected: 25303, calculated: 25302
[2026-02-08T20:09:03.905Z] [Worker] Packet too small: 6 bytes (min: 12)
[2026-02-08T20:09:03.907Z] [Worker] Checksum mismatch. Expected: 25334, calculated: 25333
[2026-02-08T20:09:03.913Z] [Worker] Packet size mismatch. Expected: 4097, received: 4096
[2026-02-08T20:09:03.918Z] [Worker] Packet size mismatch. Expected: 112, received: 62
[2026-02-08T20:09:03.928Z] [Worker] Packet too small: 6 bytes (min: 12)
[2026-02-08T20:09:03.932Z] [Worker] Invalid magic word: 0xdeadbee0
[2026-02-08T20:09:03.948Z] [Worker] Checksum mismatch. Expected: 25398, calculated: 25397
[2026-02-08T20:09:03.958Z] [Worker] Invalid magic word: 0xdeadbee0
[2026-02-08T20:09:03.960Z] [Worker] Invalid magic word: 0xdeadbee0
[2026-02-08T20:09:03.965Z] [Worker] Packet size mismatch. Expected: 4097, received: 4096
[2026-02-08T20:09:03.971Z] [Worker] Packet too small: 6 bytes (min: 12)
[2026-02-08T20:09:03.992Z] [Worker] Checksum mismatch. Expected: 25215, calculated: 25214
[2026-02-08T20:09:04.002Z] [Worker] Checksum mismatch. Expected: 25231, calculated: 25230
[2026-02-08T20:09:04.013Z] [Worker] Packet size mismatch. Expected: 112, received: 62
[2026-02-08T20:09:04.020Z] [Worker] Packet size mismatch. Expected: 4097, received: 4096
[2026-02-08T20:09:04.031Z] [Worker] Invalid magic word: 0xdeadbee0
[2026-02-08T20:09:04.039Z] [Worker] Packet size mismatch. Expected: 4097, received: 4096
[2026-02-08T20:09:04.064Z] [Worker] Invalid magic word: 0xdeadbee0
[2026-02-08T20:09:04.099Z] [Worker] Checksum mismatch. Expected: 25387, calculated: 25386
[2026-02-08T20:09:04.128Z] [Worker] Packet size mismatch. Expected: 112, received: 62
[2026-02-08T20:09:04.132Z] [Worker] Packet too small: 6 bytes (min: 12)
[2026-02-08T20:09:04.161Z] [Worker] Packet size mismatch. Expected: 112, received: 62
[2026-02-08T20:09:04.185Z] [Worker] Packet size mismatch. Expected: 4097, received: 4096
[2026-02-08T20:09:04.195Z] [Worker] Invalid magic word: 0xdeadbee0
[2026-02-08T20:09:04.231Z] [Worker] Checksum mismatch. Expected: 25342, calculated: 25341
[2026-02-08T20:09:04.244Z] [Worker] Packet size mismatch. Expected: 4097, received: 4096
[2026-02-08T20:09:04.255Z] [Worker] Packet size mismatch. Expected: 112, received: 62
[2026-02-08T20:09:04.257Z] [Worker] Invalid magic word: 0xdeadbee0
[2026-02-08T20:09:04.264Z] [Worker] Packet size mismatch. Expected: 4097, received: 4096
[2026-02-08T20:09:04.266Z] [Worker] Packet size mismatch. Expected: 112, received: 62
[2026-02-08T20:09:04.276Z] [Worker] Packet size mismatch. Expected: 4097, received: 4096
[2026-02-08T20:09:04.283Z] [Worker] Packet size mismatch. Expected: 112, received: 62
[2026-02-08T20:09:04.286Z] [Worker] Packet too small: 6 bytes (min: 12)
[2026-02-08T20:09:04.306Z] [Worker] Invalid magic word: 0xdeadbee0
[2026-02-08T20:09:04.317Z] [Worker] Packet size mismatch. Expected: 112, received: 62
[2026-02-08T20:09:04.329Z] [Worker] Packet size mismatch. Expected: 112, received: 62
[2026-02-08T20:09:04.338Z] [Worker] Packet size mismatch. Expected: 4097, received: 4096
[2026-02-08T20:09:04.339Z] [Worker] Packet size mismatch. Expected: 4097, received: 4096
[2026-02-08T20:09:04.342Z] [Worker] Checksum mismatch. Expected: 25265, calculated: 25264
[2026-02-08T20:09:04.352Z] [Worker] Packet size mismatch. Expected: 4097, received: 4096
[2026-02-08T20:09:04.353Z] [Worker] Checksum mismatch. Expected: 25282, calculated: 25281
[2026-02-08T20:09:04.354Z] [Worker] Packet size mismatch. Expected: 4097, received: 4096
[2026-02-08T20:09:04.364Z] [Worker] Checksum mismatch. Expected: 25301, calculated: 25300
[2026-02-08T20:09:04.381Z] [Worker] Packet size mismatch. Expected: 112, received: 62
[2026-02-08T20:09:04.388Z] [Worker] Packet size mismatch. Expected: 112, received: 62
[2026-02-08T20:09:04.391Z] [Worker] Packet size mismatch. Expected: 4097, received: 4096
[2026-02-08T20:09:04.396Z] [Worker] Packet too small: 6 bytes (min: 12)
[2026-02-08T20:09:04.425Z] [Worker] Packet size mismatch. Expected: 4097, received: 4096
[2026-02-08T20:09:04.426Z] [Worker] Packet size mismatch. Expected: 112, received: 62
[2026-02-08T20:09:04.434Z] [Worker] Packet size mismatch. Expected: 4097, received: 4096
[2026-02-08T20:09:04.437Z] [Worker] Packet size mismatch. Expected: 4097, received: 4096
[2026-02-08T20:09:04.460Z] [Worker] Checksum mismatch. Expected: 25199, calculated: 25198
[2026-02-08T20:09:04.467Z] [Worker] Packet size mismatch. Expected: 112, received: 62
[2026-02-08T20:09:04.493Z] [Worker] Packet too small: 6 bytes (min: 12)
[2026-02-08T20:09:04.505Z] [Worker] Checksum mismatch. Expected: 25272, calculated: 25271
[2026-02-08T20:09:04.514Z] [Worker] Packet size mismatch. Expected: 4097, received: 4096
[2026-02-08T20:09:04.553Z] [Worker] Packet too small: 6 bytes (min: 12)
[2026-02-08T20:09:04.587Z] [Worker] Invalid magic word: 0xdeadbee0
[2026-02-08T20:09:04.605Z] [Worker] Packet too small: 6 bytes (min: 12)
[2026-02-08T20:09:04.622Z] [Worker] Packet size mismatch. Expected: 112, received: 62
[2026-02-08T20:09:04.640Z] [Worker] Checksum mismatch. Expected: 25227, calculated: 25226
[2026-02-08T20:09:04.655Z] [Worker] Packet too small: 6 bytes (min: 12)
[2026-02-08T20:09:04.664Z] [Worker] Invalid magic word: 0xdeadbee0
[2026-02-08T20:09:04.681Z] [Worker] Packet size mismatch. Expected: 4097, received: 4096
[2026-02-08T20:09:04.704Z] [Worker] Checksum mismatch. Expected: 25327, calculated: 25326
[2026-02-08T20:09:04.712Z] [Worker] Invalid magic word: 0xdeadbee0
[2026-02-08T20:09:04.723Z] [Worker] Packet too small: 6 bytes (min: 12)
[2026-02-08T20:09:04.772Z] [Worker] Invalid magic word: 0xdeadbee0
[2026-02-08T20:09:04.778Z] [Worker] Invalid magic word: 0xdeadbee0
[2026-02-08T20:09:04.789Z] [Worker] Packet size mismatch. Expected: 112, received: 62
[2026-02-08T20:09:04.796Z] [Worker] Checksum mismatch. Expected: 25221, calculated: 25220
[2026-02-08T20:09:04.813Z] [Worker] Packet size mismatch. Expected: 112, received: 62
[2026-02-08T20:09:04.820Z] [Worker] Checksum mismatch. Expected: 25258, calculated: 25257
[2026-02-08T20:09:04.839Z] [Worker] Packet size mismatch. Expected: 112, received: 62[2026-02-08T20:09:04.839Z] [Worker] Packet too small: 6 bytes (min: 
12)
[2026-02-08T20:09:04.860Z] [Worker] Packet too small: 6 bytes (min: 12)
[2026-02-08T20:09:04.873Z] [Worker] Packet size mismatch. Expected: 112, received: 62
[2026-02-08T20:09:04.877Z] [Worker] Packet too small: 6 bytes (min: 12)
[2026-02-08T20:09:04.878Z] [Worker] Packet too small: 6 bytes (min: 12)
[2026-02-08T20:09:04.879Z] [Worker] Checksum mismatch. Expected: 25352, calculated: 25351
[2026-02-08T20:09:04.886Z] [Worker] Packet size mismatch. Expected: 4097, received: 4096
[2026-02-08T20:09:04.891Z] [Worker] Checksum mismatch. Expected: 25371, calculated: 25370
[2026-02-08T20:09:04.906Z] [Worker] Checksum mismatch. Expected: 25394, calculated: 25393
[2026-02-08T20:09:04.915Z] [Worker] Packet too small: 6 bytes (min: 12)
[2026-02-08T20:09:04.918Z] [Worker] Invalid magic word: 0xdeadbee0
[2026-02-08T20:09:04.921Z] [Worker] Packet too small: 6 bytes (min: 12)
[2026-02-08T20:09:04.923Z] [Worker] Packet size mismatch. Expected: 112, received: 62
[2026-02-08T20:09:04.923Z] [Worker] Invalid magic word: 0xdeadbee0
[2026-02-08T20:09:04.932Z] [Worker] Checksum mismatch. Expected: 25180, calculated: 25179
[2026-02-08T20:09:04.933Z] [Worker] Packet size mismatch. Expected: 112, received: 62
[2026-02-08T20:09:04.953Z] [Worker] Invalid magic word: 0xdeadbee0
[2026-02-08T20:09:04.972Z] [Worker] Checksum mismatch. Expected: 25243, calculated: 25242
[2026-02-08T20:09:04.994Z] [Worker] Packet size mismatch. Expected: 4097, received: 4096
[2026-02-08T20:09:05.002Z] [Worker] Invalid magic word: 0xdeadbee0
[2026-02-08T20:09:05.007Z] [Worker] Invalid magic word: 0xdeadbee0
[2026-02-08T20:09:05.034Z] [Worker] Packet size mismatch. Expected: 112, received: 62
[2026-02-08T20:09:05.042Z] [Worker] Packet size mismatch. Expected: 112, received: 62
[2026-02-08T20:09:05.056Z] [Worker] Packet size mismatch. Expected: 4097, received: 4096
[2026-02-08T20:09:05.064Z] [Worker] Packet too small: 6 bytes (min: 12)
[2026-02-08T20:09:05.067Z] [Worker] Packet size mismatch. Expected: 4097, received: 4096
[2026-02-08T20:09:05.080Z] [Worker] Checksum mismatch. Expected: 25412, calculated: 25411
[2026-02-08T20:09:05.081Z] [Worker] Packet size mismatch. Expected: 112, received: 62
[2026-02-08T20:09:05.101Z] [Worker] Packet too small: 6 bytes (min: 12)
[2026-02-08T20:09:05.116Z] [Worker] Packet too small: 6 bytes (min: 12)
[2026-02-08T20:09:05.125Z] [Worker] Packet too small: 6 bytes (min: 12)
[2026-02-08T20:09:05.145Z] [Worker] Invalid magic word: 0xdeadbee0
[2026-02-08T20:09:05.147Z] [Worker] Invalid magic word: 0xdeadbee0
[2026-02-08T20:09:05.148Z] [Worker] Invalid magic word: 0xdeadbee0
[2026-02-08T20:09:05.163Z] [Worker] Checksum mismatch. Expected: 25292, calculated: 25291
[2026-02-08T20:09:05.187Z] [Worker] Packet size mismatch. Expected: 112, received: 62
[2026-02-08T20:09:05.188Z] [Worker] Checksum mismatch. Expected: 25331, calculated: 25330
[2026-02-08T20:09:05.198Z] [Worker] Packet size mismatch. Expected: 4097, received: 4096
[2026-02-08T20:09:05.210Z] [Worker] Packet size mismatch. Expected: 112, received: 62
[2026-02-08T20:09:05.242Z] [Worker] Packet size mismatch. Expected: 4097, received: 4096
[2026-02-08T20:09:05.245Z] [Worker] Checksum mismatch. Expected: 25168, calculated: 25167
[2026-02-08T20:09:05.260Z] [Worker] Invalid magic word: 0xdeadbee0
[2026-02-08T20:09:05.268Z] [Worker] Packet size mismatch. Expected: 4097, received: 4096
[2026-02-08T20:09:05.272Z] [Worker] Packet too small: 6 bytes (min: 12)
[2026-02-08T20:09:05.273Z] [Worker] Packet size mismatch. Expected: 4097, received: 4096
[2026-02-08T20:09:05.288Z] [Worker] Invalid magic word: 0xdeadbee0
[2026-02-08T20:09:05.296Z] [Worker] Invalid magic word: 0xdeadbee0
[2026-02-08T20:09:05.311Z] [Worker] Invalid magic word: 0xdeadbee0
[2026-02-08T20:09:05.326Z] [Worker] Checksum mismatch. Expected: 25298, calculated: 25297
[2026-02-08T20:09:05.346Z] [Worker] Invalid magic word: 0xdeadbee0
[2026-02-08T20:09:05.359Z] [Worker] Invalid magic word: 0xdeadbee0
[2026-02-08T20:09:05.364Z] [Worker] Packet size mismatch. Expected: 112, received: 62
[2026-02-08T20:09:05.373Z] [Worker] Checksum mismatch. Expected: 25373, calculated: 25372
[2026-02-08T20:09:05.376Z] [Worker] Packet too small: 6 bytes (min: 12)
[2026-02-08T20:09:05.381Z] [Worker] Packet size mismatch. Expected: 112, received: 62
[2026-02-08T20:09:05.383Z] [Worker] Packet too small: 6 bytes (min: 12)
[2026-02-08T20:09:05.388Z] [Worker] Invalid magic word: 0xdeadbee0
[2026-02-08T20:09:05.392Z] [Worker] Checksum mismatch. Expected: 25404, calculated: 25403
[2026-02-08T20:09:05.418Z] [Worker] Packet too small: 6 bytes (min: 12)
[2026-02-08T20:09:05.423Z] [Worker] Packet too small: 6 bytes (min: 12)
[2026-02-08T20:09:05.442Z] [Worker] Packet size mismatch. Expected: 4097, received: 4096
[2026-02-08T20:09:05.442Z] [Worker] Invalid magic word: 0xdeadbee0
[2026-02-08T20:09:05.457Z] [Worker] Packet too small: 6 bytes (min: 12)
[2026-02-08T20:09:05.475Z] [Worker] Packet size mismatch. Expected: 112, received: 62
[2026-02-08T20:09:05.487Z] [Worker] Packet too small: 6 bytes (min: 12)
[2026-02-08T20:09:05.504Z] [Worker] Packet size mismatch. Expected: 4097, received: 4096
[2026-02-08T20:09:05.530Z] [Worker] Checksum mismatch. Expected: 25369, calculated: 25368
[2026-02-08T20:09:05.537Z] [Worker] Invalid magic word: 0xdeadbee0
[2026-02-08T20:09:05.564Z] [Worker] Checksum mismatch. Expected: 25170, calculated: 25169
[2026-02-08T20:09:05.574Z] [Worker] Packet size mismatch. Expected: 4097, received: 4096
[2026-02-08T20:09:05.575Z] [Worker] Invalid magic word: 0xdeadbee0
[2026-02-08T20:09:05.578Z] [Worker] Packet size mismatch. Expected: 4097, received: 4096
[2026-02-08T20:09:05.580Z] [Worker] Packet size mismatch. Expected: 4097, received: 4096
[2026-02-08T20:09:05.599Z] [Worker] Packet too small: 6 bytes (min: 12)
[2026-02-08T20:09:05.607Z] [Worker] Checksum mismatch. Expected: 25238, calculated: 25237
[2026-02-08T20:09:05.616Z] [Worker] Packet size mismatch. Expected: 112, received: 62
[2026-02-08T20:09:05.623Z] [Worker] Packet too small: 6 bytes (min: 12)
[2026-02-08T20:09:05.626Z] [Worker] Packet size mismatch. Expected: 4097, received: 4096
[2026-02-08T20:09:05.647Z] [Worker] Invalid magic word: 0xdeadbee0
[2026-02-08T20:09:05.658Z] [Worker] Packet too small: 6 bytes (min: 12)
[2026-02-08T20:09:05.660Z] [Worker] Packet size mismatch. Expected: 112, received: 62
[2026-02-08T20:09:05.663Z] [Worker] Checksum mismatch. Expected: 25328, calculated: 25327
[2026-02-08T20:09:05.687Z] [Worker] Packet size mismatch. Expected: 112, received: 62
[2026-02-08T20:09:05.703Z] [Worker] Checksum mismatch. Expected: 25394, calculated: 25393
[2026-02-08T20:09:05.719Z] [Worker] Packet size mismatch. Expected: 112, received: 62
[2026-02-08T20:09:05.748Z] [Worker] Packet too small: 6 bytes (min: 12)
[2026-02-08T20:09:05.761Z] [Worker] Packet too small: 6 bytes (min: 12)
[2026-02-08T20:09:05.763Z] [Worker] Packet size mismatch. Expected: 4097, received: 4096
[2026-02-08T20:09:05.798Z] [Worker] Packet too small: 6 bytes (min: 12)
[2026-02-08T20:09:05.811Z] [Worker] Invalid magic word: 0xdeadbee0
[2026-02-08T20:09:05.815Z] [Worker] Invalid magic word: 0xdeadbee0
[2026-02-08T20:09:05.835Z] [Worker] Packet size mismatch. Expected: 112, received: 62
[2026-02-08T20:09:05.835Z] [Worker] Packet too small: 6 bytes (min: 12)
[2026-02-08T20:09:05.859Z] [Worker] Packet too small: 6 bytes (min: 12)
[2026-02-08T20:09:05.883Z] [Worker] Checksum mismatch. Expected: 25176, calculated: 25175
[2026-02-08T20:09:05.925Z] [Worker] Packet too small: 6 bytes (min: 12)
[2026-02-08T20:09:05.929Z] [Worker] Packet too small: 6 bytes (min: 12)
[2026-02-08T20:09:05.958Z] [Worker] Packet size mismatch. Expected: 112, received: 62
[2026-02-08T20:09:05.959Z] [Worker] Packet size mismatch. Expected: 4097, received: 4096
[2026-02-08T20:09:05.977Z] [Worker] Invalid magic word: 0xdeadbee0
[2026-02-08T20:09:05.983Z] [Worker] Packet size mismatch. Expected: 112, received: 62
[2026-02-08T20:09:05.990Z] [Worker] Packet too small: 6 bytes (min: 12)
[2026-02-08T20:09:06.012Z] [Worker] Checksum mismatch. Expected: 25388, calculated: 25387
[2026-02-08T20:09:06.033Z] [Worker] Checksum mismatch. Expected: 25420, calculated: 25419
[2026-02-08T20:09:06.033Z] [Worker] Checksum mismatch. Expected: 25422, calculated: 25421
[2026-02-08T20:09:06.049Z] [Worker] Packet size mismatch. Expected: 4097, received: 4096
[2026-02-08T20:09:06.068Z] [Worker] Invalid magic word: 0xdeadbee0
[2026-02-08T20:09:06.074Z] [Worker] Packet size mismatch. Expected: 4097, received: 4096
[2026-02-08T20:09:06.111Z] [Worker] Checksum mismatch. Expected: 25293, calculated: 25292
[2026-02-08T20:09:06.141Z] [Worker] Packet too small: 6 bytes (min: 12)
[2026-02-08T20:09:06.161Z] [Worker] Packet size mismatch. Expected: 112, received: 62
[2026-02-08T20:09:06.166Z] [Worker] Invalid magic word: 0xdeadbee0
[2026-02-08T20:09:06.194Z] [Worker] Packet size mismatch. Expected: 112, received: 62
[2026-02-08T20:09:06.202Z] [Worker] Packet too small: 6 bytes (min: 12)
[2026-02-08T20:09:06.215Z] [Worker] Packet size mismatch. Expected: 4097, received: 4096
[2026-02-08T20:09:06.221Z] [Worker] Checksum mismatch. Expected: 25214, calculated: 25213
[2026-02-08T20:09:06.222Z] [Worker] Packet too small: 6 bytes (min: 12)
[2026-02-08T20:09:06.243Z] [Worker] Invalid magic word: 0xdeadbee0
[2026-02-08T20:09:06.249Z] [Worker] Checksum mismatch. Expected: 25260, calculated: 25259
[2026-02-08T20:09:06.259Z] [Worker] Packet too small: 6 bytes (min: 12)
[2026-02-08T20:09:06.264Z] [Worker] Invalid magic word: 0xdeadbee0
[2026-02-08T20:09:06.275Z] [Worker] Packet size mismatch. Expected: 4097, received: 4096
[2026-02-08T20:09:06.279Z] [Worker] Packet size mismatch. Expected: 112, received: 62
[2026-02-08T20:09:06.290Z] [Worker] Packet size mismatch. Expected: 4097, received: 4096
[2026-02-08T20:09:06.291Z] [Worker] Packet size mismatch. Expected: 112, received: 62
[2026-02-08T20:09:06.331Z] [Worker] Packet too small: 6 bytes (min: 12)
[2026-02-08T20:09:06.334Z] [Worker] Packet size mismatch. Expected: 112, received: 62
[2026-02-08T20:09:06.359Z] [Worker] Packet size mismatch. Expected: 112, received: 62
[2026-02-08T20:09:06.372Z] [Worker] Packet too small: 6 bytes (min: 12)
[2026-02-08T20:09:06.375Z] [Worker] Packet size mismatch. Expected: 112, received: 62
[2026-02-08T20:09:06.376Z] [Worker] Packet too small: 6 bytes (min: 12)
[2026-02-08T20:09:06.377Z] [Worker] Packet too small: 6 bytes (min: 12)
[2026-02-08T20:09:06.384Z] [Worker] Packet too small: 6 bytes (min: 12)
[2026-02-08T20:09:06.402Z] [Worker] Invalid magic word: 0xdeadbee0
[2026-02-08T20:09:06.406Z] [Worker] Packet size mismatch. Expected: 4097, received: 4096
[2026-02-08T20:09:06.416Z] [Worker] Packet too small: 6 bytes (min: 12)
[2026-02-08T20:09:06.426Z] [Worker] Packet size mismatch. Expected: 4097, received: 4096
[2026-02-08T20:09:06.437Z] [Worker] Packet size mismatch. Expected: 112, received: 62
[2026-02-08T20:09:06.452Z] [Worker] Packet too small: 6 bytes (min: 12)
[2026-02-08T20:09:06.463Z] [Worker] Invalid magic word: 0xdeadbee0
[2026-02-08T20:09:06.478Z] [Worker] Packet size mismatch. Expected: 4097, received: 4096
[2026-02-08T20:09:06.483Z] [Worker] Checksum mismatch. Expected: 25384, calculated: 25383
[2026-02-08T20:09:06.484Z] [Worker] Packet size mismatch. Expected: 4097, received: 4096
[2026-02-08T20:09:06.517Z] [Worker] Packet too small: 6 bytes (min: 12)
[2026-02-08T20:09:06.520Z] [Worker] Packet too small: 6 bytes (min: 12)
[2026-02-08T20:09:06.531Z] [Worker] Invalid magic word: 0xdeadbee0
[2026-02-08T20:09:06.552Z] [Worker] Packet size mismatch. Expected: 4097, received: 4096
[2026-02-08T20:09:06.556Z] [Worker] Packet size mismatch. Expected: 4097, received: 4096
[2026-02-08T20:09:06.558Z] [Worker] Packet too small: 6 bytes (min: 12)
[2026-02-08T20:09:06.562Z] [Worker] Packet size mismatch. Expected: 4097, received: 4096
[2026-02-08T20:09:06.563Z] [Worker] Checksum mismatch. Expected: 25259, calculated: 25258
[2026-02-08T20:09:06.597Z] [Worker] Packet too small: 6 bytes (min: 12)
[2026-02-08T20:09:06.619Z] [Worker] Invalid magic word: 0xdeadbee0
[2026-02-08T20:09:06.655Z] [Worker] Packet size mismatch. Expected: 4097, received: 4096
[2026-02-08T20:09:06.657Z] [Worker] Packet size mismatch. Expected: 112, received: 62
[2026-02-08T20:09:06.676Z] [Worker] Checksum mismatch. Expected: 25189, calculated: 25188
[2026-02-08T20:09:06.688Z] [Worker] Packet size mismatch. Expected: 112, received: 62
[2026-02-08T20:09:06.694Z] [Worker] Invalid magic word: 0xdeadbee0
[2026-02-08T20:09:06.713Z] [Worker] Invalid magic word: 0xdeadbee0
[2026-02-08T20:09:06.746Z] [Worker] Packet size mismatch. Expected: 4097, received: 4096
[2026-02-08T20:09:06.765Z] [Worker] Checksum mismatch. Expected: 25333, calculated: 25332
[2026-02-08T20:09:06.778Z] [Worker] Checksum mismatch. Expected: 25354, calculated: 25353
[2026-02-08T20:09:06.780Z] [Worker] Invalid magic word: 0xdeadbee0
[2026-02-08T20:09:06.803Z] [Worker] Packet size mismatch. Expected: 112, received: 62
[2026-02-08T20:09:06.818Z] [Worker] Packet too small: 6 bytes (min: 12)
[2026-02-08T20:09:06.841Z] [Worker] Packet size mismatch. Expected: 4097, received: 4096
[2026-02-08T20:09:06.861Z] [Worker] Checksum mismatch. Expected: 25234, calculated: 25233
[2026-02-08T20:09:06.866Z] [Worker] Packet size mismatch. Expected: 4097, received: 4096
[2026-02-08T20:09:06.866Z] [Worker] Packet size mismatch. Expected: 4097, received: 4096
[2026-02-08T20:09:06.884Z] [Worker] Packet size mismatch. Expected: 4097, received: 4096
[2026-02-08T20:09:06.895Z] [Worker] Invalid magic word: 0xdeadbee0
[2026-02-08T20:09:06.910Z] [Worker] Checksum mismatch. Expected: 25314, calculated: 25313
[2026-02-08T20:09:06.912Z] [Worker] Packet too small: 6 bytes (min: 12)
[2026-02-08T20:09:06.922Z] [Worker] Packet too small: 6 bytes (min: 12)
[2026-02-08T20:09:06.956Z] [Worker] Packet size mismatch. Expected: 4097, received: 4096
[2026-02-08T20:09:06.961Z] [Worker] Packet too small: 6 bytes (min: 12)
[2026-02-08T20:09:07.007Z] [Worker] Checksum mismatch. Expected: 25215, calculated: 25214
[2026-02-08T20:09:07.014Z] [Worker] Packet size mismatch. Expected: 112, received: 62
[2026-02-08T20:09:07.028Z] [Worker] Invalid magic word: 0xdeadbee0
[2026-02-08T20:09:07.044Z] [Worker] Packet too small: 6 bytes (min: 12)
[2026-02-08T20:09:07.047Z] [Worker] Packet size mismatch. Expected: 4097, received: 4096
[2026-02-08T20:09:07.063Z] [Worker] Packet too small: 6 bytes (min: 12)
[2026-02-08T20:09:07.079Z] [Worker] Invalid magic word: 0xdeadbee0
[2026-02-08T20:09:07.084Z] [Worker] Packet too small: 6 bytes (min: 12)
[2026-02-08T20:09:07.086Z] [Worker] Packet size mismatch. Expected: 112, received: 62
[2026-02-08T20:09:07.095Z] [Worker] Invalid magic word: 0xdeadbee0
[2026-02-08T20:09:07.096Z] [Worker] Packet size mismatch. Expected: 4097, received: 4096
[2026-02-08T20:09:07.101Z] [Worker] Packet size mismatch. Expected: 4097, received: 4096
[2026-02-08T20:09:07.162Z] [Worker] Checksum mismatch. Expected: 25213, calculated: 25212
[2026-02-08T20:09:07.166Z] [Worker] Packet size mismatch. Expected: 112, received: 62
[2026-02-08T20:09:07.177Z] [Worker] Packet size mismatch. Expected: 112, received: 62
[2026-02-08T20:09:07.179Z] [Worker] Invalid magic word: 0xdeadbee0
[2026-02-08T20:09:07.185Z] [Worker] Packet too small: 6 bytes (min: 12)
[2026-02-08T20:09:07.189Z] [Worker] Packet size mismatch. Expected: 4097, received: 4096
[2026-02-08T20:09:07.195Z] [Worker] Packet size mismatch. Expected: 112, received: 62
[2026-02-08T20:09:07.202Z] [Worker] Packet size mismatch. Expected: 112, received: 62
[2026-02-08T20:09:07.206Z] [Worker] Checksum mismatch. Expected: 25286, calculated: 25285
[2026-02-08T20:09:07.215Z] [Worker] Checksum mismatch. Expected: 25300, calculated: 25299
[2026-02-08T20:09:07.216Z] [Worker] Invalid magic word: 0xdeadbee0
[2026-02-08T20:09:07.222Z] [Worker] Packet size mismatch. Expected: 4097, received: 4096
[2026-02-08T20:09:07.223Z] [Worker] Invalid magic word: 0xdeadbee0
[2026-02-08T20:09:07.225Z] [Worker] Invalid magic word: 0xdeadbee0
[2026-02-08T20:09:07.277Z] [Worker] Packet size mismatch. Expected: 112, received: 62
[2026-02-08T20:09:07.283Z] [Worker] Checksum mismatch. Expected: 25410, calculated: 25409
[2026-02-08T20:09:07.289Z] [Worker] Packet size mismatch. Expected: 4097, received: 4096
[2026-02-08T20:09:07.297Z] [Worker] Checksum mismatch. Expected: 25178, calculated: 25177
[2026-02-08T20:09:07.306Z] [Worker] Packet too small: 6 bytes (min: 12)
[2026-02-08T20:09:07.332Z] [Worker] Packet too small: 6 bytes (min: 12)
[2026-02-08T20:09:07.349Z] [Worker] Packet size mismatch. Expected: 112, received: 62
[2026-02-08T20:09:07.354Z] [Worker] Packet too small: 6 bytes (min: 12)
[2026-02-08T20:09:07.361Z] [Worker] Packet size mismatch. Expected: 4097, received: 4096
[2026-02-08T20:09:07.372Z] [Worker] Invalid magic word: 0xdeadbee0
[2026-02-08T20:09:07.387Z] [Worker] Invalid magic word: 0xdeadbee0
[2026-02-08T20:09:07.394Z] [Worker] Packet too small: 6 bytes (min: 12)
[2026-02-08T20:09:07.403Z] [Worker] Packet size mismatch. Expected: 112, received: 62
[2026-02-08T20:09:07.424Z] [Worker] Checksum mismatch. Expected: 25382, calculated: 25381
[2026-02-08T20:09:07.432Z] [Worker] Packet size mismatch. Expected: 112, received: 62
[2026-02-08T20:09:07.441Z] [Worker] Packet too small: 6 bytes (min: 12)
[2026-02-08T20:09:07.444Z] [Worker] Packet size mismatch. Expected: 112, received: 62
[2026-02-08T20:09:07.447Z] [Worker] Packet size mismatch. Expected: 4097, received: 4096
[2026-02-08T20:09:07.459Z] [Worker] Checksum mismatch. Expected: 25182, calculated: 25181
[2026-02-08T20:09:07.469Z] [Worker] Invalid magic word: 0xdeadbee0
[2026-02-08T20:09:07.472Z] [Worker] Packet size mismatch. Expected: 4097, received: 4096
[2026-02-08T20:09:07.479Z] [Worker] Packet too small: 6 bytes (min: 12)
[2026-02-08T20:09:07.488Z] [Worker] Packet too small: 6 bytes (min: 12)
[2026-02-08T20:09:07.492Z] [Worker] Invalid magic word: 0xdeadbee0
[2026-02-08T20:09:07.501Z] [Worker] Packet size mismatch. Expected: 4097, received: 4096
[2026-02-08T20:09:07.549Z] [Worker] Checksum mismatch. Expected: 25326, calculated: 25325
[2026-02-08T20:09:07.565Z] [Worker] Invalid magic word: 0xdeadbee0
[2026-02-08T20:09:07.608Z] [Worker] Packet size mismatch. Expected: 112, received: 62
[2026-02-08T20:09:07.609Z] [Worker] Invalid magic word: 0xdeadbee0
[2026-02-08T20:09:07.620Z] [Worker] Invalid magic word: 0xdeadbee0
[2026-02-08T20:09:07.646Z] [Worker] Checksum mismatch. Expected: 25227, calculated: 25226
[2026-02-08T20:09:07.660Z] [Worker] Invalid magic word: 0xdeadbee0
[2026-02-08T20:09:07.677Z] [Worker] Invalid magic word: 0xdeadbee0
[2026-02-08T20:09:07.715Z] [Worker] Packet too small: 6 bytes (min: 12)
[2026-02-08T20:09:07.733Z] [Worker] Packet too small: 6 bytes (min: 12)
[2026-02-08T20:09:07.735Z] [Worker] Checksum mismatch. Expected: 25366, calculated: 25365
[2026-02-08T20:09:07.743Z] [Worker] Invalid magic word: 0xdeadbee0
[2026-02-08T20:09:07.743Z] [Worker] Packet size mismatch. Expected: 4097, received: 4096
[2026-02-08T20:09:07.744Z] [Worker] Packet too small: 6 bytes (min: 12)
[2026-02-08T20:09:07.747Z] [Worker] Invalid magic word: 0xdeadbee0
[2026-02-08T20:09:07.765Z] [Worker] Packet size mismatch. Expected: 4097, received: 4096
[2026-02-08T20:09:07.785Z] [Worker] Packet size mismatch. Expected: 4097, received: 4096
[2026-02-08T20:09:07.789Z] [Worker] Packet size mismatch. Expected: 112, received: 62
[2026-02-08T20:09:07.800Z] [Worker] Invalid magic word: 0xdeadbee0
[2026-02-08T20:09:07.826Z] [Worker] Packet size mismatch. Expected: 4097, received: 4096
[2026-02-08T20:09:07.828Z] [Worker] Packet size mismatch. Expected: 112, received: 62
[2026-02-08T20:09:07.832Z] [Worker] Packet size mismatch. Expected: 4097, received: 4096
[2026-02-08T20:09:07.873Z] [Worker] Invalid magic word: 0xdeadbee0
[2026-02-08T20:09:07.880Z] [Worker] Packet size mismatch. Expected: 4097, received: 4096
[2026-02-08T20:09:07.880Z] [Worker] Invalid magic word: 0xdeadbee0
[2026-02-08T20:09:07.903Z] [Worker] Invalid magic word: 0xdeadbee0
[2026-02-08T20:09:07.920Z] [Worker] Packet size mismatch. Expected: 112, received: 62
[2026-02-08T20:09:07.921Z] [Worker] Packet size mismatch. Expected: 4097, received: 4096
[2026-02-08T20:09:07.926Z] [Worker] Packet size mismatch. Expected: 4097, received: 4096
[2026-02-08T20:09:07.946Z] [Worker] Packet too small: 6 bytes (min: 12)
[2026-02-08T20:09:07.949Z] [Worker] Packet too small: 6 bytes (min: 12)
[2026-02-08T20:09:07.953Z] [Worker] Packet size mismatch. Expected: 112, received: 62
[2026-02-08T20:09:07.994Z] [Worker] Packet too small: 6 bytes (min: 12)
[2026-02-08T20:09:07.994Z] [Worker] Packet too small: 6 bytes (min: 12)
[2026-02-08T20:09:07.997Z] [Worker] Packet too small: 6 bytes (min: 12)
[2026-02-08T20:09:07.998Z] [Worker] Checksum mismatch. Expected: 25274, calculated: 25273
[2026-02-08T20:09:08.024Z] [Worker] Checksum mismatch. Expected: 25316, calculated: 25315
[2026-02-08T20:09:08.040Z] [Worker] Packet size mismatch. Expected: 4097, received: 4096
[2026-02-08T20:09:08.069Z] [Worker] Packet size mismatch. Expected: 112, received: 62
[2026-02-08T20:09:08.089Z] [Worker] Packet too small: 6 bytes (min: 12)
[2026-02-08T20:09:08.107Z] [Worker] Invalid magic word: 0xdeadbee0
[2026-02-08T20:09:08.111Z] [Worker] Checksum mismatch. Expected: 25199, calculated: 25198
[2026-02-08T20:09:08.121Z] [Worker] Invalid magic word: 0xdeadbee0
[2026-02-08T20:09:08.121Z] [Worker] Invalid magic word: 0xdeadbee0
[2026-02-08T20:09:08.132Z] [Worker] Checksum mismatch. Expected: 25234, calculated: 25233
[2026-02-08T20:09:08.136Z] [Worker] Packet size mismatch. Expected: 112, received: 62
[2026-02-08T20:09:08.152Z] [Worker] Packet too small: 6 bytes (min: 12)
[2026-02-08T20:09:08.165Z] [Worker] Packet too small: 6 bytes (min: 12)
[2026-02-08T20:09:08.177Z] [Worker] Invalid magic word: 0xdeadbee0
[2026-02-08T20:09:08.191Z] [Worker] Packet size mismatch. Expected: 4097, received: 4096
[2026-02-08T20:09:08.198Z] [Worker] Packet too small: 6 bytes (min: 12)
[2026-02-08T20:09:08.207Z] [Worker] Packet too small: 6 bytes (min: 12)
[2026-02-08T20:09:08.246Z] [Worker] Packet too small: 6 bytes (min: 12)
[2026-02-08T20:09:08.267Z] [Worker] Checksum mismatch. Expected: 25196, calculated: 25195
[2026-02-08T20:09:08.274Z] [Worker] Packet size mismatch. Expected: 4097, received: 4096
[2026-02-08T20:09:08.277Z] [Worker] Invalid magic word: 0xdeadbee0
[2026-02-08T20:09:08.280Z] [Worker] Packet size mismatch. Expected: 4097, received: 4096
[2026-02-08T20:09:08.285Z] [Worker] Invalid magic word: 0xdeadbee0
[2026-02-08T20:09:08.289Z] [Worker] Packet size mismatch. Expected: 4097, received: 4096
[2026-02-08T20:09:08.291Z] [Worker] Invalid magic word: 0xdeadbee0
[2026-02-08T20:09:08.306Z] [Worker] Checksum mismatch. Expected: 25262, calculated: 25261
[2026-02-08T20:09:08.315Z] [Worker] Packet size mismatch. Expected: 4097, received: 4096
[2026-02-08T20:09:08.328Z] [Worker] Packet size mismatch. Expected: 4097, received: 4096
[2026-02-08T20:09:08.361Z] [Worker] Invalid magic word: 0xdeadbee0
[2026-02-08T20:09:08.364Z] [Worker] Invalid magic word: 0xdeadbee0
[2026-02-08T20:09:08.375Z] [Worker] Invalid magic word: 0xdeadbee0
[2026-02-08T20:09:08.385Z] [Worker] Packet size mismatch. Expected: 112, received: 62
[2026-02-08T20:09:08.392Z] [Worker] Packet too small: 6 bytes (min: 12)
[2026-02-08T20:09:08.427Z] [Worker] Packet size mismatch. Expected: 112, received: 62
[2026-02-08T20:09:08.466Z] [Worker] Invalid magic word: 0xdeadbee0
[2026-02-08T20:09:08.489Z] [Worker] Checksum mismatch. Expected: 25305, calculated: 25304
[2026-02-08T20:09:08.502Z] [Worker] Packet too small: 6 bytes (min: 12)
[2026-02-08T20:09:08.528Z] [Worker] Packet size mismatch. Expected: 112, received: 62
[2026-02-08T20:09:08.543Z] [Worker] Packet size mismatch. Expected: 112, received: 62
[2026-02-08T20:09:08.554Z] [Worker] Packet size mismatch. Expected: 112, received: 62
[2026-02-08T20:09:08.559Z] [Worker] Invalid magic word: 0xdeadbee0
[2026-02-08T20:09:08.570Z] [Worker] Checksum mismatch. Expected: 25436, calculated: 25435
[2026-02-08T20:09:08.621Z] [Worker] Packet size mismatch. Expected: 4097, received: 4096
[2026-02-08T20:09:08.624Z] [Worker] Checksum mismatch. Expected: 25267, calculated: 25266
[2026-02-08T20:09:08.640Z] [Worker] Packet too small: 6 bytes (min: 12)
[2026-02-08T20:09:08.641Z] [Worker] Invalid magic word: 0xdeadbee0
[2026-02-08T20:09:08.655Z] [Worker] Packet size mismatch. Expected: 112, received: 62
[2026-02-08T20:09:08.659Z] [Worker] Packet size mismatch. Expected: 112, received: 62
[2026-02-08T20:09:08.665Z] [Worker] Packet size mismatch. Expected: 112, received: 62
[2026-02-08T20:09:08.699Z] [Worker] Invalid magic word: 0xdeadbee0
[2026-02-08T20:09:08.708Z] [Worker] Packet size mismatch. Expected: 4097, received: 4096
[2026-02-08T20:09:08.708Z] [Worker] Packet too small: 6 bytes (min: 12)
[2026-02-08T20:09:08.717Z] [Worker] Packet too small: 6 bytes (min: 12)
[2026-02-08T20:09:08.719Z] [Worker] Invalid magic word: 0xdeadbee0
[2026-02-08T20:09:08.770Z] [Worker] Checksum mismatch. Expected: 25244, calculated: 25243
[2026-02-08T20:09:08.796Z] [Worker] Packet size mismatch. Expected: 4097, received: 4096
[2026-02-08T20:09:08.814Z] [Worker] Packet size mismatch. Expected: 4097, received: 4096
[2026-02-08T20:09:08.820Z] [Worker] Packet size mismatch. Expected: 4097, received: 4096
[2026-02-08T20:09:08.822Z] [Worker] Packet size mismatch. Expected: 4097, received: 4096
[2026-02-08T20:09:08.859Z] [Worker] Packet size mismatch. Expected: 112, received: 62
[2026-02-08T20:09:08.873Z] [Worker] Packet size mismatch. Expected: 4097, received: 4096
[2026-02-08T20:09:08.899Z] [Worker] Packet too small: 6 bytes (min: 12)
[2026-02-08T20:09:08.900Z] [Worker] Invalid magic word: 0xdeadbee0
[2026-02-08T20:09:08.909Z] [Worker] Packet size mismatch. Expected: 4097, received: 4096
[2026-02-08T20:09:08.909Z] [Worker] Packet too small: 6 bytes (min: 12)
[2026-02-08T20:09:08.921Z] [Worker] Packet size mismatch. Expected: 112, received: 62
[2026-02-08T20:09:08.922Z] [Worker] Packet size mismatch. Expected: 4097, received: 4096
[2026-02-08T20:09:08.954Z] [Worker] Packet size mismatch. Expected: 112, received: 62
[2026-02-08T20:09:08.962Z] [Worker] Packet size mismatch. Expected: 4097, received: 4096
[2026-02-08T20:09:08.995Z] [Worker] Packet size mismatch. Expected: 4097, received: 4096
[2026-02-08T20:09:09.030Z] [Worker] Invalid magic word: 0xdeadbee0
[2026-02-08T20:09:09.060Z] [Worker] Packet size mismatch. Expected: 112, received: 62
[2026-02-08T20:09:09.065Z] [Worker] Packet size mismatch. Expected: 112, received: 62
[2026-02-08T20:09:09.066Z] [Worker] Invalid magic word: 0xdeadbee0
[2026-02-08T20:09:09.070Z] [Worker] Packet size mismatch. Expected: 4097, received: 4096
[2026-02-08T20:09:09.073Z] [Worker] Invalid magic word: 0xdeadbee0
[2026-02-08T20:09:09.090Z] [Worker] Invalid magic word: 0xdeadbee0
[2026-02-08T20:09:09.091Z] [Worker] Packet size mismatch. Expected: 112, received: 62
[2026-02-08T20:09:09.102Z] [Worker] Checksum mismatch. Expected: 25269, calculated: 25268
[2026-02-08T20:09:09.102Z] [Worker] Packet size mismatch. Expected: 112, received: 62
[2026-02-08T20:09:09.111Z] [Worker] Packet too small: 6 bytes (min: 12)
[2026-02-08T20:09:09.116Z] [Worker] Invalid magic word: 0xdeadbee0
[2026-02-08T20:09:09.132Z] [Worker] Packet size mismatch. Expected: 112, received: 62
[2026-02-08T20:09:09.134Z] [Worker] Invalid magic word: 0xdeadbee0
[2026-02-08T20:12:56.426Z] [Worker] Checksum mismatch. Expected: 25127, calculated: 25126
[2026-02-08T20:12:56.448Z] [Worker] Packet too small: 6 bytes (min: 12)
[2026-02-08T20:12:56.458Z] [Worker] Packet size mismatch. Expected: 4097, received: 4096
[2026-02-08T20:12:56.485Z] [Worker] Checksum mismatch. Expected: 25223, calculated: 25222
[2026-02-08T20:12:56.492Z] [Worker] Checksum mismatch. Expected: 25234, calculated: 25233
[2026-02-08T20:12:56.501Z] [Worker] Packet size mismatch. Expected: 4097, received: 4096
[2026-02-08T20:12:56.519Z] [Worker] Checksum mismatch. Expected: 25277, calculated: 25276
[2026-02-08T20:12:56.538Z] [Worker] Packet too small: 6 bytes (min: 12)
[2026-02-08T20:12:56.551Z] [Worker] Packet too small: 6 bytes (min: 12)
[2026-02-08T20:12:56.591Z] [Worker] Invalid magic word: 0xdeadbee0
[2026-02-08T20:12:56.604Z] [Worker] Packet too small: 6 bytes (min: 12)
[2026-02-08T20:12:56.629Z] [Worker] Packet size mismatch. Expected: 4097, received: 4096
[2026-02-08T20:12:56.635Z] [Worker] Packet size mismatch. Expected: 4097, received: 4096
[2026-02-08T20:12:56.697Z] [Worker] Checksum mismatch. Expected: 25314, calculated: 25313
[2026-02-08T20:12:56.706Z] [Worker] Packet size mismatch. Expected: 112, received: 62
[2026-02-08T20:12:56.712Z] [Worker] Packet size mismatch. Expected: 112, received: 62
[2026-02-08T20:12:56.723Z] [Worker] Packet too small: 6 bytes (min: 12)
[2026-02-08T20:12:56.749Z] [Worker] Packet too small: 6 bytes (min: 12)
[2026-02-08T20:12:56.770Z] [Worker] Packet too small: 6 bytes (min: 12)
[2026-02-08T20:12:56.771Z] [Worker] Packet size mismatch. Expected: 4097, received: 4096
[2026-02-08T20:12:56.776Z] [Worker] Checksum mismatch. Expected: 25191, calculated: 25190
[2026-02-08T20:12:56.797Z] [Worker] Packet too small: 6 bytes (min: 12)
[2026-02-08T20:12:56.798Z] [Worker] Packet size mismatch. Expected: 112, received: 62
[2026-02-08T20:12:56.809Z] [Worker] Invalid magic word: 0xdeadbee0
[2026-02-08T20:12:56.810Z] [Worker] Invalid magic word: 0xdeadbee0
[2026-02-08T20:12:56.814Z] [Worker] Packet size mismatch. Expected: 4097, received: 4096
[2026-02-08T20:12:56.835Z] [Worker] Checksum mismatch. Expected: 25286, calculated: 25285
[2026-02-08T20:12:56.839Z] [Worker] Packet size mismatch. Expected: 112, received: 62
[2026-02-08T20:12:56.864Z] [Worker] Packet size mismatch. Expected: 4097, received: 4096
[2026-02-08T20:12:56.893Z] [Worker] Packet size mismatch. Expected: 4097, received: 4096
[2026-02-08T20:12:56.900Z] [Worker] Checksum mismatch. Expected: 25139, calculated: 25138
[2026-02-08T20:12:56.914Z] [Worker] Checksum mismatch. Expected: 25159, calculated: 25158
[2026-02-08T20:12:56.932Z] [Worker] Checksum mismatch. Expected: 25188, calculated: 25187
[2026-02-08T20:12:56.951Z] [Worker] Packet size mismatch. Expected: 112, received: 62
[2026-02-08T20:12:56.994Z] [Worker] Packet size mismatch. Expected: 112, received: 62
[2026-02-08T20:12:56.996Z] [Worker] Checksum mismatch. Expected: 25292, calculated: 25291
[2026-02-08T20:12:57.011Z] [Worker] Checksum mismatch. Expected: 25316, calculated: 25315
[2026-02-08T20:12:57.014Z] [Worker] Packet size mismatch. Expected: 4097, received: 4096
[2026-02-08T20:12:57.045Z] [Worker] Packet too small: 6 bytes (min: 12)
[2026-02-08T20:12:57.059Z] [Worker] Packet size mismatch. Expected: 112, received: 62
[2026-02-08T20:12:57.065Z] [Worker] Packet size mismatch. Expected: 4097, received: 4096
[2026-02-08T20:12:57.067Z] [Worker] Packet size mismatch. Expected: 4097, received: 4096
[2026-02-08T20:12:57.069Z] [Worker] Packet size mismatch. Expected: 112, received: 62
[2026-02-08T20:12:57.110Z] [Worker] Checksum mismatch. Expected: 25223, calculated: 25222
[2026-02-08T20:12:57.129Z] [Worker] Packet size mismatch. Expected: 4097, received: 4096
[2026-02-08T20:12:57.146Z] [Worker] Invalid magic word: 0xdeadbee0
[2026-02-08T20:12:57.154Z] [Worker] Packet too small: 6 bytes (min: 12)
[2026-02-08T20:12:57.157Z] [Worker] Invalid magic word: 0xdeadbee0
[2026-02-08T20:12:57.172Z] [Worker] Packet size mismatch. Expected: 4097, received: 4096
[2026-02-08T20:12:57.196Z] [Worker] Packet size mismatch. Expected: 4097, received: 4096
[2026-02-08T20:12:57.208Z] [Worker] Packet size mismatch. Expected: 112, received: 62
[2026-02-08T20:12:57.213Z] [Worker] Packet size mismatch. Expected: 4097, received: 4096
[2026-02-08T20:12:57.213Z] [Worker] Packet size mismatch. Expected: 112, received: 62
[2026-02-08T20:12:57.219Z] [Worker] Packet size mismatch. Expected: 4097, received: 4096
[2026-02-08T20:12:57.230Z] [Worker] Checksum mismatch. Expected: 25164, calculated: 25163
[2026-02-08T20:12:57.250Z] [Worker] Invalid magic word: 0xdeadbee0
[2026-02-08T20:12:57.275Z] [Worker] Checksum mismatch. Expected: 25237, calculated: 25236
[2026-02-08T20:12:57.276Z] [Worker] Packet size mismatch. Expected: 4097, received: 4096
[2026-02-08T20:12:57.298Z] [Worker] Checksum mismatch. Expected: 25276, calculated: 25275
[2026-02-08T20:12:57.302Z] [Worker] Packet size mismatch. Expected: 4097, received: 4096
[2026-02-08T20:12:57.305Z] [Worker] Invalid magic word: 0xdeadbee0
[2026-02-08T20:12:57.311Z] [Worker] Packet too small: 6 bytes (min: 12)
[2026-02-08T20:12:57.318Z] [Worker] Checksum mismatch. Expected: 25310, calculated: 25309
[2026-02-08T20:12:57.345Z] [Worker] Packet too small: 6 bytes (min: 12)
[2026-02-08T20:12:57.358Z] [Worker] Packet size mismatch. Expected: 112, received: 62
[2026-02-08T20:12:57.362Z] [Worker] Packet size mismatch. Expected: 112, received: 62
[2026-02-08T20:12:57.371Z] [Worker] Checksum mismatch. Expected: 25142, calculated: 25141
[2026-02-08T20:12:57.409Z] [Worker] Invalid magic word: 0xdeadbee0
[2026-02-08T20:12:57.431Z] [Worker] Checksum mismatch. Expected: 25241, calculated: 25240
[2026-02-08T20:12:57.442Z] [Worker] Packet too small: 6 bytes (min: 12)
[2026-02-08T20:12:57.475Z] [Worker] Packet size mismatch. Expected: 112, received: 62
[2026-02-08T20:12:57.494Z] [Worker] Packet size mismatch. Expected: 112, received: 62
[2026-02-08T20:12:57.514Z] [Worker] Checksum mismatch. Expected: 25376, calculated: 25375
[2026-02-08T20:12:57.514Z] [Worker] Checksum mismatch. Expected: 25377, calculated: 25376
[2026-02-08T20:12:57.535Z] [Worker] Invalid magic word: 0xdeadbee0
[2026-02-08T20:12:57.548Z] [Worker] Invalid magic word: 0xdeadbee0
[2026-02-08T20:12:57.556Z] [Worker] Packet too small: 6 bytes (min: 12)
[2026-02-08T20:12:57.573Z] [Worker] Packet size mismatch. Expected: 112, received: 62
[2026-02-08T20:12:57.574Z] [Worker] Checksum mismatch. Expected: 25220, calculated: 25219
[2026-02-08T20:12:57.576Z] [Worker] Packet size mismatch. Expected: 4097, received: 4096
[2026-02-08T20:12:57.582Z] [Worker] Invalid magic word: 0xdeadbee0
[2026-02-08T20:12:57.613Z] [Worker] Packet too small: 6 bytes (min: 12)
[2026-02-08T20:12:57.651Z] [Worker] Packet too small: 6 bytes (min: 12)
[2026-02-08T20:12:57.655Z] [Worker] Checksum mismatch. Expected: 25349, calculated: 25348
[2026-02-08T20:12:57.662Z] [Worker] Packet too small: 6 bytes (min: 12)
[2026-02-08T20:12:57.668Z] [Worker] Packet size mismatch. Expected: 4097, received: 4096
[2026-02-08T20:12:57.669Z] [Worker] Packet too small: 6 bytes (min: 12)
[2026-02-08T20:12:57.720Z] [Worker] Packet too small: 6 bytes (min: 12)
[2026-02-08T20:12:57.727Z] [Worker] Packet too small: 6 bytes (min: 12)
[2026-02-08T20:12:57.748Z] [Worker] Invalid magic word: 0xdeadbee0
[2026-02-08T20:12:57.755Z] [Worker] Packet size mismatch. Expected: 112, received: 62
[2026-02-08T20:12:57.760Z] [Worker] Packet size mismatch. Expected: 4097, received: 4096
[2026-02-08T20:12:57.761Z] [Worker] Invalid magic word: 0xdeadbee0
[2026-02-08T20:12:57.766Z] [Worker] Packet size mismatch. Expected: 112, received: 62
[2026-02-08T20:12:57.768Z] [Worker] Packet size mismatch. Expected: 4097, received: 4096
[2026-02-08T20:12:57.778Z] [Worker] Packet size mismatch. Expected: 112, received: 62
[2026-02-08T20:12:57.795Z] [Worker] Packet too small: 6 bytes (min: 12)
[2026-02-08T20:12:57.803Z] [Worker] Packet size mismatch. Expected: 4097, received: 4096
[2026-02-08T20:12:57.808Z] [Worker] Packet size mismatch. Expected: 4097, received: 4096
[2026-02-08T20:12:57.821Z] [Worker] Invalid magic word: 0xdeadbee0
[2026-02-08T20:12:57.831Z] [Worker] Packet size mismatch. Expected: 112, received: 62
[2026-02-08T20:12:57.831Z] [Worker] Packet too small: 6 bytes (min: 12)
[2026-02-08T20:12:57.845Z] [Worker] Checksum mismatch. Expected: 25149, calculated: 25148
[2026-02-08T20:12:57.858Z] [Worker] Packet size mismatch. Expected: 112, received: 62
[2026-02-08T20:12:57.865Z] [Worker] Packet size mismatch. Expected: 112, received: 62
[2026-02-08T20:12:57.867Z] [Worker] Packet size mismatch. Expected: 112, received: 62
[2026-02-08T20:12:57.901Z] [Worker] Packet size mismatch. Expected: 4097, received: 4096
[2026-02-08T20:12:57.926Z] [Worker] Packet too small: 6 bytes (min: 12)
[2026-02-08T20:12:57.932Z] [Worker] Packet size mismatch. Expected: 4097, received: 4096
[2026-02-08T20:12:57.938Z] [Worker] Invalid magic word: 0xdeadbee0
[2026-02-08T20:12:57.959Z] [Worker] Checksum mismatch. Expected: 25332, calculated: 25331
[2026-02-08T20:12:57.967Z] [Worker] Packet size mismatch. Expected: 4097, received: 4096
[2026-02-08T20:12:57.999Z] [Worker] Checksum mismatch. Expected: 25138, calculated: 25137
[2026-02-08T20:12:58.004Z] [Worker] Checksum mismatch. Expected: 25147, calculated: 25146
[2026-02-08T20:12:58.015Z] [Worker] Checksum mismatch. Expected: 25165, calculated: 25164
[2026-02-08T20:12:58.037Z] [Worker] Packet size mismatch. Expected: 4097, received: 4096
[2026-02-08T20:12:58.068Z] [Worker] Packet size mismatch. Expected: 4097, received: 4096
[2026-02-08T20:12:58.094Z] [Worker] Packet size mismatch. Expected: 112, received: 62
[2026-02-08T20:12:58.095Z] [Worker] Packet size mismatch. Expected: 4097, received: 4096
[2026-02-08T20:12:58.102Z] [Worker] Packet size mismatch. Expected: 4097, received: 4096
[2026-02-08T20:12:58.108Z] [Worker] Packet too small: 6 bytes (min: 12)
[2026-02-08T20:12:58.112Z] [Worker] Checksum mismatch. Expected: 25316, calculated: 25315
[2026-02-08T20:12:58.113Z] [Worker] Packet too small: 6 bytes (min: 12)
[2026-02-08T20:12:58.120Z] [Worker] Invalid magic word: 0xdeadbee0
[2026-02-08T20:12:58.127Z] [Worker] Packet size mismatch. Expected: 4097, received: 4096
[2026-02-08T20:12:58.155Z] [Worker] Packet too small: 6 bytes (min: 12)
[2026-02-08T20:12:58.160Z] [Worker] Invalid magic word: 0xdeadbee0
[2026-02-08T20:12:58.171Z] [Worker] Invalid magic word: 0xdeadbee0
[2026-02-08T20:12:58.175Z] [Worker] Packet size mismatch. Expected: 4097, received: 4096
[2026-02-08T20:12:58.206Z] [Worker] Checksum mismatch. Expected: 25206, calculated: 25205
[2026-02-08T20:12:58.207Z] [Worker] Packet size mismatch. Expected: 112, received: 62
[2026-02-08T20:12:58.208Z] [Worker] Invalid magic word: 0xdeadbee0
[2026-02-08T20:12:58.219Z] [Worker] Invalid magic word: 0xdeadbee0
[2026-02-08T20:12:58.243Z] [Worker] Checksum mismatch. Expected: 25265, calculated: 25264
[2026-02-08T20:12:58.266Z] [Worker] Packet size mismatch. Expected: 4097, received: 4096
[2026-02-08T20:12:58.267Z] [Worker] Packet too small: 6 bytes (min: 12)
[2026-02-08T20:12:58.285Z] [Worker] Packet too small: 6 bytes (min: 12)
[2026-02-08T20:12:58.295Z] [Worker] Invalid magic word: 0xdeadbee0
[2026-02-08T20:12:58.297Z] [Worker] Packet size mismatch. Expected: 4097, received: 4096
[2026-02-08T20:12:58.306Z] [Worker] Packet size mismatch. Expected: 4097, received: 4096
[2026-02-08T20:12:58.308Z] [Worker] Packet size mismatch. Expected: 4097, received: 4096
[2026-02-08T20:12:58.311Z] [Worker] Invalid magic word: 0xdeadbee0
[2026-02-08T20:12:58.323Z] [Worker] Packet too small: 6 bytes (min: 12)
[2026-02-08T20:12:58.325Z] [Worker] Packet size mismatch. Expected: 4097, received: 4096
[2026-02-08T20:12:58.327Z] [Worker] Packet size mismatch. Expected: 112, received: 62
[2026-02-08T20:12:58.337Z] [Worker] Packet size mismatch. Expected: 112, received: 62
[2026-02-08T20:12:58.339Z] [Worker] Invalid magic word: 0xdeadbee0
[2026-02-08T20:12:58.344Z] [Worker] Packet size mismatch. Expected: 4097, received: 4096
[2026-02-08T20:12:58.351Z] [Worker] Invalid magic word: 0xdeadbee0
[2026-02-08T20:12:58.395Z] [Worker] Packet size mismatch. Expected: 112, received: 62
[2026-02-08T20:12:58.403Z] [Worker] Packet size mismatch. Expected: 112, received: 62
[2026-02-08T20:12:58.410Z] [Worker] Packet too small: 6 bytes (min: 12)
[2026-02-08T20:12:58.413Z] [Worker] Checksum mismatch. Expected: 25284, calculated: 25283
[2026-02-08T20:12:58.418Z] [Worker] Checksum mismatch. Expected: 25293, calculated: 25292
[2026-02-08T20:12:58.457Z] [Worker] Packet size mismatch. Expected: 4097, received: 4096
[2026-02-08T20:12:58.464Z] [Worker] Checksum mismatch. Expected: 25366, calculated: 25365
[2026-02-08T20:12:58.478Z] [Worker] Invalid magic word: 0xdeadbee0
[2026-02-08T20:12:58.494Z] [Worker] Packet too small: 6 bytes (min: 12)
[2026-02-08T20:12:58.504Z] [Worker] Invalid magic word: 0xdeadbee0
[2026-02-08T20:12:58.513Z] [Worker] Packet size mismatch. Expected: 112, received: 62
[2026-02-08T20:12:58.525Z] [Worker] Packet size mismatch. Expected: 4097, received: 4096
[2026-02-08T20:12:58.532Z] [Worker] Packet too small: 6 bytes (min: 12)
[2026-02-08T20:12:58.545Z] [Worker] Packet size mismatch. Expected: 4097, received: 4096
[2026-02-08T20:12:58.559Z] [Worker] Invalid magic word: 0xdeadbee0
[2026-02-08T20:12:58.564Z] [Worker] Packet size mismatch. Expected: 112, received: 62
[2026-02-08T20:12:58.577Z] [Worker] Packet size mismatch. Expected: 4097, received: 4096
[2026-02-08T20:12:58.582Z] [Worker] Packet size mismatch. Expected: 112, received: 62
[2026-02-08T20:12:58.588Z] [Worker] Packet size mismatch. Expected: 112, received: 62
[2026-02-08T20:12:58.595Z] [Worker] Packet size mismatch. Expected: 4097, received: 4096
[2026-02-08T20:12:58.599Z] [Worker] Invalid magic word: 0xdeadbee0
[2026-02-08T20:12:58.601Z] [Worker] Invalid magic word: 0xdeadbee0
[2026-02-08T20:12:58.628Z] [Worker] Packet size mismatch. Expected: 112, received: 62
[2026-02-08T20:12:58.631Z] [Worker] Packet size mismatch. Expected: 112, received: 62
[2026-02-08T20:12:58.637Z] [Worker] Packet size mismatch. Expected: 4097, received: 4096
[2026-02-08T20:12:58.641Z] [Worker] Packet too small: 6 bytes (min: 12)
[2026-02-08T20:12:58.653Z] [Worker] Packet size mismatch. Expected: 112, received: 62
[2026-02-08T20:12:58.696Z] [Worker] Packet size mismatch. Expected: 4097, received: 4096
[2026-02-08T20:12:58.701Z] [Worker] Packet too small: 6 bytes (min: 12)
[2026-02-08T20:12:58.704Z] [Worker] Checksum mismatch. Expected: 25246, calculated: 25245
[2026-02-08T20:12:58.706Z] [Worker] Packet too small: 6 bytes (min: 12)
[2026-02-08T20:12:58.733Z] [Worker] Packet size mismatch. Expected: 112, received: 62
[2026-02-08T20:12:58.739Z] [Worker] Packet size mismatch. Expected: 112, received: 62
[2026-02-08T20:12:58.743Z] [Worker] Invalid magic word: 0xdeadbee0
[2026-02-08T20:12:58.748Z] [Worker] Packet size mismatch. Expected: 4097, received: 4096
[2026-02-08T20:12:58.749Z] [Worker] Packet size mismatch. Expected: 4097, received: 4096
[2026-02-08T20:12:58.757Z] [Worker] Invalid magic word: 0xdeadbee0
[2026-02-08T20:12:58.759Z] [Worker] Checksum mismatch. Expected: 25334, calculated: 25333
[2026-02-08T20:12:58.768Z] [Worker] Packet size mismatch. Expected: 112, received: 62
[2026-02-08T20:12:58.776Z] [Worker] Invalid magic word: 0xdeadbee0
[2026-02-08T20:12:58.802Z] [Worker] Packet too small: 6 bytes (min: 12)
[2026-02-08T20:12:58.840Z] [Worker] Packet size mismatch. Expected: 4097, received: 4096
[2026-02-08T20:12:58.840Z] [Worker] Packet size mismatch. Expected: 112, received: 62
[2026-02-08T20:12:58.841Z] [Worker] Invalid magic word: 0xdeadbee0
[2026-02-08T20:12:58.880Z] [Worker] Checksum mismatch. Expected: 25279, calculated: 25278
[2026-02-08T20:12:58.885Z] [Worker] Packet too small: 6 bytes (min: 12)
[2026-02-08T20:12:58.890Z] [Worker] Packet size mismatch. Expected: 112, received: 62
[2026-02-08T20:12:58.904Z] [Worker] Invalid magic word: 0xdeadbee0
[2026-02-08T20:12:58.910Z] [Worker] Packet too small: 6 bytes (min: 12)
[2026-02-08T20:12:58.943Z] [Worker] Packet too small: 6 bytes (min: 12)
[2026-02-08T20:12:58.947Z] [Worker] Packet too small: 6 bytes (min: 12)
[2026-02-08T20:12:58.966Z] [Worker] Checksum mismatch. Expected: 25162, calculated: 25161
[2026-02-08T20:12:58.990Z] [Worker] Checksum mismatch. Expected: 25203, calculated: 25202
[2026-02-08T20:12:59.038Z] [Worker] Checksum mismatch. Expected: 25283, calculated: 25282
[2026-02-08T20:12:59.042Z] [Worker] Packet size mismatch. Expected: 112, received: 62
[2026-02-08T20:12:59.043Z] [Worker] Checksum mismatch. Expected: 25290, calculated: 25289
[2026-02-08T20:12:59.045Z] [Worker] Packet too small: 6 bytes (min: 12)
[2026-02-08T20:12:59.048Z] [Worker] Packet size mismatch. Expected: 112, received: 62
[2026-02-08T20:12:59.056Z] [Worker] Packet size mismatch. Expected: 112, received: 62
[2026-02-08T20:12:59.060Z] [Worker] Packet size mismatch. Expected: 4097, received: 4096
[2026-02-08T20:12:59.075Z] [Worker] Invalid magic word: 0xdeadbee0
[2026-02-08T20:12:59.093Z] [Worker] Packet too small: 6 bytes (min: 12)
[2026-02-08T20:12:59.096Z] [Worker] Invalid magic word: 0xdeadbee0
[2026-02-08T20:12:59.189Z] [Worker] Packet size mismatch. Expected: 4097, received: 4096
[2026-02-08T20:12:59.204Z] [Worker] Packet too small: 6 bytes (min: 12)
[2026-02-08T20:12:59.211Z] [Worker] Invalid magic word: 0xdeadbee0
[2026-02-08T20:12:59.250Z] [Worker] Packet size mismatch. Expected: 112, received: 62
[2026-02-08T20:12:59.262Z] [Worker] Packet size mismatch. Expected: 4097, received: 4096
[2026-02-08T20:12:59.304Z] [Worker] Packet size mismatch. Expected: 4097, received: 4096
[2026-02-08T20:12:59.320Z] [Worker] Checksum mismatch. Expected: 25232, calculated: 25231
[2026-02-08T20:12:59.326Z] [Worker] Packet size mismatch. Expected: 112, received: 62
[2026-02-08T20:12:59.332Z] [Worker] Checksum mismatch. Expected: 25250, calculated: 25249
[2026-02-08T20:12:59.334Z] [Worker] Invalid magic word: 0xdeadbee0
[2026-02-08T20:12:59.352Z] [Worker] Packet size mismatch. Expected: 112, received: 62
[2026-02-08T20:12:59.357Z] [Worker] Packet size mismatch. Expected: 112, received: 62
[2026-02-08T20:12:59.361Z] [Worker] Checksum mismatch. Expected: 25300, calculated: 25299
[2026-02-08T20:12:59.372Z] [Worker] Invalid magic word: 0xdeadbee0
[2026-02-08T20:12:59.378Z] [Worker] Packet size mismatch. Expected: 112, received: 62
[2026-02-08T20:12:59.385Z] [Worker] Checksum mismatch. Expected: 25338, calculated: 25337
[2026-02-08T20:12:59.412Z] [Worker] Packet size mismatch. Expected: 4097, received: 4096
[2026-02-08T20:14:05.232Z] [Worker] Checksum mismatch. Expected: 25127, calculated: 25126
[2026-02-08T20:14:05.251Z] [Worker] Packet size mismatch. Expected: 112, received: 62
[2026-02-08T20:14:05.272Z] [Worker] Invalid magic word: 0xdeadbee0
[2026-02-08T20:14:05.314Z] [Worker] Checksum mismatch. Expected: 25258, calculated: 25257
[2026-02-08T20:14:05.340Z] [Worker] Checksum mismatch. Expected: 25300, calculated: 25299
[2026-02-08T20:14:05.341Z] [Worker] Invalid magic word: 0xdeadbee0
[2026-02-08T20:14:05.347Z] [Worker] Packet size mismatch. Expected: 112, received: 62
[2026-02-08T20:14:05.348Z] [Worker] Invalid magic word: 0xdeadbee0
[2026-02-08T20:14:05.358Z] [Worker] Invalid magic word: 0xdeadbee0
[2026-02-08T20:14:05.366Z] [Worker] Packet too small: 6 bytes (min: 12)
[2026-02-08T20:14:05.369Z] [Worker] Invalid magic word: 0xdeadbee0
[2026-02-08T20:14:05.375Z] [Worker] Packet size mismatch. Expected: 4097, received: 4096
[2026-02-08T20:14:05.390Z] [Worker] Invalid magic word: 0xdeadbee0
[2026-02-08T20:14:05.451Z] [Worker] Packet size mismatch. Expected: 112, received: 62
[2026-02-08T20:14:05.451Z] [Worker] Packet size mismatch. Expected: 4097, received: 4096
[2026-02-08T20:14:05.457Z] [Worker] Invalid magic word: 0xdeadbee0
[2026-02-08T20:14:05.459Z] [Worker] Packet too small: 6 bytes (min: 12)
[2026-02-08T20:14:05.461Z] [Worker] Packet size mismatch. Expected: 112, received: 62
[2026-02-08T20:14:05.476Z] [Worker] Checksum mismatch. Expected: 25264, calculated: 25263
[2026-02-08T20:14:05.480Z] [Worker] Packet size mismatch. Expected: 112, received: 62
[2026-02-08T20:14:05.492Z] [Worker] Checksum mismatch. Expected: 25291, calculated: 25290
[2026-02-08T20:14:05.495Z] [Worker] Packet size mismatch. Expected: 112, received: 62
[2026-02-08T20:14:05.497Z] [Worker] Packet size mismatch. Expected: 4097, received: 4096
[2026-02-08T20:14:05.503Z] [Worker] Packet size mismatch. Expected: 112, received: 62
[2026-02-08T20:14:05.513Z] [Worker] Invalid magic word: 0xdeadbee0
[2026-02-08T20:14:05.525Z] [Worker] Packet size mismatch. Expected: 112, received: 62
[2026-02-08T20:14:05.538Z] [Worker] Invalid magic word: 0xdeadbee0
[2026-02-08T20:14:05.541Z] [Worker] Packet size mismatch. Expected: 112, received: 62
[2026-02-08T20:14:05.549Z] [Worker] Checksum mismatch. Expected: 25380, calculated: 25379
[2026-02-08T20:14:05.556Z] [Worker] Checksum mismatch. Expected: 25137, calculated: 25136
[2026-02-08T20:14:05.561Z] [Worker] Checksum mismatch. Expected: 25144, calculated: 25143
[2026-02-08T20:14:05.569Z] [Worker] Packet too small: 6 bytes (min: 12)
[2026-02-08T20:14:05.572Z] [Worker] Packet too small: 6 bytes (min: 12)
[2026-02-08T20:14:05.574Z] [Worker] Invalid magic word: 0xdeadbee0
[2026-02-08T20:14:05.584Z] [Worker] Packet size mismatch. Expected: 112, received: 62
[2026-02-08T20:14:05.591Z] [Worker] Packet size mismatch. Expected: 4097, received: 4096
[2026-02-08T20:14:05.595Z] [Worker] Packet size mismatch. Expected: 112, received: 62
[2026-02-08T20:14:05.622Z] [Worker] Checksum mismatch. Expected: 25246, calculated: 25245
[2026-02-08T20:14:05.636Z] [Worker] Invalid magic word: 0xdeadbee0
[2026-02-08T20:14:05.637Z] [Worker] Packet too small: 6 bytes (min: 12)
[2026-02-08T20:14:05.650Z] [Worker] Packet too small: 6 bytes (min: 12)
[2026-02-08T20:14:05.651Z] [Worker] Checksum mismatch. Expected: 25294, calculated: 25293
[2026-02-08T20:14:05.651Z] [Worker] Packet size mismatch. Expected: 4097, received: 4096
[2026-02-08T20:14:05.655Z] [Worker] Packet too small: 6 bytes (min: 12)
[2026-02-08T20:14:05.679Z] [Worker] Invalid magic word: 0xdeadbee0
[2026-02-08T20:14:05.688Z] [Worker] Invalid magic word: 0xdeadbee0
[2026-02-08T20:14:05.695Z] [Worker] Checksum mismatch. Expected: 25365, calculated: 25364
[2026-02-08T20:14:05.698Z] [Worker] Invalid magic word: 0xdeadbee0
[2026-02-08T20:14:05.717Z] [Worker] Packet size mismatch. Expected: 112, received: 62
[2026-02-08T20:14:05.731Z] [Worker] Checksum mismatch. Expected: 25170, calculated: 25169
[2026-02-08T20:14:05.760Z] [Worker] Checksum mismatch. Expected: 25218, calculated: 25217
[2026-02-08T20:14:05.761Z] [Worker] Packet too small: 6 bytes (min: 12)
[2026-02-08T20:14:05.768Z] [Worker] Checksum mismatch. Expected: 25230, calculated: 25229
[2026-02-08T20:14:05.775Z] [Worker] Packet too small: 6 bytes (min: 12)
[2026-02-08T20:14:05.780Z] [Worker] Invalid magic word: 0xdeadbee0
[2026-02-08T20:14:05.782Z] [Worker] Packet size mismatch. Expected: 4097, received: 4096
[2026-02-08T20:14:05.787Z] [Worker] Packet size mismatch. Expected: 4097, received: 4096
[2026-02-08T20:14:05.798Z] [Worker] Packet too small: 6 bytes (min: 12)
[2026-02-08T20:14:05.804Z] [Worker] Packet size mismatch. Expected: 4097, received: 4096
[2026-02-08T20:14:05.842Z] [Worker] Packet too small: 6 bytes (min: 12)
[2026-02-08T20:14:05.846Z] [Worker] Invalid magic word: 0xdeadbee0
[2026-02-08T20:14:05.867Z] [Worker] Invalid magic word: 0xdeadbee0
[2026-02-08T20:14:05.876Z] [Worker] Packet size mismatch. Expected: 112, received: 62
[2026-02-08T20:14:05.881Z] [Worker] Checksum mismatch. Expected: 25159, calculated: 25158
[2026-02-08T20:14:05.884Z] [Worker] Invalid magic word: 0xdeadbee0
[2026-02-08T20:14:05.888Z] [Worker] Packet size mismatch. Expected: 4097, received: 4096
[2026-02-08T20:14:05.893Z] [Worker] Packet too small: 6 bytes (min: 12)
[2026-02-08T20:14:05.901Z] [Worker] Packet size mismatch. Expected: 4097, received: 4096
[2026-02-08T20:14:05.908Z] [Worker] Packet size mismatch. Expected: 112, received: 62
[2026-02-08T20:14:05.915Z] [Worker] Packet size mismatch. Expected: 4097, received: 4096
[2026-02-08T20:14:05.916Z] [Worker] Packet size mismatch. Expected: 4097, received: 4096
[2026-02-08T20:14:05.923Z] [Worker] Invalid magic word: 0xdeadbee0
[2026-02-08T20:14:05.933Z] [Worker] Invalid magic word: 0xdeadbee0
[2026-02-08T20:14:05.942Z] [Worker] Packet size mismatch. Expected: 112, received: 62
[2026-02-08T20:14:05.943Z] [Worker] Invalid magic word: 0xdeadbee0
[2026-02-08T20:14:05.955Z] [Worker] Packet size mismatch. Expected: 4097, received: 4096
[2026-02-08T20:14:05.971Z] [Worker] Packet size mismatch. Expected: 4097, received: 4096
[2026-02-08T20:14:05.989Z] [Worker] Packet size mismatch. Expected: 4097, received: 4096
[2026-02-08T20:14:06.026Z] [Worker] Packet too small: 6 bytes (min: 12)
[2026-02-08T20:14:06.034Z] [Worker] Packet size mismatch. Expected: 112, received: 62
[2026-02-08T20:14:06.039Z] [Worker] Packet size mismatch. Expected: 4097, received: 4096
[2026-02-08T20:14:06.092Z] [Worker] Invalid magic word: 0xdeadbee0
[2026-02-08T20:14:06.112Z] [Worker] Invalid magic word: 0xdeadbee0
[2026-02-08T20:14:06.118Z] [Worker] Checksum mismatch. Expected: 25291, calculated: 25290
[2026-02-08T20:14:06.127Z] [Worker] Packet size mismatch. Expected: 4097, received: 4096
[2026-02-08T20:14:06.132Z] [Worker] Packet size mismatch. Expected: 112, received: 62
[2026-02-08T20:14:06.134Z] [Worker] Checksum mismatch. Expected: 25316, calculated: 25315
[2026-02-08T20:14:06.153Z] [Worker] Packet too small: 6 bytes (min: 12)
[2026-02-08T20:14:06.181Z] [Worker] Packet size mismatch. Expected: 4097, received: 4096
[2026-02-08T20:14:06.182Z] [Worker] Invalid magic word: 0xdeadbee0
[2026-02-08T20:14:06.198Z] [Worker] Packet size mismatch. Expected: 112, received: 62
[2026-02-08T20:14:06.224Z] [Worker] Invalid magic word: 0xdeadbee0
[2026-02-08T20:14:06.282Z] [Worker] Packet size mismatch. Expected: 112, received: 62
[2026-02-08T20:14:06.282Z] [Worker] Invalid magic word: 0xdeadbee0
[2026-02-08T20:14:06.297Z] [Worker] Invalid magic word: 0xdeadbee0
[2026-02-08T20:14:06.303Z] [Worker] Checksum mismatch. Expected: 25340, calculated: 25339
[2026-02-08T20:14:06.333Z] [Worker] Packet size mismatch. Expected: 112, received: 62
[2026-02-08T20:14:06.333Z] [Worker] Packet size mismatch. Expected: 4097, received: 4096
[2026-02-08T20:14:06.338Z] [Worker] Packet size mismatch. Expected: 112, received: 62
[2026-02-08T20:14:06.342Z] [Worker] Checksum mismatch. Expected: 25152, calculated: 25151
[2026-02-08T20:14:06.352Z] [Worker] Packet size mismatch. Expected: 112, received: 62
[2026-02-08T20:14:06.371Z] [Worker] Packet size mismatch. Expected: 112, received: 62
[2026-02-08T20:14:06.373Z] [Worker] Invalid magic word: 0xdeadbee0
[2026-02-08T20:14:06.374Z] [Worker] Packet size mismatch. Expected: 4097, received: 4096
[2026-02-08T20:14:06.382Z] [Worker] Packet size mismatch. Expected: 4097, received: 4096
[2026-02-08T20:14:06.387Z] [Worker] Packet size mismatch. Expected: 112, received: 62
[2026-02-08T20:14:06.433Z] [Worker] Packet too small: 6 bytes (min: 12)
[2026-02-08T20:14:06.449Z] [Worker] Packet size mismatch. Expected: 112, received: 62
[2026-02-08T20:14:06.457Z] [Worker] Invalid magic word: 0xdeadbee0
[2026-02-08T20:14:06.467Z] [Worker] Packet size mismatch. Expected: 112, received: 62
[2026-02-08T20:14:06.467Z] [Worker] Packet too small: 6 bytes (min: 12)
[2026-02-08T20:14:06.480Z] [Worker] Packet size mismatch. Expected: 4097, received: 4096
[2026-02-08T20:14:06.506Z] [Worker] Checksum mismatch. Expected: 25163, calculated: 25162
[2026-02-08T20:14:06.513Z] [Worker] Packet size mismatch. Expected: 112, received: 62
[2026-02-08T20:14:06.525Z] [Worker] Packet size mismatch. Expected: 112, received: 62
[2026-02-08T20:14:06.525Z] [Worker] Packet size mismatch. Expected: 112, received: 62
[2026-02-08T20:14:06.544Z] [Worker] Packet size mismatch. Expected: 4097, received: 4096
[2026-02-08T20:14:06.548Z] [Worker] Invalid magic word: 0xdeadbee0
[2026-02-08T20:14:06.558Z] [Worker] Checksum mismatch. Expected: 25248, calculated: 25247
[2026-02-08T20:14:06.559Z] [Worker] Packet size mismatch. Expected: 4097, received: 4096
[2026-02-08T20:14:06.559Z] [Worker] Packet too small: 6 bytes (min: 12)
[2026-02-08T20:14:06.568Z] [Worker] Packet size mismatch. Expected: 4097, received: 4096
[2026-02-08T20:14:06.601Z] [Worker] Packet too small: 6 bytes (min: 12)
[2026-02-08T20:14:06.603Z] [Worker] Packet too small: 6 bytes (min: 12)
[2026-02-08T20:14:06.610Z] [Worker] Packet size mismatch. Expected: 112, received: 62
[2026-02-08T20:14:06.615Z] [Worker] Packet size mismatch. Expected: 112, received: 62
[2026-02-08T20:14:06.618Z] [Worker] Packet size mismatch. Expected: 4097, received: 4096
[2026-02-08T20:14:06.625Z] [Worker] Packet too small: 6 bytes (min: 12)
[2026-02-08T20:14:06.626Z] [Worker] Packet size mismatch. Expected: 4097, received: 4096
[2026-02-08T20:14:06.633Z] [Worker] Invalid magic word: 0xdeadbee0
[2026-02-08T20:14:06.654Z] [Worker] Invalid magic word: 0xdeadbee0
[2026-02-08T20:14:06.675Z] [Worker] Packet size mismatch. Expected: 112, received: 62
[2026-02-08T20:14:06.681Z] [Worker] Invalid magic word: 0xdeadbee0
[2026-02-08T20:14:06.683Z] [Worker] Packet size mismatch. Expected: 112, received: 62
[2026-02-08T20:14:06.695Z] [Worker] Checksum mismatch. Expected: 25217, calculated: 25216
[2026-02-08T20:14:06.729Z] [Worker] Packet too small: 6 bytes (min: 12)
[2026-02-08T20:14:06.747Z] [Worker] Checksum mismatch. Expected: 25301, calculated: 25300
[2026-02-08T20:14:06.748Z] [Worker] Checksum mismatch. Expected: 25303, calculated: 25302
[2026-02-08T20:14:06.770Z] [Worker] Packet size mismatch. Expected: 112, received: 62
[2026-02-08T20:14:06.789Z] [Worker] Invalid magic word: 0xdeadbee0
[2026-02-08T20:14:06.790Z] [Worker] Checksum mismatch. Expected: 25373, calculated: 25372
[2026-02-08T20:14:06.794Z] [Worker] Checksum mismatch. Expected: 25377, calculated: 25376
[2026-02-08T20:14:06.801Z] [Worker] Checksum mismatch. Expected: 25388, calculated: 25387
[2026-02-08T20:14:06.827Z] [Worker] Packet size mismatch. Expected: 4097, received: 4096
[2026-02-08T20:14:06.831Z] [Worker] Packet size mismatch. Expected: 4097, received: 4096
[2026-02-08T20:14:06.845Z] [Worker] Packet size mismatch. Expected: 4097, received: 4096
[2026-02-08T20:14:06.852Z] [Worker] Invalid magic word: 0xdeadbee0
[2026-02-08T20:14:06.853Z] [Worker] Packet too small: 6 bytes (min: 12)
[2026-02-08T20:14:06.857Z] [Worker] Checksum mismatch. Expected: 25227, calculated: 25226
[2026-02-08T20:14:06.864Z] [Worker] Packet size mismatch. Expected: 4097, received: 4096
[2026-02-08T20:14:06.865Z] [Worker] Checksum mismatch. Expected: 25241, calculated: 25240
[2026-02-08T20:14:06.877Z] [Worker] Packet size mismatch. Expected: 4097, received: 4096
[2026-02-08T20:14:06.884Z] [Worker] Packet size mismatch. Expected: 112, received: 62
[2026-02-08T20:14:06.902Z] [Worker] Checksum mismatch. Expected: 25302, calculated: 25301
[2026-02-08T20:14:06.908Z] [Worker] Packet size mismatch. Expected: 112, received: 62
[2026-02-08T20:14:06.950Z] [Worker] Packet too small: 6 bytes (min: 12)
[2026-02-08T20:14:06.973Z] [Worker] Packet size mismatch. Expected: 112, received: 62
[2026-02-08T20:14:06.976Z] [Worker] Packet too small: 6 bytes (min: 12)
[2026-02-08T20:14:06.977Z] [Worker] Packet too small: 6 bytes (min: 12)
[2026-02-08T20:14:06.983Z] [Worker] Packet too small: 6 bytes (min: 12)
[2026-02-08T20:14:06.991Z] [Worker] Packet size mismatch. Expected: 112, received: 62
[2026-02-08T20:14:07.002Z] [Worker] Checksum mismatch. Expected: 25211, calculated: 25210
[2026-02-08T20:14:07.043Z] [Worker] Packet size mismatch. Expected: 112, received: 62
[2026-02-08T20:14:07.047Z] [Worker] Checksum mismatch. Expected: 25284, calculated: 25283
[2026-02-08T20:14:07.052Z] [Worker] Checksum mismatch. Expected: 25293, calculated: 25292
[2026-02-08T20:14:07.064Z] [Worker] Checksum mismatch. Expected: 25311, calculated: 25310
[2026-02-08T20:14:07.087Z] [Worker] Packet size mismatch. Expected: 112, received: 62
[2026-02-08T20:14:07.101Z] [Worker] Checksum mismatch. Expected: 25371, calculated: 25370
[2026-02-08T20:14:07.103Z] [Worker] Invalid magic word: 0xdeadbee0
[2026-02-08T20:14:07.119Z] [Worker] Checksum mismatch. Expected: 25143, calculated: 25142
[2026-02-08T20:14:07.143Z] [Worker] Packet size mismatch. Expected: 4097, received: 4096
[2026-02-08T20:14:07.146Z] [Worker] Packet size mismatch. Expected: 112, received: 62
[2026-02-08T20:14:07.152Z] [Worker] Packet size mismatch. Expected: 112, received: 62
[2026-02-08T20:14:07.166Z] [Worker] Invalid magic word: 0xdeadbee0
[2026-02-08T20:14:07.169Z] [Worker] Packet too small: 6 bytes (min: 12)
[2026-02-08T20:14:07.172Z] [Worker] Packet too small: 6 bytes (min: 12)
[2026-02-08T20:14:07.238Z] [Worker] Packet size mismatch. Expected: 112, received: 62
[2026-02-08T20:14:07.242Z] [Worker] Packet size mismatch. Expected: 112, received: 62
[2026-02-08T20:14:07.256Z] [Worker] Packet too small: 6 bytes (min: 12)
[2026-02-08T20:14:07.282Z] [Worker] Checksum mismatch. Expected: 25147, calculated: 25146
[2026-02-08T20:14:07.304Z] [Worker] Packet size mismatch. Expected: 112, received: 62
[2026-02-08T20:14:07.305Z] [Worker] Packet too small: 6 bytes (min: 12)
[2026-02-08T20:14:07.318Z] [Worker] Packet size mismatch. Expected: 112, received: 62
[2026-02-08T20:14:07.330Z] [Worker] Checksum mismatch. Expected: 25220, calculated: 25219
[2026-02-08T20:14:07.333Z] [Worker] Checksum mismatch. Expected: 25226, calculated: 25225
[2026-02-08T20:14:07.340Z] [Worker] Packet too small: 6 bytes (min: 12)
[2026-02-08T20:14:07.343Z] [Worker] Checksum mismatch. Expected: 25240, calculated: 25239
[2026-02-08T20:14:07.344Z] [Worker] Packet size mismatch. Expected: 112, received: 62
[2026-02-08T20:14:07.346Z] [Worker] Packet size mismatch. Expected: 4097, received: 4096
[2026-02-08T20:14:07.351Z] [Worker] Checksum mismatch. Expected: 25254, calculated: 25253
[2026-02-08T20:14:07.359Z] [Worker] Packet size mismatch. Expected: 112, received: 62
[2026-02-08T20:14:07.363Z] [Worker] Invalid magic word: 0xdeadbee0
[2026-02-08T20:14:07.364Z] [Worker] Packet size mismatch. Expected: 112, received: 62
[2026-02-08T20:14:07.379Z] [Worker] Packet too small: 6 bytes (min: 12)
[2026-02-08T20:14:07.384Z] [Worker] Packet size mismatch. Expected: 4097, received: 4096
[2026-02-08T20:14:07.389Z] [Worker] Packet too small: 6 bytes (min: 12)
[2026-02-08T20:14:07.403Z] [Worker] Packet size mismatch. Expected: 112, received: 62
[2026-02-08T20:14:07.422Z] [Worker] Packet size mismatch. Expected: 4097, received: 4096
[2026-02-08T20:14:07.435Z] [Worker] Packet too small: 6 bytes (min: 12)
[2026-02-08T20:14:07.444Z] [Worker] Invalid magic word: 0xdeadbee0
[2026-02-08T20:14:07.448Z] [Worker] Packet too small: 6 bytes (min: 12)
[2026-02-08T20:14:07.450Z] [Worker] Checksum mismatch. Expected: 25161, calculated: 25160
[2026-02-08T20:14:07.470Z] [Worker] Packet size mismatch. Expected: 112, received: 62
[2026-02-08T20:14:07.475Z] [Worker] Packet too small: 6 bytes (min: 12)
[2026-02-08T20:14:07.510Z] [Worker] Packet too small: 6 bytes (min: 12)
[2026-02-08T20:14:07.519Z] [Worker] Packet too small: 6 bytes (min: 12)
[2026-02-08T20:14:07.537Z] [Worker] Packet size mismatch. Expected: 4097, received: 4096
[2026-02-08T20:14:07.552Z] [Worker] Invalid magic word: 0xdeadbee0
[2026-02-08T20:14:07.556Z] [Worker] Packet size mismatch. Expected: 4097, received: 4096
[2026-02-08T20:14:07.568Z] [Worker] Checksum mismatch. Expected: 25351, calculated: 25350
[2026-02-08T20:14:07.569Z] [Worker] Packet size mismatch. Expected: 112, received: 62
[2026-02-08T20:14:07.579Z] [Worker] Packet size mismatch. Expected: 4097, received: 4096
[2026-02-08T20:14:07.594Z] [Worker] Packet size mismatch. Expected: 112, received: 62
[2026-02-08T20:14:07.619Z] [Worker] Packet too small: 6 bytes (min: 12)
[2026-02-08T20:14:07.628Z] [Worker] Checksum mismatch. Expected: 25193, calculated: 25192
[2026-02-08T20:14:07.652Z] [Worker] Packet size mismatch. Expected: 4097, received: 4096
[2026-02-08T20:14:07.671Z] [Worker] Packet size mismatch. Expected: 112, received: 62
[2026-02-08T20:14:07.686Z] [Worker] Packet size mismatch. Expected: 4097, received: 4096
[2026-02-08T20:14:07.690Z] [Worker] Invalid magic word: 0xdeadbee0
[2026-02-08T20:14:07.719Z] [Worker] Packet size mismatch. Expected: 112, received: 62
[2026-02-08T20:14:07.721Z] [Worker] Checksum mismatch. Expected: 25340, calculated: 25339
[2026-02-08T20:14:07.724Z] [Worker] Packet size mismatch. Expected: 112, received: 62
[2026-02-08T20:14:07.736Z] [Worker] Packet too small: 6 bytes (min: 12)
[2026-02-08T20:14:07.739Z] [Worker] Packet too small: 6 bytes (min: 12)
[2026-02-08T20:14:07.763Z] [Worker] Packet too small: 6 bytes (min: 12)
[2026-02-08T20:14:07.773Z] [Worker] Invalid magic word: 0xdeadbee0
[2026-02-08T20:14:07.789Z] [Worker] Packet size mismatch. Expected: 112, received: 62
[2026-02-08T20:14:07.795Z] [Worker] Packet too small: 6 bytes (min: 12)
[2026-02-08T20:14:07.795Z] [Worker] Packet size mismatch. Expected: 112, received: 62
[2026-02-08T20:14:07.817Z] [Worker] Packet size mismatch. Expected: 4097, received: 4096
[2026-02-08T20:14:07.820Z] [Worker] Invalid magic word: 0xdeadbee0
[2026-02-08T20:14:07.826Z] [Worker] Packet too small: 6 bytes (min: 12)
[2026-02-08T20:14:07.832Z] [Worker] Checksum mismatch. Expected: 25264, calculated: 25263
[2026-02-08T20:14:07.836Z] [Worker] Packet too small: 6 bytes (min: 12)
[2026-02-08T20:14:07.876Z] [Worker] Packet size mismatch. Expected: 4097, received: 4096
[2026-02-08T20:14:07.879Z] [Worker] Packet size mismatch. Expected: 112, received: 62
[2026-02-08T20:14:07.881Z] [Worker] Invalid magic word: 0xdeadbee0
[2026-02-08T20:14:07.905Z] [Worker] Checksum mismatch. Expected: 25381, calculated: 25380
[2026-02-08T20:14:07.906Z] [Worker] Packet size mismatch. Expected: 112, received: 62
[2026-02-08T20:14:07.907Z] [Worker] Packet too small: 6 bytes (min: 12)
[2026-02-08T20:14:07.911Z] [Worker] Invalid magic word: 0xdeadbee0
[2026-02-08T20:14:07.915Z] [Worker] Packet size mismatch. Expected: 4097, received: 4096
[2026-02-08T20:14:07.926Z] [Worker] Packet size mismatch. Expected: [2026-02-08T20:14:07.926Z] [Worker] Packet too small: 6 bytes (min: 12)
4097, received: 4096
[2026-02-08T20:14:07.935Z] [Worker] Checksum mismatch. Expected: 25173, calculated: 25172
[2026-02-08T20:14:07.944Z] [Worker] Packet size mismatch. Expected: 112, received: 62
[2026-02-08T20:14:07.950Z] [Worker] Packet size mismatch. Expected: 112, received: 62
[2026-02-08T20:14:07.959Z] [Worker] Packet size mismatch. Expected: 4097, received: 4096
[2026-02-08T20:14:07.978Z] [Worker] Packet too small: 6 bytes (min: 12)
[2026-02-08T20:14:07.981Z] [Worker] Packet too small: 6 bytes (min: 12)
[2026-02-08T20:14:07.998Z] [Worker] Invalid magic word: 0xdeadbee0
[2026-02-08T20:14:07.999Z] [Worker] Checksum mismatch. Expected: 25275, calculated: 25274
[2026-02-08T20:14:08.000Z] [Worker] Packet size mismatch. Expected: 4097, received: 4096
[2026-02-08T20:14:08.004Z] [Worker] Packet size mismatch. Expected: 112, received: 62
[2026-02-08T20:14:08.016Z] [Worker] Packet size mismatch. Expected: 4097, received: 4096
[2026-02-08T20:14:08.019Z] [Worker] Packet size mismatch. Expected: 4097, received: 4096
[2026-02-08T20:14:08.038Z] [Worker] Packet too small: 6 bytes (min: 12)
[2026-02-08T20:14:08.077Z] [Worker] Packet size mismatch. Expected: 4097, received: 4096
[2026-02-08T20:14:08.094Z] [Worker] Invalid magic word: 0xdeadbee0
[2026-02-08T20:14:08.108Z] [Worker] Invalid magic word: 0xdeadbee0
[2026-02-08T20:14:08.171Z] [Worker] Checksum mismatch. Expected: 25298, calculated: 25297
[2026-02-08T20:14:08.176Z] [Worker] Packet size mismatch. Expected: 4097, received: 4096
[2026-02-08T20:14:08.228Z] [Worker] Packet size mismatch. Expected: 112, received: 62
[2026-02-08T20:14:08.236Z] [Worker] Packet size mismatch. Expected: 4097, received: 4096
[2026-02-08T20:14:08.247Z] [Worker] Checksum mismatch. Expected: 25168, calculated: 25167
[2026-02-08T20:14:08.264Z] [Worker] Packet size mismatch. Expected: 112, received: 62
[2026-02-08T20:14:08.270Z] [Worker] Checksum mismatch. Expected: 25205, calculated: 25204
[2026-02-08T20:14:08.274Z] [Worker] Packet too small: 6 bytes (min: 12)
[2026-02-08T20:14:08.279Z] [Worker] Invalid magic word: 0xdeadbee0
[2026-02-08T20:14:08.294Z] [Worker] Checksum mismatch. Expected: 25244, calculated: 25243
[2026-02-08T20:14:08.340Z] [Worker] Packet size mismatch. Expected: 112, received: 62
[2026-02-08T20:14:08.346Z] [Worker] Packet too small: 6 bytes (min: 12)
[2026-02-08T20:14:08.352Z] [Worker] Packet too small: 6 bytes (min: 12)
[2026-02-08T20:14:08.352Z] [Worker] Checksum mismatch. Expected: 25337, calculated: 25336
[2026-02-08T20:14:08.355Z] [Worker] Invalid magic word: 0xdeadbee0
[2026-02-08T20:14:08.357Z] [Worker] Invalid magic word: 0xdeadbee0
[2026-02-08T20:14:08.393Z] [Worker] Packet too small: 6 bytes (min: 12)
[2026-02-08T20:14:08.401Z] [Worker] Packet size mismatch. Expected: 112, received: 62
[2026-02-08T20:14:08.405Z] [Worker] Packet size mismatch. Expected: 112, received: 62
[2026-02-08T20:14:08.412Z] [Worker] Packet size mismatch. Expected: 4097, received: 4096
[2026-02-08T20:14:08.425Z] [Worker] Checksum mismatch. Expected: 25201, calculated: 25200
[2026-02-08T20:14:08.451Z] [Worker] Packet size mismatch. Expected: 112, received: 62
[2026-02-08T20:14:08.462Z] [Worker] Checksum mismatch. Expected: 25260, calculated: 25259
[2026-02-08T20:14:08.468Z] [Worker] Packet size mismatch. Expected: 112, received: 62
[2026-02-08T20:14:08.490Z] [Worker] Packet size mismatch. Expected: 4097, received: 4096
[2026-02-08T20:14:08.498Z] [Worker] Packet too small: 6 bytes (min: 12)
[2026-02-08T20:14:08.515Z] [Worker] Invalid magic word: 0xdeadbee0
[2026-02-08T20:14:08.516Z] [Worker] Packet too small: 6 bytes (min: 12)
[2026-02-08T20:14:08.522Z] [Worker] Packet size mismatch. Expected: 112, received: 62
[2026-02-08T20:14:08.545Z] [Worker] Packet size mismatch. Expected: 4097, received: 4096
[2026-02-08T20:14:08.560Z] [Worker] Packet size mismatch. Expected: 112, received: 62
[2026-02-08T20:14:08.590Z] [Worker] Packet size mismatch. Expected: 4097, received: 4096
[2026-02-08T20:14:08.596Z] [Worker] Invalid magic word: 0xdeadbee0
[2026-02-08T20:14:08.600Z] [Worker] Packet too small: 6 bytes (min: 12)
[2026-02-08T20:14:08.610Z] [Worker] Packet too small: 6 bytes (min: 12)
[2026-02-08T20:14:08.622Z] [Worker] Packet size mismatch. Expected: 4097, received: 4096
[2026-02-08T20:14:08.652Z] [Worker] Packet size mismatch. Expected: 4097, received: 4096
[2026-02-08T20:14:08.652Z] [Worker] Packet size mismatch. Expected: 112, received: 62
[2026-02-08T20:14:08.662Z] [Worker] Packet size mismatch. Expected: 112, received: 62
[2026-02-08T20:14:08.669Z] [Worker] Checksum mismatch. Expected: 25341, calculated: 25340
[2026-02-08T20:14:08.681Z] [Worker] Packet too small: 6 bytes (min: 12)
[2026-02-08T20:14:08.685Z] [Worker] Checksum mismatch. Expected: 25365, calculated: 25364
[2026-02-08T20:14:08.724Z] [Worker] Packet size mismatch. Expected: 112, received: 62
[2026-02-08T20:14:08.740Z] [Worker] Invalid magic word: 0xdeadbee0
[2026-02-08T20:14:08.744Z] [Worker] Packet size mismatch. Expected: 112, received: 62
[2026-02-08T20:14:08.755Z] [Worker] Packet too small: 6 bytes (min: 12)
[2026-02-08T20:14:08.766Z] [Worker] Packet size mismatch. Expected: 4097, received: 4096
[2026-02-08T20:14:08.773Z] [Worker] Checksum mismatch. Expected: 25251, calculated: 25250
[2026-02-08T20:14:08.785Z] [Worker] Packet too small: 6 bytes (min: 12)
[2026-02-08T20:14:08.794Z] [Worker] Packet size mismatch. Expected: 4097, received: 4096
[2026-02-08T20:14:08.821Z] [Worker] Checksum mismatch. Expected: 25329, calculated: 25328
[2026-02-08T20:14:08.831Z] [Worker] Checksum mismatch. Expected: 25346, calculated: 25345
[2026-02-08T20:14:08.850Z] [Worker] Packet size mismatch. Expected: 4097, received: 4096
[2026-02-08T20:14:08.853Z] [Worker] Packet too small: 6 bytes (min: 12)
[2026-02-08T20:14:08.864Z] [Worker] Checksum mismatch. Expected: 25398, calculated: 25397
[2026-02-08T20:14:08.865Z] [Worker] Invalid magic word: 0xdeadbee0
[2026-02-08T20:14:08.866Z] [Worker] Checksum mismatch. Expected: 25148, calculated: 25147
[2026-02-08T20:14:08.866Z] [Worker] Invalid magic word: 0xdeadbee0
[2026-02-08T20:14:08.885Z] [Worker] Packet too small: 6 bytes (min: 12)
[2026-02-08T20:14:08.947Z] [Worker] Packet too small: 6 bytes (min: 12)
[2026-02-08T20:14:08.948Z] [Worker] Invalid magic word: 0xdeadbee0
[2026-02-08T20:14:08.949Z] [Worker] Packet too small: 6 bytes (min: 12)
[2026-02-08T20:14:08.961Z] [Worker] Invalid magic word: 0xdeadbee0
[2026-02-08T20:14:08.970Z] [Worker] Checksum mismatch. Expected: 25311, calculated: 25310
[2026-02-08T20:14:08.987Z] [Worker] Checksum mismatch. Expected: 25340, calculated: 25339
[2026-02-08T20:14:08.989Z] [Worker] Packet too small: 6 bytes (min: 12)
[2026-02-08T20:14:08.993Z] [Worker] Packet size mismatch. Expected: 4097, received: 4096
[2026-02-08T20:14:09.012Z] [Worker] Checksum mismatch. Expected: 25380, calculated: 25379
[2026-02-08T20:14:09.031Z] [Worker] Packet size mismatch. Expected: 4097, received: 4096
[2026-02-08T20:14:09.047Z] [Worker] Packet too small: 6 bytes (min: 12)
[2026-02-08T20:14:09.125Z] [Worker] Checksum mismatch. Expected: 25306, calculated: 25305
[2026-02-08T20:14:09.133Z] [Worker] Invalid magic word: 0xdeadbee0
[2026-02-08T20:14:09.143Z] [Worker] Packet size mismatch. Expected: 112, received: 62
[2026-02-08T20:14:09.144Z] [Worker] Checksum mismatch. Expected: 25338, calculated: 25337
[2026-02-08T20:14:09.162Z] [Worker] Packet too small: 6 bytes (min: 12)
[2026-02-08T20:14:09.168Z] [Worker] Checksum mismatch. Expected: 25375, calculated: 25374
[2026-02-08T20:14:09.170Z] [Worker] Packet size mismatch. Expected: 4097, received: 4096
[2026-02-08T20:14:09.178Z] [Worker] Packet size mismatch. Expected: 112, received: 62
[2026-02-08T20:14:09.190Z] [Worker] Packet size mismatch. Expected: 112, received: 62
[2026-02-08T20:14:09.199Z] [Worker] Packet size mismatch. Expected: 112, received: 62
[2026-02-08T20:14:09.201Z] [Worker] Packet too small: 6 bytes (min: 12)
[2026-02-08T20:14:09.206Z] [Worker] Packet too small: 6 bytes (min: 12)
[2026-02-08T20:14:09.212Z] [Worker] Invalid magic word: 0xdeadbee0
[2026-02-08T20:14:09.227Z] [Worker] Checksum mismatch. Expected: 25214, calculated: 25213
[2026-02-08T20:14:09.255Z] [Worker] Packet size mismatch. Expected: 4097, received: 4096
[2026-02-08T20:14:09.265Z] [Worker] Checksum mismatch. Expected: 25276, calculated: 25275
[2026-02-08T20:14:09.271Z] [Worker] Checksum mismatch. Expected: 25286, calculated: 25285
[2026-02-08T20:14:09.277Z] [Worker] Packet size mismatch. Expected: 4097, received: 4096
[2026-02-08T20:14:09.290Z] [Worker] Packet size mismatch. Expected: 4097, received: 4096
[2026-02-08T20:14:09.294Z] [Worker] Checksum mismatch. Expected: 25323, calculated: 25322
[2026-02-08T20:14:09.303Z] [Worker] Checksum mismatch. Expected: 25337, calculated: 25336
[2026-02-08T20:14:09.315Z] [Worker] Packet size mismatch. Expected: 4097, received: 4096
[2026-02-08T20:14:09.332Z] [Worker] Checksum mismatch. Expected: 25384, calculated: 25383
[2026-02-08T20:14:09.344Z] [Worker] Packet size mismatch. Expected: 4097, received: 4096
[2026-02-08T20:14:09.350Z] [Worker] Packet size mismatch. Expected: 4097, received: 4096
[2026-02-08T20:14:09.370Z] [Worker] Checksum mismatch. Expected: 25188, calculated: 25187
[2026-02-08T20:14:09.379Z] [Worker] Packet size mismatch. Expected: 112, received: 62
[2026-02-08T20:14:09.414Z] [Worker] Checksum mismatch. Expected: 25259, calculated: 25258
[2026-02-08T20:14:09.415Z] [Worker] Packet size mismatch. Expected: 112, received: 62
[2026-02-08T20:14:09.418Z] [Worker] Invalid magic word: 0xdeadbee0
[2026-02-08T20:14:09.433Z] [Worker] Packet size mismatch. Expected: 112, received: 62
[2026-02-08T20:14:09.441Z] [Worker] Checksum mismatch. Expected: 25301, calculated: 25300
[2026-02-08T20:14:09.442Z] [Worker] Packet too small: 6 bytes (min: 12)
[2026-02-08T20:14:09.451Z] [Worker] Invalid magic word: 0xdeadbee0
[2026-02-08T20:14:09.457Z] [Worker] Packet size mismatch. Expected: 112, received: 62
[2026-02-08T20:14:09.464Z] [Worker] Packet size mismatch. Expected: 4097, received: 4096
[2026-02-08T20:14:09.465Z] [Worker] Packet size mismatch. Expected: 4097, received: 4096
[2026-02-08T20:14:09.506Z] [Worker] Packet too small: 6 bytes (min: 12)
[2026-02-08T20:14:09.526Z] [Worker] Checksum mismatch. Expected: 25181, calculated: 25180
[2026-02-08T20:14:09.528Z] [Worker] Packet size mismatch. Expected: 112, received: 62
[2026-02-08T20:14:09.555Z] [Worker] Packet too small: 6 bytes (min: 12)
[2026-02-08T20:14:09.569Z] [Worker] Packet size mismatch. Expected: 112, received: 62
[2026-02-08T20:14:09.572Z] [Worker] Packet too small: 6 bytes (min: 12)
[2026-02-08T20:14:09.579Z] [Worker] Packet size mismatch. Expected: 112, received: 62
[2026-02-08T20:14:09.605Z] [Worker] Packet size mismatch. Expected: 112, received: 62
[2026-02-08T20:14:09.609Z] [Worker] Checksum mismatch. Expected: 25312, calculated: 25311
[2026-02-08T20:14:09.621Z] [Worker] Packet size mismatch. Expected: 4097, received: 4096
[2026-02-08T20:14:09.631Z] [Worker] Packet size mismatch. Expected: 112, received: 62
[2026-02-08T20:14:09.656Z] [Worker] Checksum mismatch. Expected: 25391, calculated: 25390
[2026-02-08T20:14:09.670Z] [Worker] Checksum mismatch. Expected: 25158, calculated: 25157
[2026-02-08T20:14:09.672Z] [Worker] Checksum mismatch. Expected: 25162, calculated: 25161
[2026-02-08T20:14:09.676Z] [Worker] Invalid magic word: 0xdeadbee0
[2026-02-08T20:14:09.701Z] [Worker] Invalid magic word: 0xdeadbee0
[2026-02-08T20:14:09.717Z] [Worker] Checksum mismatch. Expected: 25233, calculated: 25232
[2026-02-08T20:14:09.732Z] [Worker] Packet size mismatch. Expected: 4097, received: 4096
[2026-02-08T20:14:09.779Z] [Worker] Packet too small: 6 bytes (min: 12)
[2026-02-08T20:14:09.782Z] [Worker] Invalid magic word: 0xdeadbee0
[2026-02-08T20:14:09.792Z] [Worker] Invalid magic word: 0xdeadbee0
[2026-02-08T20:14:09.794Z] [Worker] Checksum mismatch. Expected: 25357, calculated: 25356
[2026-02-08T20:14:09.831Z] [Worker] Packet size mismatch. Expected: 4097, received: 4096
[2026-02-08T20:14:09.833Z] [Worker] Packet size mismatch. Expected: 112, received: 62
[2026-02-08T20:14:09.837Z] [Worker] Packet size mismatch. Expected: 112, received: 62
[2026-02-08T20:14:09.840Z] [Worker] Packet too small: 6 bytes (min: 12)
[2026-02-08T20:14:09.846Z] [Worker] Packet size mismatch. Expected: 112, received: 62
[2026-02-08T20:14:09.848Z] [Worker] Checksum mismatch. Expected: 25188, calculated: 25187
[2026-02-08T20:14:09.855Z] [Worker] Packet size mismatch. Expected: 112, received: 62
[2026-02-08T20:14:09.861Z] [Worker] Packet size mismatch. Expected: 4097, received: 4096
[2026-02-08T20:14:09.863Z] [Worker] Invalid magic word: 0xdeadbee0
[2026-02-08T20:14:09.864Z] [Worker] Packet too small: 6 bytes (min: 12)
[2026-02-08T20:14:09.867Z] [Worker] Packet too small: 6 bytes (min: 12)
[2026-02-08T20:14:09.869Z] [Worker] Checksum mismatch. Expected: 25222, calculated: 25221
[2026-02-08T20:14:09.897Z] [Worker] Invalid magic word: 0xdeadbee0
[2026-02-08T20:14:09.899Z] [Worker] Packet size mismatch. Expected: 112, received: 62
[2026-02-08T20:14:09.916Z] [Worker] Packet size mismatch. Expected: 112, received: 62
[2026-02-08T20:14:09.936Z] [Worker] Checksum mismatch. Expected: 25329, calculated: 25328
[2026-02-08T20:14:09.945Z] [Worker] Packet size mismatch. Expected: 4097, received: 4096
[2026-02-08T20:14:09.946Z] [Worker] Invalid magic word: 0xdeadbee0
[2026-02-08T20:14:09.950Z] [Worker] Packet too small: 6 bytes (min: 12)
[2026-02-08T20:14:09.953Z] [Worker] Packet size mismatch. Expected: 4097, received: 4096
[2026-02-08T20:14:09.958Z] [Worker] Checksum mismatch. Expected: 25363, calculated: 25362
[2026-02-08T20:14:10.021Z] [Worker] Packet size mismatch. Expected: 112, received: 62
[2026-02-08T20:14:10.035Z] [Worker] Packet too small: 6 bytes (min: 12)
[2026-02-08T20:14:10.047Z] [Worker] Checksum mismatch. Expected: 25251, calculated: 25250
[2026-02-08T20:14:10.077Z] [Worker] Packet too small: 6 bytes (min: 12)
[2026-02-08T20:14:10.086Z] [Worker] Packet too small: 6 bytes (min: 12)
[2026-02-08T20:14:10.098Z] [Worker] Packet size mismatch. Expected: 4097, received: 4096
[2026-02-08T20:14:10.105Z] [Worker] Packet size mismatch. Expected: 112, received: 62
[2026-02-08T20:14:10.110Z] [Worker] Invalid magic word: 0xdeadbee0
[2026-02-08T20:14:10.129Z] [Worker] Packet too small: 6 bytes (min: 12)
[2026-02-08T20:14:10.135Z] [Worker] Packet size mismatch. Expected: 112, received: 62
[2026-02-08T20:14:10.140Z] [Worker] Checksum mismatch. Expected: 25402, calculated: 25401
[2026-02-08T20:14:10.154Z] [Worker] Packet size mismatch. Expected: 4097, received: 4096
[2026-02-08T20:14:10.166Z] [Worker] Packet size mismatch. Expected: 112, received: 62
[2026-02-08T20:14:10.172Z] [2026-02-08T20:14:10.172Z] [Worker] Packet size mismatch. Expected: 112, received: 62
[Worker] Invalid magic word: 0xdeadbee0
[2026-02-08T20:14:10.176Z] [Worker] Packet size mismatch. Expected: 112, received: 62
[2026-02-08T20:14:10.204Z] [Worker] Packet too small: 6 bytes (min: 12)
[2026-02-08T20:14:10.234Z] [Worker] Packet size mismatch. Expected: 4097, received: 4096
[2026-02-08T20:14:10.251Z] [Worker] Packet size mismatch. Expected: 4097, received: 4096
[2026-02-08T20:14:10.296Z] [Worker] Packet size mismatch. Expected: 4097, received: 4096
[2026-02-08T20:14:10.313Z] [Worker] Packet too small: 6 bytes (min: 12)
[2026-02-08T20:14:10.319Z] [Worker] Packet size mismatch. Expected: 112, received: 62
[2026-02-08T20:14:10.332Z] [Worker] Invalid magic word: 0xdeadbee0
[2026-02-08T20:14:10.333Z] [Worker] Packet size mismatch. Expected: 4097, received: 4096
[2026-02-08T20:14:10.377Z] [Worker] Invalid magic word: 0xdeadbee0
[2026-02-08T20:14:10.378Z] [Worker] Invalid magic word: 0xdeadbee0
[2026-02-08T20:14:10.411Z] [Worker] Packet too small: 6 bytes (min: 12)
[2026-02-08T20:14:10.412Z] [Worker] Packet size mismatch. Expected: 112, received: 62
[2026-02-08T20:14:10.476Z] [Worker] Checksum mismatch. Expected: 25169, calculated: 25168
[2026-02-08T20:14:10.498Z] [Worker] Packet size mismatch. Expected: 4097, received: 4096
[2026-02-08T20:14:10.524Z] [Worker] Invalid magic word: 0xdeadbee0
[2026-02-08T20:14:10.532Z] [Worker] Packet size mismatch. Expected: 4097, received: 4096
[2026-02-08T20:14:10.560Z] [Worker] Packet size mismatch. Expected: 4097, received: 4096
[2026-02-08T20:14:10.562Z] [Worker] Checksum mismatch. Expected: 25310, calculated: 25309
[2026-02-08T20:14:10.585Z] [Worker] Checksum mismatch. Expected: 25346, calculated: 25345
[2026-02-08T20:14:10.609Z] [Worker] Packet size mismatch. Expected: 4097, received: 4096
[2026-02-08T20:14:10.612Z] [Worker] Packet size mismatch. Expected: 4097, received: 4096
[2026-02-08T20:14:10.613Z] [Worker] Checksum mismatch. Expected: 25391, calculated: 25390
[2026-02-08T20:14:10.631Z] [Worker] Packet size mismatch. Expected: 112, received: 62
[2026-02-08T20:14:10.632Z] [Worker] Checksum mismatch. Expected: 25166, calculated: 25165
[2026-02-08T20:14:10.642Z] [Worker] Packet too small: 6 bytes (min: 12)
[2026-02-08T20:14:10.643Z] [Worker] Packet too small: 6 bytes (min: 12)
[2026-02-08T20:14:10.669Z] [Worker] Checksum mismatch. Expected: 25225, calculated: 25224
[2026-02-08T20:14:10.670Z] [Worker] Invalid magic word: 0xdeadbee0
[2026-02-08T20:14:10.685Z] [Worker] Invalid magic word: 0xdeadbee0
[2026-02-08T20:14:10.697Z] [Worker] Invalid magic word: 0xdeadbee0
[2026-02-08T20:14:10.704Z] [Worker] Checksum mismatch. Expected: 25284, calculated: 25283
[2026-02-08T20:14:10.713Z] [Worker] Packet too small: 6 bytes (min: 12)
[2026-02-08T20:14:10.728Z] [Worker] Packet size mismatch. Expected: 4097, received: 4096
[2026-02-08T20:14:10.729Z] [Worker] Checksum mismatch. Expected: 25323, calculated: 25322
[2026-02-08T20:14:10.735Z] [Worker] Packet size mismatch. Expected: 4097, received: 4096
[2026-02-08T20:14:10.741Z] [Worker] Packet size mismatch. Expected: 4097, received: 4096
[2026-02-08T20:14:10.745Z] [Worker] Packet too small: 6 bytes (min: 12)
[2026-02-08T20:14:10.775Z] [Worker] Invalid magic word: 0xdeadbee0
[2026-02-08T20:14:10.780Z] [Worker] Packet size mismatch. Expected: 112, received: 62
[2026-02-08T20:14:10.789Z] [Worker] Checksum mismatch. Expected: 25164, calculated: 25163
[2026-02-08T20:14:10.799Z] [Worker] Packet size mismatch. Expected: 112, received: 62
[2026-02-08T20:14:10.811Z] [Worker] Checksum mismatch. Expected: 25201, calculated: 25200
[2026-02-08T20:14:10.877Z] [Worker] Packet size mismatch. Expected: 112, received: 62
[2026-02-08T20:14:10.897Z] [Worker] Packet too small: 6 bytes (min: 12)
[2026-02-08T20:14:10.918Z] [Worker] Packet size mismatch. Expected: 112, received: 62
[2026-02-08T20:14:10.933Z] [Worker] Packet too small: 6 bytes (min: 12)
[2026-02-08T20:14:10.951Z] [Worker] Packet size mismatch. Expected: 4097, received: 4096
[2026-02-08T20:14:10.961Z] [Worker] Packet size mismatch. Expected: 112, received: 62
[2026-02-08T20:14:10.977Z] [Worker] Packet size mismatch. Expected: 4097, received: 4096
[2026-02-08T20:14:10.989Z] [Worker] Checksum mismatch. Expected: 25236, calculated: 25235
[2026-02-08T20:14:10.992Z] [Worker] Packet too small: 6 bytes (min: 12)
[2026-02-08T20:14:11.013Z] [Worker] Packet size mismatch. Expected: 112, received: 62
[2026-02-08T20:14:11.033Z] [Worker] Packet size mismatch. Expected: 4097, received: 4096
[2026-02-08T20:14:11.053Z] [Worker] Checksum mismatch. Expected: 25342, calculated: 25341
[2026-02-08T20:14:11.057Z] [Worker] Packet size mismatch. Expected: 112, received: 62
[2026-02-08T20:14:11.066Z] [Worker] Invalid magic word: 0xdeadbee0
[2026-02-08T20:14:11.068Z] [Worker] Invalid magic word: 0xdeadbee0
[2026-02-08T20:14:11.072Z] [Worker] Invalid magic word: 0xdeadbee0
[2026-02-08T20:14:11.076Z] [Worker] Checksum mismatch. Expected: 25377, calculated: 25376
[2026-02-08T20:14:11.090Z] [Worker] Packet size mismatch. Expected: 112, received: 62
[2026-02-08T20:14:11.110Z] [Worker] Packet too small: 6 bytes (min: 12)
[2026-02-08T20:14:11.116Z] [Worker] Packet too small: 6 bytes (min: 12)
[2026-02-08T20:14:11.128Z] [Worker] Invalid magic word: 0xdeadbee0
[2026-02-08T20:14:11.129Z] [Worker] Packet size mismatch. Expected: 4097, received: 4096
[2026-02-08T20:14:11.130Z] [Worker] Packet size mismatch. Expected: 112, received: 62
[2026-02-08T20:14:11.137Z] [Worker] Packet too small: 6 bytes (min: 12)
[2026-02-08T20:14:11.153Z] [Worker] Checksum mismatch. Expected: 25240, calculated: 25239
[2026-02-08T20:14:11.177Z] [2026-02-08T20:14:11.177Z] [Worker] Packet size mismatch. Expected: 4097, received: 4096
[Worker] Invalid magic word: 0xdeadbee0
[2026-02-08T20:14:11.179Z] [Worker] Packet size mismatch. Expected: 4097, received: 4096
[2026-02-08T20:14:11.185Z] [Worker] Packet size mismatch. Expected: 112, received: 62
[2026-02-08T20:14:11.191Z] [Worker] Packet too small: 6 bytes (min: 12)
[2026-02-08T20:14:11.206Z] [Worker] Packet size mismatch. Expected: 4097, received: 4096
[2026-02-08T20:14:11.213Z] [Worker] Packet size mismatch. Expected: 4097, received: 4096
[2026-02-08T20:14:11.222Z] [Worker] Checksum mismatch. Expected: 25349, calculated: 25348
[2026-02-08T20:14:11.233Z] [Worker] Invalid magic word: 0xdeadbee0
[2026-02-08T20:14:11.237Z] [Worker] Checksum mismatch. Expected: 25373, calculated: 25372
[2026-02-08T20:14:11.239Z] [Worker] Checksum mismatch. Expected: 25376, calculated: 25375
[2026-02-08T20:14:11.281Z] [Worker] Packet size mismatch. Expected: 112, received: 62
[2026-02-08T20:14:11.297Z] [Worker] Packet size mismatch. Expected: 112, received: 62
[2026-02-08T20:14:11.302Z] [Worker] Checksum mismatch. Expected: 25222, calculated: 25221
[2026-02-08T20:14:11.307Z] [Worker] Invalid magic word: 0xdeadbee0
[2026-02-08T20:14:11.341Z] [Worker] Checksum mismatch. Expected: 25285, calculated: 25284
[2026-02-08T20:14:11.348Z] [Worker] Packet too small: 6 bytes (min: 12)
[2026-02-08T20:14:11.358Z] [Worker] Packet too small: 6 bytes (min: 12)
[2026-02-08T20:14:11.407Z] [Worker] Packet too small: 6 bytes (min: 12)
[2026-02-08T20:14:11.408Z] [Worker] Packet size mismatch. Expected: 112, received: 62
[2026-02-08T20:14:11.428Z] [Worker] Invalid magic word: 0xdeadbee0
[2026-02-08T20:14:11.465Z] [Worker] Checksum mismatch. Expected: 25226, calculated: 25225
[2026-02-08T20:14:11.468Z] [Worker] Packet size mismatch. Expected: 4097, received: 4096
[2026-02-08T20:14:11.477Z] [Worker] Packet too small: 6 bytes (min: 12)
[2026-02-08T20:14:11.490Z] [Worker] Packet size mismatch. Expected: 4097, received: 4096
[2026-02-08T20:14:11.521Z] [Worker] Checksum mismatch. Expected: 25315, calculated: 25314
[2026-02-08T20:14:11.525Z] [Worker] Invalid magic word: 0xdeadbee0
[2026-02-08T20:14:11.553Z] [Worker] Packet size mismatch. Expected: 112, received: 62
[2026-02-08T20:14:11.554Z] [Worker] Packet size mismatch. Expected: 112, received: 62
[2026-02-08T20:14:11.555Z] [Worker] Packet too small: 6 bytes (min: 12)
[2026-02-08T20:14:11.559Z] [Worker] Packet size mismatch. Expected: 112, received: 62
[2026-02-08T20:14:11.576Z] [Worker] Packet size mismatch. Expected: 112, received: 62
[2026-02-08T20:14:11.604Z] [Worker] Packet too small: 6 bytes (min: 12)
[2026-02-08T20:14:11.612Z] [Worker] Invalid magic word: 0xdeadbee0
[2026-02-08T20:14:11.617Z] [Worker] Packet too small: 6 bytes (min: 12)
[2026-02-08T20:14:11.649Z] [Worker] Invalid magic word: 0xdeadbee0
[2026-02-08T20:14:11.657Z] [Worker] Invalid magic word: 0xdeadbee0
[2026-02-08T20:14:11.674Z] [Worker] Invalid magic word: 0xdeadbee0
[2026-02-08T20:14:11.681Z] [Worker] Packet size mismatch. Expected: 112, received: 62
[2026-02-08T20:14:11.682Z] [Worker] Packet size mismatch. Expected: 4097, received: 4096
[2026-02-08T20:14:11.687Z] [Worker] Checksum mismatch. Expected: 25324, calculated: 25323
[2026-02-08T20:14:11.687Z] [Worker] Packet too small: 6 bytes (min: 12)
[2026-02-08T20:14:11.689Z] [Worker] Packet size mismatch. Expected: 4097, received: 4096
[2026-02-08T20:14:11.695Z] [Worker] Packet size mismatch. Expected: 4097, received: 4096
[2026-02-08T20:14:11.711Z] [Worker] Invalid magic word: 0xdeadbee0
[2026-02-08T20:14:11.716Z] [Worker] Packet size mismatch. Expected: 4097, received: 4096
[2026-02-08T20:14:11.751Z] [Worker] Invalid magic word: 0xdeadbee0
[2026-02-08T20:14:11.784Z] [Worker] Invalid magic word: 0xdeadbee0
[2026-02-08T20:14:11.785Z] [Worker] Packet size mismatch. Expected: 112, received: 62
[2026-02-08T20:14:11.804Z] [Worker] Packet size mismatch. Expected: 112, received: 62
[2026-02-08T20:14:11.806Z] [Worker] Checksum mismatch. Expected: 25258, calculated: 25257
[2026-02-08T20:14:11.832Z] [Worker] Packet size mismatch. Expected: 4097, received: 4096
[2026-02-08T20:14:11.832Z] [Worker] Invalid magic word: 0xdeadbee0
[2026-02-08T20:14:11.847Z] [Worker] Checksum mismatch. Expected: 25325, calculated: 25324
[2026-02-08T20:14:11.864Z] [Worker] Checksum mismatch. Expected: 25351, calculated: 25350
[2026-02-08T20:14:11.875Z] [Worker] Invalid magic word: 0xdeadbee0
[2026-02-08T20:14:11.877Z] [Worker] Invalid magic word: 0xdeadbee0
[2026-02-08T20:14:11.897Z] [Worker] Checksum mismatch. Expected: 25400, calculated: 25399
[2026-02-08T20:14:11.899Z] [Worker] Invalid magic word: 0xdeadbee0
[2026-02-08T20:14:11.915Z] [Worker] Invalid magic word: 0xdeadbee0
[2026-02-08T20:14:11.938Z] [Worker] Invalid magic word: 0xdeadbee0
[2026-02-08T20:14:11.951Z] [Worker] Invalid magic word: 0xdeadbee0
[2026-02-08T20:14:11.952Z] [Worker] Packet too small: 6 bytes (min: 12)
[2026-02-08T20:14:11.976Z] [Worker] Packet too small: 6 bytes (min: 12)
[2026-02-08T20:14:11.977Z] [Worker] Checksum mismatch. Expected: 25272, calculated: 25271
[2026-02-08T20:14:11.978Z] [Worker] Packet size mismatch. Expected: 4097, received: 4096
[2026-02-08T20:14:11.990Z] [Worker] Packet size mismatch. Expected: 112, received: 62
[2026-02-08T20:14:11.990Z] [Worker] Packet size mismatch. Expected: 4097, received: 4096
[2026-02-08T20:14:11.992Z] [Worker] Packet too small: 6 bytes (min: 12)
[2026-02-08T20:14:12.002Z] [Worker] Invalid magic word: 0xdeadbee0
[2026-02-08T20:14:12.003Z] [Worker] Invalid magic word: 0xdeadbee0
[2026-02-08T20:14:12.013Z] [Worker] Packet size mismatch. Expected: 112, received: 62
[2026-02-08T20:14:12.014Z] [Worker] Packet too small: 6 bytes (min: 12)
[2026-02-08T20:14:12.025Z] [Worker] Packet too small: 6 bytes (min: 12)
[2026-02-08T20:14:12.037Z] [Worker] Invalid magic word: 0xdeadbee0
[2026-02-08T20:14:12.041Z] [Worker] Packet size mismatch. Expected: 112, received: 62
[2026-02-08T20:14:12.057Z] [Worker] Packet size mismatch. Expected: 112, received: 62
[2026-02-08T20:14:12.092Z] [Worker] Packet too small: 6 bytes (min: 12)
[2026-02-08T20:14:12.096Z] [Worker] Invalid magic word: 0xdeadbee0
[2026-02-08T20:14:12.132Z] [Worker] Invalid magic word: 0xdeadbee0
[2026-02-08T20:14:12.141Z] [Worker] Invalid magic word: 0xdeadbee0
[2026-02-08T20:14:12.147Z] [Worker] Packet size mismatch. Expected: 4097, received: 4096
[2026-02-08T20:14:12.158Z] [Worker] Checksum mismatch. Expected: 25304, calculated: 25303
[2026-02-08T20:14:12.170Z] [Worker] Invalid magic word: 0xdeadbee0
[2026-02-08T20:14:12.187Z] [Worker] Packet size mismatch. Expected: 4097, received: 4096
[2026-02-08T20:14:12.198Z] [Worker] Packet size mismatch. Expected: 112, received: 62
[2026-02-08T20:14:12.212Z] [Worker] Packet size mismatch. Expected: 4097, received: 4096
[2026-02-08T20:14:12.217Z] [Worker] Packet too small: 6 bytes (min: 12)
[2026-02-08T20:14:12.222Z] [Worker] Checksum mismatch. Expected: 25405, calculated: 25404
[2026-02-08T20:14:12.237Z] [Worker] Packet size mismatch. Expected: 112, received: 62
[2026-02-08T20:14:12.256Z] [Worker] Invalid magic word: 0xdeadbee0
[2026-02-08T20:14:12.284Z] [Worker] Invalid magic word: 0xdeadbee0
[2026-02-08T20:14:12.291Z] [Worker] Checksum mismatch. Expected: 25259, calculated: 25258
[2026-02-08T20:14:12.347Z] [Worker] Packet too small: 6 bytes (min: 12)
[2026-02-08T20:14:12.348Z] [Worker] Packet too small: 6 bytes (min: 12)
[2026-02-08T20:14:12.356Z] [Worker] Checksum mismatch. Expected: 25362, calculated: 25361
[2026-02-08T20:14:12.374Z] [Worker] Checksum mismatch. Expected: 25393, calculated: 25392
[2026-02-08T20:14:12.379Z] [Worker] Packet too small: 6 bytes (min: 12)
[2026-02-08T20:14:12.403Z] [Worker] Packet size mismatch. Expected: 112, received: 62
[2026-02-08T20:14:12.412Z] [Worker] Invalid magic word: 0xdeadbee0
[2026-02-08T20:14:12.422Z] [Worker] Packet size mismatch. Expected: 4097, received: 4096
[2026-02-08T20:14:12.424Z] [Worker] Checksum mismatch. Expected: 25216, calculated: 25215
[2026-02-08T20:14:12.436Z] [Worker] Packet size mismatch. Expected: 112, received: 62
[2026-02-08T20:14:12.441Z] [Worker] Checksum mismatch. Expected: 25241, calculated: 25240
[2026-02-08T20:14:12.449Z] [Worker] Packet size mismatch. Expected: 4097, received: 4096
[2026-02-08T20:14:12.451Z] [Worker] Packet size mismatch. Expected: 112, received: 62
[2026-02-08T20:14:12.469Z] [Worker] Packet too small: 6 bytes (min: 12)
[2026-02-08T20:14:12.479Z] [Worker] Packet size mismatch. Expected: 112, received: 62
[2026-02-08T20:14:12.495Z] [Worker] Checksum mismatch. Expected: 25326, calculated: 25325
[2026-02-08T20:14:12.504Z] [Worker] Packet too small: 6 bytes (min: 12)
[2026-02-08T20:14:12.509Z] [Worker] Packet too small: 6 bytes (min: 12)
[2026-02-08T20:14:12.513Z] [Worker] Checksum mismatch. Expected: 25355, calculated: 25354
[2026-02-08T20:14:12.532Z] [Worker] Packet size mismatch. Expected: 4097, received: 4096
[2026-02-08T20:14:12.545Z] [Worker] Packet size mismatch. Expected: 4097, received: 4096
[2026-02-08T20:14:12.548Z] [Worker] Checksum mismatch. Expected: 25411, calculated: 25410
[2026-02-08T20:14:12.548Z] [Worker] Packet size mismatch. Expected: 4097, received: 4096
[2026-02-08T20:14:12.570Z] [Worker] Packet size mismatch. Expected: 112, received: 62
[2026-02-08T20:14:12.572Z] [Worker] Packet size mismatch. Expected: 112, received: 62
[2026-02-08T20:14:12.582Z] [Worker] Invalid magic word: 0xdeadbee0
[2026-02-08T20:14:12.604Z] [Worker] Invalid magic word: 0xdeadbee0
[2026-02-08T20:14:12.613Z] [Worker] Packet too small: 6 bytes (min: 12)
[2026-02-08T20:14:12.621Z] [Worker] Packet size mismatch. Expected: 4097, received: 4096
[2026-02-08T20:14:12.623Z] [Worker] Packet size mismatch. Expected: 4097, received: 4096
[2026-02-08T20:14:12.657Z] [Worker] Packet too small: 6 bytes (min: 12)
[2026-02-08T20:14:12.659Z] [Worker] Packet size mismatch. Expected: 112, received: 62
[2026-02-08T20:14:12.660Z] [Worker] Packet size mismatch. Expected: 112, received: 62
[2026-02-08T20:14:12.666Z] [Worker] Packet size mismatch. Expected: 4097, received: 4096
[2026-02-08T20:14:12.669Z] [Worker] Packet size mismatch. Expected: 112, received: 62
[2026-02-08T20:14:12.695Z] [Worker] Invalid magic word: 0xdeadbee0
[2026-02-08T20:14:12.701Z] [Worker] Packet too small: 6 bytes (min: 12)
[2026-02-08T20:14:12.703Z] [Worker] Invalid magic word: 0xdeadbee0
[2026-02-08T20:14:12.710Z] [Worker] Invalid magic word: 0xdeadbee0
[2026-02-08T20:14:12.721Z] [Worker] Invalid magic word: 0xdeadbee0
[2026-02-08T20:14:12.726Z] [Worker] Invalid magic word: 0xdeadbee0
[2026-02-08T20:14:12.732Z] [Worker] Packet too small: 6 bytes (min: 12)
[2026-02-08T20:14:12.743Z] [Worker] Invalid magic word: 0xdeadbee0
[2026-02-08T20:14:12.751Z] [Worker] Packet size mismatch. Expected: 112, received: 62
[2026-02-08T20:14:12.757Z] [Worker] Invalid magic word: 0xdeadbee0
[2026-02-08T20:14:12.766Z] [Worker] Packet size mismatch. Expected: 4097, received: 4096
[2026-02-08T20:14:12.777Z] [Worker] Packet size mismatch. Expected: 112, received: 62
[2026-02-08T20:14:12.777Z] [Worker] Packet too small: 6 bytes (min: 12)
[2026-02-08T20:14:12.781Z] [Worker] Packet size mismatch. Expected: 112, received: 62
[2026-02-08T20:14:12.793Z] [Worker] Packet size mismatch. Expected: 4097, received: 4096
[2026-02-08T20:14:12.808Z] [Worker] Packet size mismatch. Expected: 112, received: 62
[2026-02-08T20:14:12.810Z] [Worker] Invalid magic word: 0xdeadbee0
[2026-02-08T20:14:12.811Z] [Worker] Checksum mismatch. Expected: 25322, calculated: 25321
[2026-02-08T20:14:12.820Z] [Worker] Packet size mismatch. Expected: 112, received: 62
[2026-02-08T20:14:12.824Z] [Worker] Invalid magic word: 0xdeadbee0
[2026-02-08T20:14:12.826Z] [Worker] Invalid magic word: 0xdeadbee0
[2026-02-08T20:14:12.850Z] [Worker] Packet size mismatch. Expected: 4097, received: 4096
[2026-02-08T20:14:12.850Z] [Worker] Packet too small: 6 bytes (min: 12)
[2026-02-08T20:14:12.851Z] [Worker] Packet too small: 6 bytes (min: 12)
[2026-02-08T20:14:12.867Z] [Worker] Checksum mismatch. Expected: 25412, calculated: 25411
[2026-02-08T20:14:12.871Z] [Worker] Packet size mismatch. Expected: 112, received: 62
[2026-02-08T20:14:12.880Z] [Worker] Packet size mismatch. Expected: 4097, received: 4096
[2026-02-08T20:14:12.889Z] [Worker] Packet too small: 6 bytes (min: 12)
[2026-02-08T20:14:12.904Z] [Worker] Packet size mismatch. Expected: 4097, received: 4096
[2026-02-08T20:14:12.905Z] [Worker] Packet size mismatch. Expected: 4097, received: 4096
[2026-02-08T20:14:12.919Z] [Worker] Invalid magic word: 0xdeadbee0
[2026-02-08T20:14:12.920Z] [Worker] Invalid magic word: 0xdeadbee0
[2026-02-08T20:14:12.928Z] [Worker] Invalid magic word: 0xdeadbee0
[2026-02-08T20:14:12.936Z] [Worker] Packet size mismatch. Expected: 4097, received: 4096
[2026-02-08T20:14:12.960Z] [Worker] Packet too small: 6 bytes (min: 12)
[2026-02-08T20:14:12.966Z] [Worker] Checksum mismatch. Expected: 25318, calculated: 25317
[2026-02-08T20:14:12.992Z] [Worker] Packet size mismatch. Expected: 112, received: 62
[2026-02-08T20:14:13.002Z] [Worker] Invalid magic word: 0xdeadbee0
[2026-02-08T20:14:13.003Z] [Worker] Packet size mismatch. Expected: 112, received: 62
[2026-02-08T20:14:13.025Z] [Worker] Invalid magic word: 0xdeadbee0
[2026-02-08T20:14:13.036Z] [Worker] Checksum mismatch. Expected: 25175, calculated: 25174
[2026-02-08T20:14:13.087Z] [Worker] Packet size mismatch. Expected: 4097, received: 4096
[2026-02-08T20:14:13.089Z] [Worker] Checksum mismatch. Expected: 25258, calculated: 25257
[2026-02-08T20:14:13.101Z] [Worker] Invalid magic word: 0xdeadbee0
[2026-02-08T20:14:13.104Z] [Worker] Checksum mismatch. Expected: 25282, calculated: 25281
[2026-02-08T20:14:13.111Z] [Worker] Packet size mismatch. Expected: 112, received: 62
[2026-02-08T20:14:13.117Z] [Worker] Packet size mismatch. Expected: 4097, received: 4096
[2026-02-08T20:14:13.120Z] [Worker] Checksum mismatch. Expected: 25308, calculated: 25307
[2026-02-08T20:14:13.125Z] [Worker] Packet size mismatch. Expected: 112, received: 62[2026-02-08T20:14:13.125Z] [Worker] Invalid magic word: 0xdeadbee0

[2026-02-08T20:14:13.128Z] [Worker] Invalid magic word: 0xdeadbee0
[2026-02-08T20:14:13.136Z] [Worker] Packet size mismatch. Expected: 4097, received: 4096
[2026-02-08T20:14:13.139Z] [Worker] Invalid magic word: 0xdeadbee0
[2026-02-08T20:14:13.157Z] [Worker] Packet size mismatch. Expected: 4097, received: 4096
[2026-02-08T20:14:13.182Z] [Worker] Packet size mismatch. Expected: 112, received: 62
[2026-02-08T20:14:13.208Z] [Worker] Checksum mismatch. Expected: 25193, calculated: 25192
[2026-02-08T20:14:13.214Z] [Worker] Packet size mismatch. Expected: 4097, received: 4096
[2026-02-08T20:14:13.215Z] [Worker] Packet too small: 6 bytes (min: 12)
[2026-02-08T20:14:13.228Z] [Worker] Invalid magic word: 0xdeadbee0
[2026-02-08T20:14:13.233Z] [Worker] Packet too small: 6 bytes (min: 12)
[2026-02-08T20:14:13.234Z] [Worker] Invalid magic word: 0xdeadbee0
[2026-02-08T20:14:13.237Z] [Worker] Packet size mismatch. Expected: 4097, received: 4096
[2026-02-08T20:14:13.237Z] [Worker] Packet size mismatch. Expected: 112, received: 62
[2026-02-08T20:14:13.238Z] [Worker] Packet size mismatch. Expected: 112, received: 62
[2026-02-08T20:14:13.243Z] [Worker] Checksum mismatch. Expected: 25248, calculated: 25247
[2026-02-08T20:14:13.266Z] [Worker] Packet size mismatch. Expected: 4097, received: 4096
[2026-02-08T20:14:13.273Z] [Worker] Invalid magic word: 0xdeadbee0
[2026-02-08T20:14:13.290Z] [Worker] Packet size mismatch. Expected: 112, received: 62
[2026-02-08T20:14:13.301Z] [Worker] Checksum mismatch. Expected: 25339, calculated: 25338
[2026-02-08T20:14:13.310Z] [Worker] Checksum mismatch. Expected: 25354, calculated: 25353
[2026-02-08T20:14:13.312Z] [Worker] Packet too small: 6 bytes (min: 12)
[2026-02-08T20:14:13.322Z] [Worker] Packet size mismatch. Expected: 4097, received: 4096
[2026-02-08T20:14:13.335Z] [Worker] Packet too small: 6 bytes (min: 12)
[2026-02-08T20:14:13.343Z] [Worker] Packet size mismatch. Expected: 112, received: 62
[2026-02-08T20:14:13.362Z] [Worker] Checksum mismatch. Expected: 25180, calculated: 25179
[2026-02-08T20:14:13.363Z] [Worker] Packet size mismatch. Expected: 4097, received: 4096
[2026-02-08T20:14:13.364Z] [Worker] Packet size mismatch. Expected: 112, received: 62
[2026-02-08T20:14:13.390Z] [Worker] Checksum mismatch. Expected: 25225, calculated: 25224
[2026-02-08T20:14:13.402Z] [Worker] Invalid magic word: 0xdeadbee0
[2026-02-08T20:14:13.414Z] [Worker] Packet size mismatch. Expected: 4097, received: 4096
[2026-02-08T20:14:13.414Z] [Worker] Packet size mismatch. Expected: 112, received: 62
[2026-02-08T20:14:13.428Z] [Worker] Packet size mismatch. Expected: 112, received: 62
[2026-02-08T20:14:13.434Z] [Worker] Invalid magic word: 0xdeadbee0
[2026-02-08T20:14:13.440Z] [Worker] Checksum mismatch. Expected: 25305, calculated: 25304
[2026-02-08T20:14:13.449Z] [Worker] Packet size mismatch. Expected: 4097, received: 4096
[2026-02-08T20:14:13.456Z] [Worker] Invalid magic word: 0xdeadbee0
[2026-02-08T20:14:13.490Z] [Worker] Packet size mismatch. Expected: 112, received: 62
[2026-02-08T20:14:13.495Z] [Worker] Packet too small: 6 bytes (min: 12)
[2026-02-08T20:14:13.497Z] [Worker] Packet size mismatch. Expected: 112, received: 62
[2026-02-08T20:14:13.510Z] [Worker] Packet size mismatch. Expected: 112, received: 62
[2026-02-08T20:14:13.513Z] [Worker] Packet too small: 6 bytes (min: 12)
[2026-02-08T20:14:13.514Z] [Worker] Packet too small: 6 bytes (min: 12)
[2026-02-08T20:14:13.524Z] [Worker] Packet size mismatch. Expected: 112, received: 62
[2026-02-08T20:14:13.530Z] [Worker] Checksum mismatch. Expected: 25196, calculated: 25195
[2026-02-08T20:14:13.540Z] [Worker] Invalid magic word: 0xdeadbee0
[2026-02-08T20:14:13.562Z] [Worker] Packet too small: 6 bytes (min: 12)
[2026-02-08T20:14:13.581Z] [Worker] Packet size mismatch. Expected: 112, received: 62
[2026-02-08T20:14:13.591Z] [Worker] Packet size mismatch. Expected: 4097, received: 4096
[2026-02-08T20:14:13.618Z] [Worker] Invalid magic word: 0xdeadbee0
[2026-02-08T20:14:13.619Z] [Worker] Packet size mismatch. Expected: 4097, received: 4096
[2026-02-08T20:14:13.660Z] [Worker] Packet size mismatch. Expected: 4097, received: 4096
[2026-02-08T20:14:13.670Z] [Worker] Packet too small: 6 bytes (min: 12)
[2026-02-08T20:14:13.686Z] [Worker] Packet size mismatch. Expected: 112, received: 62
[2026-02-08T20:14:13.693Z] [Worker] Packet too small: 6 bytes (min: 12)
[2026-02-08T20:14:13.703Z] [Worker] Checksum mismatch. Expected: 25220, calculated: 25219
[2026-02-08T20:14:13.711Z] [Worker] Packet size mismatch. Expected: 112, received: 62
[2026-02-08T20:14:13.738Z] [Worker] Invalid magic word: 0xdeadbee0
[2026-02-08T20:14:13.762Z] [Worker] Packet too small: 6 bytes (min: 12)
[2026-02-08T20:14:13.772Z] [Worker] Packet size mismatch. Expected: 112, received: 62
[2026-02-08T20:14:13.774Z] [Worker] Packet size mismatch. Expected: 112, received: 62
[2026-02-08T20:14:13.775Z] [Worker] Packet size mismatch. Expected: 4097, received: 4096
[2026-02-08T20:14:13.801Z] [Worker] Packet size mismatch. Expected: 4097, received: 4096
[2026-02-08T20:14:13.816Z] [Worker] Packet size mismatch. Expected: 112, received: 62
[2026-02-08T20:14:13.825Z] [Worker] Packet size mismatch. Expected: 4097, received: 4096
[2026-02-08T20:14:13.826Z] [Worker] Packet size mismatch. Expected: 4097, received: 4096
[2026-02-08T20:14:13.832Z] [Worker] Invalid magic word: 0xdeadbee0
[2026-02-08T20:14:13.875Z] [Worker] Packet size mismatch. Expected: 112, received: 62
[2026-02-08T20:14:13.904Z] [Worker] Packet size mismatch. Expected: 4097, received: 4096
[2026-02-08T20:14:13.911Z] [Worker] Packet size mismatch. Expected: 4097, received: 4096
[2026-02-08T20:14:13.915Z] [Worker] Invalid magic word: 0xdeadbee0
[2026-02-08T20:14:13.933Z] [Worker] Packet size mismatch. Expected: 112, received: 62
[2026-02-08T20:14:13.945Z] [Worker] Packet size mismatch. Expected: 4097, received: 4096
[2026-02-08T20:14:13.953Z] [Worker] Packet size mismatch. Expected: 112, received: 62
[2026-02-08T20:14:13.954Z] [Worker] Packet size mismatch. Expected: 112, received: 62
[2026-02-08T20:14:13.957Z] [Worker] Checksum mismatch. Expected: 25374, calculated: 25373
[2026-02-08T20:14:13.966Z] [Worker] Checksum mismatch. Expected: 25391, calculated: 25390
[2026-02-08T20:14:13.980Z] [Worker] Checksum mismatch. Expected: 25413, calculated: 25412
[2026-02-08T20:14:14.052Z] [Worker] Checksum mismatch. Expected: 25272, calculated: 25271
[2026-02-08T20:14:14.058Z] [Worker] Packet size mismatch. Expected: 112, received: 62
[2026-02-08T20:14:14.081Z] [Worker] Packet size mismatch. Expected: 4097, received: 4096
[2026-02-08T20:14:14.089Z] [Worker] Packet size mismatch. Expected: 112, received: 62
[2026-02-08T20:14:14.106Z] [Worker] Invalid magic word: 0xdeadbee0
[2026-02-08T20:14:14.110Z] [Worker] Packet size mismatch. Expected: 112, received: 62
[2026-02-08T20:14:14.124Z] [Worker] Packet size mismatch. Expected: 112, received: 62
[2026-02-08T20:14:14.135Z] [Worker] Packet size mismatch. Expected: 112, received: 62
[2026-02-08T20:14:14.145Z] [Worker] Packet size mismatch. Expected: 4097, received: 4096
[2026-02-08T20:14:14.158Z] [Worker] Packet size mismatch. Expected: 112, received: 62
[2026-02-08T20:14:14.168Z] [Worker] Packet too small: 6 bytes (min: 12)
[2026-02-08T20:14:14.181Z] [Worker] Checksum mismatch. Expected: 25226, calculated: 25225
[2026-02-08T20:14:14.191Z] [Worker] Packet too small: 6 bytes (min: 12)
[2026-02-08T20:14:14.220Z] [Worker] Packet too small: 6 bytes (min: 12)
[2026-02-08T20:14:14.236Z] [Worker] Packet size mismatch. Expected: 112, received: 62
[2026-02-08T20:14:14.239Z] [Worker] Packet size mismatch. Expected: 4097, received: 4096
[2026-02-08T20:14:14.245Z] [Worker] Packet size mismatch. Expected: 112, received: 62
[2026-02-08T20:14:14.257Z] [Worker] Packet size mismatch. Expected: 112, received: 62
[2026-02-08T20:14:14.258Z] [Worker] Packet size mismatch. Expected: 4097, received: 4096
[2026-02-08T20:14:14.268Z] [Worker] Packet too small: 6 bytes (min: 12)
[2026-02-08T20:14:14.287Z] [Worker] Packet too small: 6 bytes (min: 12)
[2026-02-08T20:14:14.294Z] [Worker] Checksum mismatch. Expected: 25408, calculated: 25407
[2026-02-08T20:14:14.300Z] [Worker] Invalid magic word: 0xdeadbee0
[2026-02-08T20:14:14.313Z] [Worker] Packet size mismatch. Expected: 4097, received: 4096
[2026-02-08T20:14:14.324Z] [Worker] Packet size mismatch. Expected: 4097, received: 4096
[2026-02-08T20:14:14.325Z] [Worker] Checksum mismatch. Expected: 25202, calculated: 25201
[2026-02-08T20:14:14.326Z] [Worker] Packet too small: 6 bytes (min: 12)
[2026-02-08T20:14:14.331Z] [Worker] Packet too small: 6 bytes (min: 12)
[2026-02-08T20:14:14.342Z] [Worker] Invalid magic word: 0xdeadbee0
[2026-02-08T20:14:14.352Z] [Worker] Packet size mismatch. Expected: 4097, received: 4096
[2026-02-08T20:14:14.379Z] [Worker] Packet size mismatch. Expected: 4097, received: 4096
[2026-02-08T20:14:14.421Z] [Worker] Packet size mismatch. Expected: 112, received: 62
[2026-02-08T20:14:14.428Z] [Worker] Invalid magic word: 0xdeadbee0
[2026-02-08T20:14:14.443Z] [Worker] Packet size mismatch. Expected: 4097, received: 4096
[2026-02-08T20:14:14.444Z] [Worker] Checksum mismatch. Expected: 25397, calculated: 25396
[2026-02-08T20:14:14.461Z] [Worker] Packet too small: 6 bytes (min: 12)
[2026-02-08T20:14:14.461Z] [Worker] Packet too small: 6 bytes (min: 12)
[2026-02-08T20:14:14.464Z] [Worker] Checksum mismatch. Expected: 25428, calculated: 25427
[2026-02-08T20:14:14.476Z] [Worker] Packet size mismatch. Expected: 4097, received: 4096
[2026-02-08T20:14:14.483Z] [Worker] Packet size mismatch. Expected: 4097, received: 4096
[2026-02-08T20:14:14.487Z] [Worker] Invalid magic word: 0xdeadbee0
[2026-02-08T20:14:14.499Z] [Worker] Checksum mismatch. Expected: 25232, calculated: 25231
[2026-02-08T20:14:14.539Z] [Worker] Invalid magic word: 0xdeadbee0
[2026-02-08T20:14:14.574Z] [Worker] Invalid magic word: 0xdeadbee0
[2026-02-08T20:14:14.580Z] [Worker] Packet size mismatch. Expected: 4097, received: 4096
[2026-02-08T20:14:14.599Z] [Worker] Packet size mismatch. Expected: 4097, received: 4096
[2026-02-08T20:14:14.608Z] [Worker] Packet size mismatch. Expected: 112, received: 62
[2026-02-08T20:14:14.615Z] [Worker] Invalid magic word: 0xdeadbee0
[2026-02-08T20:14:14.652Z] [Worker] Checksum mismatch. Expected: 25223, calculated: 25222
[2026-02-08T20:14:14.662Z] [Worker] Packet size mismatch. Expected: 112, received: 62
[2026-02-08T20:14:14.669Z] [Worker] Invalid magic word: 0xdeadbee0
[2026-02-08T20:14:14.686Z] [Worker] Packet size mismatch. Expected: 112, received: 62
[2026-02-08T20:14:14.696Z] [Worker] Checksum mismatch. Expected: 25297, calculated: 25296
[2026-02-08T20:14:14.709Z] [Worker] Packet size mismatch. Expected: 112, received: 62
[2026-02-08T20:14:14.742Z] [Worker] Packet size mismatch. Expected: 112, received: 62
[2026-02-08T20:14:14.743Z] [Worker] Invalid magic word: 0xdeadbee0
[2026-02-08T20:14:14.760Z] [Worker] Invalid magic word: 0xdeadbee0
[2026-02-08T20:14:14.766Z] [Worker] Invalid magic word: 0xdeadbee0
[2026-02-08T20:14:14.778Z] [Worker] Packet too small: 6 bytes (min: 12)
[2026-02-08T20:14:14.792Z] [Worker] Invalid magic word: 0xdeadbee0
[2026-02-08T20:14:14.796Z] [Worker] Packet size mismatch. Expected: 112, received: 62
[2026-02-08T20:14:14.805Z] [Worker] Packet size mismatch. Expected: 112, received: 62
[2026-02-08T20:14:14.805Z] [Worker] Checksum mismatch. Expected: 25220, calculated: 25219
[2026-02-08T20:14:14.808Z] [Worker] Packet too small: 6 bytes (min: [2026-02-08T20:14:14.808Z] [Worker] Checksum mismatch. Expected: 25224, calculated: 25223
12)
[2026-02-08T20:14:14.809Z] [Worker] Packet size mismatch. Expected: 112, received: 62
[2026-02-08T20:14:14.831Z] [Worker] Packet too small: 6 bytes (min: 12)
[2026-02-08T20:14:14.857Z] [Worker] Checksum mismatch. Expected: 25305, calculated: 25304
[2026-02-08T20:14:14.874Z] [Worker] Packet size mismatch. Expected: 112, received: 62
[2026-02-08T20:14:14.875Z] [Worker] Packet size mismatch. Expected: 112, received: 62
[2026-02-08T20:14:14.878Z] [Worker] Packet size mismatch. Expected: 4097, received: 4096
[2026-02-08T20:14:14.893Z] [Worker] Invalid magic word: 0xdeadbee0
[2026-02-08T20:14:14.905Z] [Worker] Checksum mismatch. Expected: 25384, calculated: 25383
[2026-02-08T20:14:14.908Z] [Worker] Invalid magic word: 0xdeadbee0
[2026-02-08T20:14:14.914Z] [Worker] Invalid magic word: 0xdeadbee0
[2026-02-08T20:14:14.934Z] [Worker] Packet too small: 6 bytes (min: 12)
[2026-02-08T20:14:14.945Z] [Worker] Packet too small: 6 bytes (min: 12)
[2026-02-08T20:14:14.955Z] [Worker] Packet size mismatch. Expected: 112, received: 62
[2026-02-08T20:14:14.970Z] [Worker] Packet too small: 6 bytes (min: 12)
[2026-02-08T20:14:14.981Z] [Worker] Checksum mismatch. Expected: 25253, calculated: 25252
[2026-02-08T20:14:14.997Z] [Worker] Checksum mismatch. Expected: 25280, calculated: 25279
[2026-02-08T20:14:15.015Z] [Worker] Packet size mismatch. Expected: 4097, received: 4096
[2026-02-08T20:14:15.017Z] [Worker] Packet too small: 6 bytes (min: 12)
[2026-02-08T20:14:15.033Z] [Worker] Packet too small: 6 bytes (min: 12)
[2026-02-08T20:14:15.035Z] [Worker] Packet size mismatch. Expected: 112, received: 62
[2026-02-08T20:14:15.048Z] [Worker] Packet size mismatch. Expected: 4097, received: 4096
[2026-02-08T20:14:15.055Z] [Worker] Invalid magic word: 0xdeadbee0
[2026-02-08T20:14:15.057Z] [Worker] Packet too small: 6 bytes (min: 12)
[2026-02-08T20:14:15.069Z] [Worker] Checksum mismatch. Expected: 25397, calculated: 25396
[2026-02-08T20:14:15.072Z] [Worker] Checksum mismatch. Expected: 25403, calculated: 25402
[2026-02-08T20:14:15.091Z] [Worker] Checksum mismatch. Expected: 25433, calculated: 25432
[2026-02-08T20:14:15.115Z] [Worker] Packet too small: 6 bytes (min: 12)
[2026-02-08T20:14:15.128Z] [Worker] Packet size mismatch. Expected: 112, received: 62
[2026-02-08T20:14:15.143Z] [Worker] Packet too small: 6 bytes (min: 12)
[2026-02-08T20:14:15.153Z] [Worker] Packet size mismatch. Expected: 4097, received: 4096
[2026-02-08T20:14:15.158Z] [Worker] Checksum mismatch. Expected: 25290, calculated: 25289
[2026-02-08T20:14:15.166Z] [Worker] Packet size mismatch. Expected: 4097, received: 4096
[2026-02-08T20:14:15.171Z] [Worker] Packet too small: 6 bytes (min: 12)
[2026-02-08T20:14:15.177Z] [Worker] Packet too small: 6 bytes (min: 12)
[2026-02-08T20:14:15.188Z] [Worker] Checksum mismatch. Expected: 25338, calculated: 25337
[2026-02-08T20:14:15.197Z] [Worker] Invalid magic word: 0xdeadbee0
[2026-02-08T20:14:15.201Z] [Worker] Checksum mismatch. Expected: 25359, calculated: 25358
[2026-02-08T20:14:15.210Z] [Worker] Invalid magic word: 0xdeadbee0
[2026-02-08T20:14:15.216Z] [Worker] Packet too small: 6 bytes (min: 12)
[2026-02-08T20:14:15.239Z] [Worker] Packet size mismatch. Expected: 112, received: 62
[2026-02-08T20:14:15.269Z] [Worker] Packet size mismatch. Expected: 4097, received: 4096
[2026-02-08T20:14:15.272Z] [Worker] Checksum mismatch. Expected: 25221, calculated: 25220
[2026-02-08T20:14:15.305Z] [Worker] Packet too small: 6 bytes (min: 12)
[2026-02-08T20:14:15.319Z] [Worker] Packet too small: 6 bytes (min: 12)
[2026-02-08T20:14:15.335Z] [Worker] Invalid magic word: 0xdeadbee0
[2026-02-08T20:14:15.351Z] [Worker] Invalid magic word: 0xdeadbee0
[2026-02-08T20:14:15.356Z] [Worker] Packet too small: 6 bytes (min: 12)
[2026-02-08T20:14:15.372Z] [Worker] Packet size mismatch. Expected: 4097, received: 4096
[2026-02-08T20:14:15.391Z] [Worker] Packet too small: 6 bytes (min: 12)
[2026-02-08T20:14:15.397Z] [Worker] Packet too small: 6 bytes (min: 12)
[2026-02-08T20:14:15.401Z] [Worker] Invalid magic word: 0xdeadbee0
[2026-02-08T20:14:15.410Z] [Worker] Packet too small: 6 bytes (min: 12)
[2026-02-08T20:14:15.414Z] [Worker] Packet size mismatch. Expected: 4097, received: 4096
[2026-02-08T20:14:15.423Z] [Worker] Checksum mismatch. Expected: 25214, calculated: 25213
[2026-02-08T20:14:15.443Z] [Worker] Packet too small: 6 bytes (min: 12)
[2026-02-08T20:14:15.447Z] [Worker] Packet too small: 6 bytes (min: 12)
[2026-02-08T20:14:15.464Z] [Worker] Checksum mismatch. Expected: 25281, calculated: 25280
[2026-02-08T20:14:15.467Z] [Worker] Packet too small: 6 bytes (min: 12)
[2026-02-08T20:14:15.473Z] [Worker] Checksum mismatch. Expected: 25297, calculated: 25296
[2026-02-08T20:14:15.478Z] [Worker] Invalid magic word: 0xdeadbee0
[2026-02-08T20:14:15.490Z] [Worker] Packet size mismatch. Expected: 112, received: 62
[2026-02-08T20:14:15.507Z] [Worker] Packet size mismatch. Expected: 4097, received: 4096
[2026-02-08T20:14:15.509Z] [Worker] Invalid magic word: 0xdeadbee0
[2026-02-08T20:14:15.548Z] [Worker] Checksum mismatch. Expected: 25416, calculated: 25415
[2026-02-08T20:14:15.609Z] [Worker] Packet size mismatch. Expected: 112, received: 62
[2026-02-08T20:14:15.616Z] [Worker] Packet size mismatch. Expected: 4097, received: 4096
[2026-02-08T20:14:15.626Z] [Worker] Invalid magic word: 0xdeadbee0
[2026-02-08T20:14:15.626Z] [Worker] Packet size mismatch. Expected: 4097, received: 4096
[2026-02-08T20:14:15.635Z] [Worker] Invalid magic word: 0xdeadbee0
[2026-02-08T20:14:15.646Z] [Worker] Packet too small: 6 bytes (min: 12)
[2026-02-08T20:14:15.652Z] [Worker] Packet size mismatch. Expected: 112, received: 62
[2026-02-08T20:14:15.655Z] [Worker] Checksum mismatch. Expected: 25334, calculated: 25333
[2026-02-08T20:14:15.682Z] [Worker] Checksum mismatch. Expected: 25376, calculated: 25375
[2026-02-08T20:14:15.683Z] [Worker] Packet size mismatch. Expected: 4097, received: 4096
[2026-02-08T20:14:15.694Z] [Worker] Checksum mismatch. Expected: 25396, calculated: 25395
[2026-02-08T20:14:15.703Z] [Worker] Checksum mismatch. Expected: 25411, calculated: 25410
[2026-02-08T20:14:15.714Z] [Worker] Packet too small: 6 bytes (min: 12)
[2026-02-08T20:14:15.727Z] [Worker] Checksum mismatch. Expected: 25194, calculated: [2026-02-08T20:14:15.728Z] [Worker] Packet size mismatch. Expected: 4097, received: 4096
25193
[2026-02-08T20:14:15.730Z] [Worker] Packet too small: 6 bytes (min: 12)
[2026-02-08T20:14:15.734Z] [Worker] Packet size mismatch. Expected: 112, received: 62
[2026-02-08T20:14:15.737Z] [Worker] Packet size mismatch. Expected: 4097, received: 4096
[2026-02-08T20:14:15.744Z] [Worker] Invalid magic word: 0xdeadbee0
[2026-02-08T20:14:15.756Z] [Worker] Packet size mismatch. Expected: 112, received: 62
[2026-02-08T20:14:15.760Z] [Worker] Invalid magic word: 0xdeadbee0
[2026-02-08T20:14:15.762Z] [Worker] Invalid magic word: 0xdeadbee0
[2026-02-08T20:14:15.765Z] [Worker] Invalid magic word: 0xdeadbee0
[2026-02-08T20:14:15.774Z] [Worker] Packet size mismatch. Expected: 4097, received: 4096
[2026-02-08T20:14:15.777Z] [Worker] Invalid magic word: 0xdeadbee0
[2026-02-08T20:14:15.780Z] [Worker] Checksum mismatch. Expected: 25279, calculated: 25278
[2026-02-08T20:14:15.783Z] [Worker] Checksum mismatch. Expected: 25284, calculated: 25283
[2026-02-08T20:14:15.788Z] [Worker] Packet size mismatch. Expected: 112, received: 62
[2026-02-08T20:14:15.788Z] [Worker] Packet size mismatch. Expected: 112, received: 62
[2026-02-08T20:14:15.794Z] [Worker] Packet too small: 6 bytes (min: 12)
[2026-02-08T20:14:15.827Z] [Worker] Packet size mismatch. Expected: 4097, received: 4096
[2026-02-08T20:14:15.845Z] [Worker] Packet too small: 6 bytes (min: 12)
[2026-02-08T20:14:15.863Z] [Worker] Packet size mismatch. Expected: 112, received: 62
[2026-02-08T20:14:15.902Z] [Worker] Invalid magic word: 0xdeadbee0
[2026-02-08T20:14:15.914Z] [Worker] Packet too small: 6 bytes (min: 12)
[2026-02-08T20:14:15.923Z] [Worker] Packet size mismatch. Expected: 112, received: 62
[2026-02-08T20:14:15.926Z] [Worker] Packet size mismatch. Expected: 112, received: 62
[2026-02-08T20:14:15.927Z] [Worker] Invalid magic word: 0xdeadbee0
[2026-02-08T20:14:15.964Z] [Worker] Packet size mismatch. Expected: 112, received: 62
[2026-02-08T20:14:15.966Z] [Worker] Packet size mismatch. Expected: 112, received: 62
[2026-02-08T20:14:15.982Z] [Worker] Packet size mismatch. Expected: 112, received: 62
[2026-02-08T20:14:15.993Z] [Worker] Invalid magic word: 0xdeadbee0
[2026-02-08T20:14:16.019Z] [Worker] Packet too small: 6 bytes (min: 12)
[2026-02-08T20:14:16.028Z] [Worker] Packet size mismatch. Expected: 112, received: 62
[2026-02-08T20:14:16.035Z] [Worker] Packet size mismatch. Expected: 4097, received: 4096
[2026-02-08T20:14:16.050Z] [Worker] Packet size mismatch. Expected: 112, received: 62
[2026-02-08T20:14:16.057Z] [Worker] Checksum mismatch. Expected: 25219, calculated: 25218
[2026-02-08T20:14:16.065Z] [Worker] Packet size mismatch. Expected: 4097, received: 4096
[2026-02-08T20:14:16.078Z] [Worker] Packet size mismatch. Expected: 4097, received: 4096
[2026-02-08T20:14:16.082Z] [Worker] Checksum mismatch. Expected: 25261, calculated: 25260
[2026-02-08T20:14:16.095Z] [Worker] Packet size mismatch. Expected: 4097, received: 4096
[2026-02-08T20:14:16.124Z] [Worker] Invalid magic word: 0xdeadbee0
[2026-02-08T20:14:16.132Z] [Worker] Invalid magic word: 0xdeadbee0
[2026-02-08T20:14:16.142Z] [Worker] Packet too small: 6 bytes (min: 12)
[2026-02-08T20:14:16.145Z] [Worker] Packet size mismatch. Expected: 112, received: 62
[2026-02-08T20:14:16.167Z] [Worker] Packet too small: 6 bytes (min: 12)
[2026-02-08T20:14:16.181Z] [Worker] Checksum mismatch. Expected: 25427, calculated: 25426
[2026-02-08T20:14:16.182Z] [Worker] Packet too small: 6 bytes (min: 12)
[2026-02-08T20:14:16.187Z] [Worker] Checksum mismatch. Expected: 25437, calculated: 25436
[2026-02-08T20:14:16.239Z] [Worker] Checksum mismatch. Expected: 25270, calculated: 25269
[2026-02-08T20:14:16.265Z] [Worker] Packet size mismatch. Expected: 112, received: 62
[2026-02-08T20:14:16.275Z] [Worker] Packet size mismatch. Expected: 112, received: 62
[2026-02-08T20:14:16.276Z] [Worker] Invalid magic word: 0xdeadbee0
[2026-02-08T20:14:16.293Z] [Worker] Packet size mismatch. Expected: 4097, received: 4096
[2026-02-08T20:14:16.294Z] [Worker] Checksum mismatch. Expected: 25359, calculated: 25358
[2026-02-08T20:14:16.328Z] [Worker] Invalid magic word: 0xdeadbee0
[2026-02-08T20:14:16.329Z] [Worker] Checksum mismatch. Expected: 25418, calculated: 25417
[2026-02-08T20:14:16.332Z] [Worker] Packet size mismatch. Expected: 112, received: 62
[2026-02-08T20:14:16.335Z] [Worker] Packet size mismatch. Expected: 4097, received: 4096
[2026-02-08T20:14:16.351Z] [Worker] Packet too small: 6 bytes (min: 12)
[2026-02-08T20:14:16.362Z] [Worker] Packet size mismatch. Expected: 4097, received: 4096
[2026-02-08T20:14:16.381Z] [Worker] Packet size mismatch. Expected: 112, received: 62
[2026-02-08T20:14:16.390Z] [Worker] Packet size mismatch. Expected: 112, received: 62
[2026-02-08T20:14:16.412Z] [Worker] Packet too small: 6 bytes (min: 12)
[2026-02-08T20:14:16.420Z] [Worker] Invalid magic word: 0xdeadbee0
[2026-02-08T20:14:16.469Z] [Worker] Packet size mismatch. Expected: 112, received: 62
[2026-02-08T20:14:16.483Z] [Worker] Invalid magic word: 0xdeadbee0
[2026-02-08T20:14:16.496Z] [Worker] Packet size mismatch. Expected: 4097, received: 4096
[2026-02-08T20:14:16.498Z] [Worker] Checksum mismatch. Expected: 25443, calculated: 25442
[2026-02-08T20:14:16.515Z] [Worker] Packet too small: 6 bytes (min: 12)
[2026-02-08T20:14:16.517Z] [Worker] Invalid magic word: 0xdeadbee0
[2026-02-08T20:14:16.518Z] [Worker] Packet size mismatch. Expected: 4097, received: 4096
[2026-02-08T20:14:16.540Z] [Worker] Packet size mismatch. Expected: 112, received: 62
[2026-02-08T20:14:16.543Z] [Worker] Checksum mismatch. Expected: 25264, calculated: 25263
[2026-02-08T20:14:16.552Z] [Worker] Packet too small: 6 bytes (min: 12)
[2026-02-08T20:14:16.554Z] [Worker] Packet too small: 6 bytes (min: 12)
[2026-02-08T20:14:16.618Z] [Worker] Packet size mismatch. Expected: 4097, received: 4096
[2026-02-08T20:14:16.625Z] [Worker] Checksum mismatch. Expected: 25405, calculated: 25404
[2026-02-08T20:14:16.639Z] [Worker] Packet size mismatch. Expected: 112, received: 62
[2026-02-08T20:14:16.640Z] [Worker] Packet too small: 6 bytes (min: 12)
[2026-02-08T20:14:16.659Z] [Worker] Invalid magic word: 0xdeadbee0
[2026-02-08T20:14:16.663Z] [Worker] Packet size mismatch. Expected: 4097, received: 4096
[2026-02-08T20:14:16.669Z] [Worker] Packet size mismatch. Expected: 4097, received: 4096
[2026-02-08T20:14:16.670Z] [Worker] Invalid magic word: 0xdeadbee0
[2026-02-08T20:14:16.683Z] [Worker] Packet too small: 6 bytes (min: 12)
[2026-02-08T20:14:16.695Z] [Worker] Checksum mismatch. Expected: 25268, calculated: 25267
[2026-02-08T20:14:16.702Z] [Worker] Packet too small: 6 bytes (min: 12)
[2026-02-08T20:14:16.732Z] [Worker] Packet size mismatch. Expected: 112, received: 62
[2026-02-08T20:14:16.764Z] [Worker] Packet too small: 6 bytes (min: 12)
[2026-02-08T20:14:16.768Z] [Worker] Invalid magic word: 0xdeadbee0
[2026-02-08T20:14:16.769Z] [Worker] Invalid magic word: 0xdeadbee0
[2026-02-08T20:14:16.770Z] [Worker] Packet too small: 6 bytes (min: 12)
[2026-02-08T20:14:16.774Z] [Worker] Packet size mismatch. Expected: 4097, received: 4096
[2026-02-08T20:14:16.780Z] [Worker] Packet too small: 6 bytes (min: 12)
[2026-02-08T20:14:16.786Z] [Worker] Packet size mismatch. Expected: 112, received: 62
[2026-02-08T20:14:16.788Z] [Worker] Invalid magic word: 0xdeadbee0
[2026-02-08T20:14:16.790Z] [Worker] Packet too small: 6 bytes (min: 12)
[2026-02-08T20:14:16.793Z] [Worker] Invalid magic word: 0xdeadbee0
[2026-02-08T20:14:16.800Z] [Worker] Invalid magic word: 0xdeadbee0
[2026-02-08T20:14:16.830Z] [Worker] Packet size mismatch. Expected: 112, received: 62
[2026-02-08T20:14:16.833Z] [Worker] Packet too small: 6 bytes (min: 12)
[2026-02-08T20:14:16.838Z] [Worker] Packet size mismatch. Expected: 112, received: 62
[2026-02-08T20:14:16.844Z] [Worker] Packet too small: 6 bytes (min: 12)
[2026-02-08T20:14:16.855Z] [Worker] Packet size mismatch. Expected: 112, received: 62
[2026-02-08T20:14:16.857Z] [Worker] Packet size mismatch. Expected: 4097, received: 4096
[2026-02-08T20:14:16.875Z] [Worker] Packet size mismatch. Expected: 112, received: 62
[2026-02-08T20:14:16.881Z] [Worker] Packet size mismatch. Expected: 112, received: 62
[2026-02-08T20:14:16.898Z] [Worker] Packet size mismatch. Expected: 4097, received: 4096
[2026-02-08T20:14:16.901Z] [Worker] Invalid magic word: 0xdeadbee0
[2026-02-08T20:14:16.923Z] [Worker] Packet size mismatch. Expected: 112, received: 62
[2026-02-08T20:14:16.937Z] [Worker] Packet too small: 6 bytes (min: 12)
[2026-02-08T20:14:16.939Z] [Worker] Packet size mismatch. Expected: 112, received: 62
[2026-02-08T20:14:16.940Z] [Worker] Packet size mismatch. Expected: 4097, received: 4096
[2026-02-08T20:14:16.968Z] [Worker] Packet size mismatch. Expected: 112, received: 62
[2026-02-08T20:14:16.973Z] [Worker] Packet size mismatch. Expected: 112, received: 62
[2026-02-08T20:14:16.976Z] [Worker] Packet too small: 6 bytes (min: 12)
[2026-02-08T20:14:16.981Z] [Worker] Packet size mismatch. Expected: 112, received: 62
[2026-02-08T20:14:16.993Z] [Worker] Packet size mismatch. Expected: 112, received: 62
[2026-02-08T20:14:17.015Z] [Worker] Packet too small: 6 bytes (min: 12)
[2026-02-08T20:14:17.017Z] [Worker] Packet size mismatch. Expected: 112, received: 62
[2026-02-08T20:14:17.022Z] [Worker] Checksum mismatch. Expected: 25310, calculated: 25309
[2026-02-08T20:14:17.044Z] [Worker] Checksum mismatch. Expected: 25346, calculated: 25345
[2026-02-08T20:14:17.061Z] [Worker] Checksum mismatch. Expected: 25377, calculated: 25376
[2026-02-08T20:14:17.067Z] [Worker] Packet size mismatch. Expected: 4097, received: 4096
[2026-02-08T20:14:17.074Z] [Worker] Checksum mismatch. Expected: 25399, calculated: 25398
[2026-02-08T20:14:17.078Z] [Worker] Packet size mismatch. Expected: 112, received: 62
[2026-02-08T20:14:17.084Z] [Worker] Packet size mismatch. Expected: 112, received: 62
[2026-02-08T20:14:17.102Z] [Worker] Packet too small: 6 bytes (min: 12)
[2026-02-08T20:14:17.119Z] [Worker] Packet too small: 6 bytes (min: 12)
[2026-02-08T20:14:17.122Z] [Worker] Invalid magic word: 0xdeadbee0
[2026-02-08T20:14:17.139Z] [Worker] Packet size mismatch. Expected: 4097, received: 4096
[2026-02-08T20:14:17.141Z] [Worker] Checksum mismatch. Expected: 25255, calculated: 25254
[2026-02-08T20:14:17.148Z] [Worker] Checksum mismatch. Expected: 25267, calculated: 25266
[2026-02-08T20:14:17.158Z] [Worker] Packet too small: 6 bytes (min: 12)
[2026-02-08T20:14:17.162Z] [Worker] Invalid magic word: 0xdeadbee0
[2026-02-08T20:14:17.166Z] [Worker] Invalid magic word: 0xdeadbee0
[2026-02-08T20:14:17.169Z] [Worker] Packet size mismatch. Expected: 112, received: 62
[2026-02-08T20:14:17.174Z] [Worker] Invalid magic word: 0xdeadbee0
[2026-02-08T20:14:17.193Z] [Worker] Invalid magic word: 0xdeadbee0
[2026-02-08T20:14:17.216Z] [Worker] Packet size mismatch. Expected: 112, received: 62
[2026-02-08T20:14:17.221Z] [Worker] Checksum mismatch. Expected: 25388, calculated: 25387
[2026-02-08T20:14:17.227Z] [Worker] Packet size mismatch. Expected: 4097, received: 4096
[2026-02-08T20:14:17.239Z] [Worker] Packet size mismatch. Expected: 4097, received: 4096
[2026-02-08T20:14:17.251Z] [Worker] Checksum mismatch. Expected: 25440, calculated: 25439
[2026-02-08T20:14:17.284Z] [Worker] Invalid magic word: 0xdeadbee0
[2026-02-08T20:14:17.288Z] [Worker] Invalid magic word: 0xdeadbee0
[2026-02-08T20:14:17.301Z] [Worker] Packet too small: 6 bytes (min: 12)
[2026-02-08T20:14:17.302Z] [Worker] Checksum mismatch. Expected: 25270, calculated: 25269
[2026-02-08T20:14:17.305Z] [Worker] Checksum mismatch. Expected: 25276, calculated: 25275
[2026-02-08T20:14:17.321Z] [Worker] Invalid magic word: 0xdeadbee0
[2026-02-08T20:14:17.344Z] [Worker] Packet too small: 6 bytes (min: 12)
[2026-02-08T20:14:17.353Z] [Worker] Packet too small: 6 bytes (min: 12)
[2026-02-08T20:14:17.364Z] [Worker] Invalid magic word: 0xdeadbee0
[2026-02-08T20:14:17.400Z] [Worker] Packet size mismatch. Expected: 112, received: 62
[2026-02-08T20:14:17.421Z] [Worker] Packet size mismatch. Expected: 112, received: 62
[2026-02-08T20:14:17.427Z] [Worker] Checksum mismatch. Expected: 25226, calculated: 25225
[2026-02-08T20:14:17.431Z] [Worker] Packet too small: 6 bytes (min: 12)
[2026-02-08T20:14:17.443Z] [Worker] Packet too small: 6 bytes (min: 12)
[2026-02-08T20:14:17.493Z] [Worker] Packet size mismatch. Expected: 4097, received: 4096
[2026-02-08T20:14:17.507Z] [Worker] Invalid magic word: 0xdeadbee0
[2026-02-08T20:14:17.516Z] [Worker] Invalid magic word: 0xdeadbee0
[2026-02-08T20:14:17.519Z] [Worker] Invalid magic word: 0xdeadbee0
[2026-02-08T20:14:17.536Z] [Worker] Invalid magic word: 0xdeadbee0
[2026-02-08T20:14:17.540Z] [Worker] Checksum mismatch. Expected: 25414, calculated: 25413
[2026-02-08T20:14:17.542Z] [Worker] Packet size mismatch. Expected: 112, received: 62
[2026-02-08T20:14:17.543Z] [Worker] Packet size mismatch. Expected: 112, received: 62
[2026-02-08T20:14:17.552Z] [Worker] Packet too small: 6 bytes (min: 12)
[2026-02-08T20:14:17.556Z] [Worker] Packet too small: 6 bytes (min: 12)
[2026-02-08T20:14:17.559Z] [Worker] Checksum mismatch. Expected: 25446, calculated: 25445
[2026-02-08T20:14:17.577Z] [Worker] Packet size mismatch. Expected: 4097, received: 4096
[2026-02-08T20:14:17.584Z] [Worker] Packet too small: 6 bytes (min: 12)
[2026-02-08T20:14:17.586Z] [Worker] Packet too small: 6 bytes (min: 12)
[2026-02-08T20:14:17.602Z] [Worker] Checksum mismatch. Expected: 25261, calculated: 25260
[2026-02-08T20:14:17.602Z] [Worker] Packet size mismatch. Expected: 4097, received: 4096
[2026-02-08T20:14:17.619Z] [Worker] Packet size mismatch. Expected: 4097, received: 4096
[2026-02-08T20:14:17.629Z] [Worker] Checksum mismatch. Expected: 25306, calculated: 25305
[2026-02-08T20:14:17.635Z] [Worker] Packet size mismatch. Expected: 112, received: 62
[2026-02-08T20:14:17.637Z] [Worker] Packet size mismatch. Expected: 4097, received: 4096
[2026-02-08T20:14:17.646Z] [Worker] Packet size mismatch. Expected: 4097, received: 4096
[2026-02-08T20:14:17.674Z] [Worker] Invalid magic word: 0xdeadbee0
[2026-02-08T20:14:17.697Z] [Worker] Checksum mismatch. Expected: 25421, calculated: 25420
[2026-02-08T20:14:17.707Z] [Worker] Checksum mismatch. Expected: 25438, calculated: 25437
[2026-02-08T20:14:17.713Z] [Worker] Invalid magic word: 0xdeadbee0
[2026-02-08T20:14:17.721Z] [Worker] Packet size mismatch. Expected: 112, received: 62
[2026-02-08T20:14:17.728Z] [Worker] Packet size mismatch. Expected: 112, received: 62
[2026-02-08T20:14:17.743Z] [Worker] Invalid magic word: 0xdeadbee0
[2026-02-08T20:14:17.746Z] [Worker] Packet size mismatch. Expected: 4097, received: 4096
[2026-02-08T20:14:17.747Z] [Worker] Invalid magic word: 0xdeadbee0
[2026-02-08T20:14:17.791Z] [Worker] Packet too small: 6 bytes (min: 12)
[2026-02-08T20:14:17.795Z] [Worker] Packet size mismatch. Expected: 112, received: 62
[2026-02-08T20:14:17.816Z] [Worker] Packet size mismatch. Expected: 112, received: 62
[2026-02-08T20:14:17.826Z] [Worker] Invalid magic word: 0xdeadbee0
[2026-02-08T20:14:17.830Z] [Worker] Checksum mismatch. Expected: 25385, calculated: 25384
[2026-02-08T20:14:17.841Z] [Worker] Packet size mismatch. Expected: 112, received: 62
[2026-02-08T20:14:17.848Z] [Worker] Packet too small: 6 bytes (min: 12)
[2026-02-08T20:14:17.850Z] [Worker] Packet size mismatch. Expected: 4097, received: 4096
[2026-02-08T20:14:17.852Z] [Worker] Packet too small: 6 bytes (min: 12)
[2026-02-08T20:14:17.854Z] [Worker] Packet too small: 6 bytes (min: 12)
[2026-02-08T20:14:17.888Z] [Worker] Packet size mismatch. Expected: 4097, received: 4096
[2026-02-08T20:14:17.895Z] [Worker] Checksum mismatch. Expected: 25209, calculated: 25208
[2026-02-08T20:14:17.895Z] [Worker] Invalid magic word: 0xdeadbee0
[2026-02-08T20:14:17.901Z] [Worker] Packet too small: 6 bytes (min: 12)
[2026-02-08T20:14:17.901Z] [Worker] Packet size mismatch. Expected: 112, received: 62
[2026-02-08T20:14:17.903Z] [Worker] Packet size mismatch. Expected: 112, received: 62
[2026-02-08T20:14:17.937Z] [Worker] Packet size mismatch. Expected: 112, received: 62
[2026-02-08T20:14:17.938Z] [Worker] Checksum mismatch. Expected: 25281, calculated: 25280
[2026-02-08T20:14:17.939Z] [Worker] Invalid magic word: 0xdeadbee0
[2026-02-08T20:14:17.952Z] [Worker] Packet size mismatch. Expected: 112, received: 62
[2026-02-08T20:14:17.966Z] [Worker] Checksum mismatch. Expected: 25329, calculated: 25328
[2026-02-08T20:14:17.983Z] [Worker] Checksum mismatch. Expected: 25357, calculated: 25356
[2026-02-08T20:14:17.986Z] [Worker] Checksum mismatch. Expected: 25363, calculated: 25362
[2026-02-08T20:14:17.999Z] [Worker] Invalid magic word: 0xdeadbee0
[2026-02-08T20:14:18.049Z] [Worker] Packet size mismatch. Expected: 112, received: 62
[2026-02-08T20:14:18.075Z] [Worker] Packet size mismatch. Expected: 112, received: 62
[2026-02-08T20:14:18.098Z] [Worker] Packet size mismatch. Expected: 4097, received: 4096
[2026-02-08T20:14:18.112Z] [Worker] Invalid magic word: 0xdeadbee0
[2026-02-08T20:14:18.121Z] [Worker] Packet size mismatch. Expected: 112, received: 62
[2026-02-08T20:14:18.129Z] [Worker] Checksum mismatch. Expected: 25341, calculated: 25340
[2026-02-08T20:14:18.139Z] [Worker] Packet size mismatch. Expected: 112, received: 62
[2026-02-08T20:14:18.141Z] [Worker] Invalid magic word: 0xdeadbee0
[2026-02-08T20:14:18.149Z] [Worker] Invalid magic word: 0xdeadbee0
[2026-02-08T20:14:18.170Z] [Worker] Checksum mismatch. Expected: 25408, calculated: 25407
[2026-02-08T20:14:18.185Z] [Worker] Checksum mismatch. Expected: 25433, calculated: 25432
[2026-02-08T20:14:18.188Z] [Worker] Packet size mismatch. Expected: 112, received: 62
[2026-02-08T20:14:18.204Z] [Worker] Invalid magic word: 0xdeadbee0
[2026-02-08T20:14:18.215Z] [Worker] Checksum mismatch. Expected: 25228, calculated: 25227

--- Client run statistics (2026-02-08 13:14:18) ---
  Total packets sent: 21033
  Valid (good): 19920 (94.71%)
  Invalid (drop): 1113 (5.29%)
  Invalid breakdown (% of total invalid, count/total):
    - Magic word: 19.6% (218/1113)
    - Checksum: 19.6% (218/1113)
    - Too small: 19.2% (214/1113)
    - Too large: 18.6% (207/1113)
    - Size mismatch: 23.0% (256/1113)
  INVALID_BREAKDOWN magic=218 checksum=218 too_small=214 too_large=207 size_mismatch=256
  Time: 13.00s, Avg rate: 1617.90 pps
